AMB1G2023,AMB1 G2023-CF,F2:AMB1\G23,AMB1,20230301
AMB1H2023,AMB1 H2023-CF,F2:AMB1\H23,AMB1,20230403
AMB1J2023,AMB1 J2023-CF,F2:AMB1\J23,AMB1,20230501
AMB1K2023,AMB1 K2023-CF,F2:AMB1\K23,AMB1,20230601
AMB1M2023,AMB1 M2023-CF,F2:AMB1\M23,AMB1,20230703
AMB1N2023,AMB1 N2023-CF,F2:AMB1\N23,AMB1,20230801
AMB1Q2023,AMB1 Q2023-CF,F2:AMB1\Q23,AMB1,20230901
AMB1U2023,AMB1 U2023-CF,F2:AMB1\U23,AMB1,20231002
AMB1V2023,AMB1 V2023-CF,F2:AMB1\V23,AMB1,20231101
AMB1X2023,AMB1 X2023-CF,F2:AMB1\X23,AMB1,20231201
AMB1Z2023,AMB1 Z2023-CF,F2:AMB1\Z23,AMB1,20240102
AMB1F2024,AMB1 F2024-CF,F2:AMB1\F24,AMB1,20240201
AMB1G2024,AMB1 G2024-CF,F2:AMB1\G24,AMB1,20240301
AMB1H2024,AMB1 H2024-CF,F2:AMB1\H24,AMB1,20240401
AMB1J2024,AMB1 J2024-CF,F2:AMB1\J24,AMB1,20240501
AMB1K2024,AMB1 K2024-CF,F2:AMB1\K24,AMB1,20240603
AMB1M2024,AMB1 M2024-CF,F2:AMB1\M24,AMB1,20240701
AMB1N2024,AMB1 N2024-CF,F2:AMB1\N24,AMB1,20240801
AMT1G2023,AMT1 G2023-CF,F2:AMT1\G23,AMT1,20230213
AMT1H2023,AMT1 H2023-CF,F2:AMT1\H23,AMT1,20230313
AMT1J2023,AMT1 J2023-CF,F2:AMT1\J23,AMT1,20230417
AMT1K2023,AMT1 K2023-CF,F2:AMT1\K23,AMT1,20230515
AMT1M2023,AMT1 M2023-CF,F2:AMT1\M23,AMT1,20230620
AMT1N2023,AMT1 N2023-CF,F2:AMT1\N23,AMT1,20230717
AMT1Q2023,AMT1 Q2023-CF,F2:AMT1\Q23,AMT1,20230814
AMT1U2023,AMT1 U2023-CF,F2:AMT1\U23,AMT1,20230918
AMT1V2023,AMT1 V2023-CF,F2:AMT1\V23,AMT1,20231016
AMT1X2023,AMT1 X2023-CF,F2:AMT1\X23,AMT1,20231113
AMT1Z2023,AMT1 Z2023-CF,F2:AMT1\Z23,AMT1,20231218
AMT1F2024,AMT1 F2024-CF,F2:AMT1\F24,AMT1,20240116
AMT1G2024,AMT1 G2024-CF,F2:AMT1\G24,AMT1,20240220
AMT1H2024,AMT1 H2024-CF,F2:AMT1\H24,AMT1,20240318
AMT1J2024,AMT1 J2024-CF,F2:AMT1\J24,AMT1,20240415
AMT1K2024,AMT1 K2024-CF,F2:AMT1\K24,AMT1,20240513
AMT1M2024,AMT1 M2024-CF,F2:AMT1\M24,AMT1,20240617
AMT1N2024,AMT1 N2024-CF,F2:AMT1\N24,AMT1,20240715
AMT1Q2024,AMT1 Q2024-CF,F2:AMT1\Q24,AMT1,20240819
AMT1U2024,AMT1 U2024-CF,F2:AMT1\U24,AMT1,20240916
AMT1V2024,AMT1 V2024-CF,F2:AMT1\V24,AMT1,20241015
AMT1X2024,AMT1 X2024-CF,F2:AMT1\X24,AMT1,20241118
AMT1Z2024,AMT1 Z2024-CF,F2:AMT1\Z24,AMT1,20241216
AMT1F2025,AMT1 F2025-CF,F2:AMT1\F25,AMT1,20250113
AMT1G2025,AMT1 G2025-CF,F2:AMT1\G25,AMT1,20250218
AMT1H2025,AMT1 H2025-CF,F2:AMT1\H25,AMT1,20250317
AMT1J2025,AMT1 J2025-CF,F2:AMT1\J25,AMT1,20250414
AMT1K2025,AMT1 K2025-CF,F2:AMT1\K25,AMT1,20250519
AMT1M2025,AMT1 M2025-CF,F2:AMT1\M25,AMT1,20250616
AMT1N2025,AMT1 N2025-CF,F2:AMT1\N25,AMT1,20250714
AMT1Q2025,AMT1 Q2025-CF,F2:AMT1\Q25,AMT1,20250818
AMT3H2023,AMT3 H2023-CF,F2:AMT3\H23,AMT3,20230313
AMT3M2023,AMT3 M2023-CF,F2:AMT3\M23,AMT3,20230620
AMT3U2023,AMT3 U2023-CF,F2:AMT3\U23,AMT3,20230918
AMT3Z2023,AMT3 Z2023-CF,F2:AMT3\Z23,AMT3,20231218
AMT3H2024,AMT3 H2024-CF,F2:AMT3\H24,AMT3,20240318
AMT3M2024,AMT3 M2024-CF,F2:AMT3\M24,AMT3,20240617
AMT3U2024,AMT3 U2024-CF,F2:AMT3\U24,AMT3,20240916
AMT3Z2024,AMT3 Z2024-CF,F2:AMT3\Z24,AMT3,20241216
AMT3H2025,AMT3 H2025-CF,F2:AMT3\H25,AMT3,20250317
AMT3M2025,AMT3 M2025-CF,F2:AMT3\M25,AMT3,20250616
IBHYU2019,IBHY U2019-CF,F2:IBHY\U19,IBHY,20190903
IBHYV2019,IBHY V2019-CF,F2:IBHY\V19,IBHY,20191001
IBHYX2019,IBHY X2019-CF,F2:IBHY\X19,IBHY,20191101
IBHYZ2019,IBHY Z2019-CF,F2:IBHY\Z19,IBHY,20191202
IBHYF2020,IBHY F2020-CF,F2:IBHY\F20,IBHY,20200102
IBHYG2020,IBHY G2020-CF,F2:IBHY\G20,IBHY,20200203
IBHYH2020,IBHY H2020-CF,F2:IBHY\H20,IBHY,20200302
IBHYJ2020,IBHY J2020-CF,F2:IBHY\J20,IBHY,20200401
IBHYK2020,IBHY K2020-CF,F2:IBHY\K20,IBHY,20200501
IBHYM2020,IBHY M2020-CF,F2:IBHY\M20,IBHY,20200601
IBHYN2020,IBHY N2020-CF,F2:IBHY\N20,IBHY,20200701
IBHYQ2020,IBHY Q2020-CF,F2:IBHY\Q20,IBHY,20200803
IBHYU2020,IBHY U2020-CF,F2:IBHY\U20,IBHY,20200901
IBHYV2020,IBHY V2020-CF,F2:IBHY\V20,IBHY,20201001
IBHYX2020,IBHY X2020-CF,F2:IBHY\X20,IBHY,20201102
IBHYZ2020,IBHY Z2020-CF,F2:IBHY\Z20,IBHY,20201201
IBHYF2021,IBHY F2021-CF,F2:IBHY\F21,IBHY,20210104
IBHYG2021,IBHY G2021-CF,F2:IBHY\G21,IBHY,20210201
IBHYH2021,IBHY H2021-CF,F2:IBHY\H21,IBHY,20210301
IBHYJ2021,IBHY J2021-CF,F2:IBHY\J21,IBHY,20210401
IBHYK2021,IBHY K2021-CF,F2:IBHY\K21,IBHY,20210503
IBHYM2021,IBHY M2021-CF,F2:IBHY\M21,IBHY,20210601
IBHYN2021,IBHY N2021-CF,F2:IBHY\N21,IBHY,20210701
IBHYQ2021,IBHY Q2021-CF,F2:IBHY\Q21,IBHY,20210802
IBHYU2021,IBHY U2021-CF,F2:IBHY\U21,IBHY,20210901
IBHYV2021,IBHY V2021-CF,F2:IBHY\V21,IBHY,20211001
IBHYX2021,IBHY X2021-CF,F2:IBHY\X21,IBHY,20211101
IBHYZ2021,IBHY Z2021-CF,F2:IBHY\Z21,IBHY,20211201
IBHYF2022,IBHY F2022-CF,F2:IBHY\F22,IBHY,20220103
IBHYG2022,IBHY G2022-CF,F2:IBHY\G22,IBHY,20220201
IBHYH2022,IBHY H2022-CF,F2:IBHY\H22,IBHY,20220301
IBHYJ2022,IBHY J2022-CF,F2:IBHY\J22,IBHY,20220401
IBHYK2022,IBHY K2022-CF,F2:IBHY\K22,IBHY,20220502
IBHYM2022,IBHY M2022-CF,F2:IBHY\M22,IBHY,20220601
IBHYN2022,IBHY N2022-CF,F2:IBHY\N22,IBHY,20220701
IBHYQ2022,IBHY Q2022-CF,F2:IBHY\Q22,IBHY,20220801
IBHYU2022,IBHY U2022-CF,F2:IBHY\U22,IBHY,20220901
IBHYV2022,IBHY V2022-CF,F2:IBHY\V22,IBHY,20221003
IBHYX2022,IBHY X2022-CF,F2:IBHY\X22,IBHY,20221101
IBHYZ2022,IBHY Z2022-CF,F2:IBHY\Z22,IBHY,20221201
IBHYF2023,IBHY F2023-CF,F2:IBHY\F23,IBHY,20230103
IBHYG2023,IBHY G2023-CF,F2:IBHY\G23,IBHY,20230201
IBHYH2023,IBHY H2023-CF,F2:IBHY\H23,IBHY,20230301
IBHYJ2023,IBHY J2023-CF,F2:IBHY\J23,IBHY,20230403
IBHYK2023,IBHY K2023-CF,F2:IBHY\K23,IBHY,20230501
IBHYM2023,IBHY M2023-CF,F2:IBHY\M23,IBHY,20230601
IBHYU2023,IBHY U2023-CF,F2:IBHY\U23,IBHY,20230901
IBHYTH2023,IBHYT H2023-CF,F2:IBHYT\H23,IBHYT,20230301
IBHYTJ2023,IBHYT J2023-CF,F2:IBHYT\J23,IBHYT,20230403
IBHYTK2023,IBHYT K2023-CF,F2:IBHYT\K23,IBHYT,20230501
IBHYTM2023,IBHYT M2023-CF,F2:IBHYT\M23,IBHYT,20230601
IBIGU2019,IBIG U2019-CF,F2:IBIG\U19,IBIG,20190903
IBIGV2019,IBIG V2019-CF,F2:IBIG\V19,IBIG,20191001
IBIGX2019,IBIG X2019-CF,F2:IBIG\X19,IBIG,20191101
IBIGZ2019,IBIG Z2019-CF,F2:IBIG\Z19,IBIG,20191202
IBIGF2020,IBIG F2020-CF,F2:IBIG\F20,IBIG,20200102
IBIGG2020,IBIG G2020-CF,F2:IBIG\G20,IBIG,20200203
IBIGH2020,IBIG H2020-CF,F2:IBIG\H20,IBIG,20200302
IBIGJ2020,IBIG J2020-CF,F2:IBIG\J20,IBIG,20200401
IBIGK2020,IBIG K2020-CF,F2:IBIG\K20,IBIG,20200501
IBIGM2020,IBIG M2020-CF,F2:IBIG\M20,IBIG,20200601
IBIGN2020,IBIG N2020-CF,F2:IBIG\N20,IBIG,20200701
IBIGQ2020,IBIG Q2020-CF,F2:IBIG\Q20,IBIG,20200803
IBIGU2020,IBIG U2020-CF,F2:IBIG\U20,IBIG,20200901
IBIGV2020,IBIG V2020-CF,F2:IBIG\V20,IBIG,20201001
IBIGX2020,IBIG X2020-CF,F2:IBIG\X20,IBIG,20201102
IBIGZ2020,IBIG Z2020-CF,F2:IBIG\Z20,IBIG,20201201
IBIGF2021,IBIG F2021-CF,F2:IBIG\F21,IBIG,20210104
IBIGG2021,IBIG G2021-CF,F2:IBIG\G21,IBIG,20210201
IBIGH2021,IBIG H2021-CF,F2:IBIG\H21,IBIG,20210301
IBIGJ2021,IBIG J2021-CF,F2:IBIG\J21,IBIG,20210401
IBIGK2021,IBIG K2021-CF,F2:IBIG\K21,IBIG,20210503
IBIGM2021,IBIG M2021-CF,F2:IBIG\M21,IBIG,20210601
IBIGN2021,IBIG N2021-CF,F2:IBIG\N21,IBIG,20210701
IBIGQ2021,IBIG Q2021-CF,F2:IBIG\Q21,IBIG,20210802
IBIGU2021,IBIG U2021-CF,F2:IBIG\U21,IBIG,20210901
IBIGV2021,IBIG V2021-CF,F2:IBIG\V21,IBIG,20211001
IBIGX2021,IBIG X2021-CF,F2:IBIG\X21,IBIG,20211101
IBIGZ2021,IBIG Z2021-CF,F2:IBIG\Z21,IBIG,20211201
IBIGF2022,IBIG F2022-CF,F2:IBIG\F22,IBIG,20220103
IBIGG2022,IBIG G2022-CF,F2:IBIG\G22,IBIG,20220201
IBIGH2022,IBIG H2022-CF,F2:IBIG\H22,IBIG,20220301
IBIGJ2022,IBIG J2022-CF,F2:IBIG\J22,IBIG,20220401
IBIGK2022,IBIG K2022-CF,F2:IBIG\K22,IBIG,20220502
IBIGM2022,IBIG M2022-CF,F2:IBIG\M22,IBIG,20220601
IBIGN2022,IBIG N2022-CF,F2:IBIG\N22,IBIG,20220701
IBIGQ2022,IBIG Q2022-CF,F2:IBIG\Q22,IBIG,20220801
IBIGU2022,IBIG U2022-CF,F2:IBIG\U22,IBIG,20220901
IBIGV2022,IBIG V2022-CF,F2:IBIG\V22,IBIG,20221003
IBIGX2022,IBIG X2022-CF,F2:IBIG\X22,IBIG,20221101
IBIGZ2022,IBIG Z2022-CF,F2:IBIG\Z22,IBIG,20221201
IBIGF2023,IBIG F2023-CF,F2:IBIG\F23,IBIG,20230103
IBIGG2023,IBIG G2023-CF,F2:IBIG\G23,IBIG,20230201
IBIGH2023,IBIG H2023-CF,F2:IBIG\H23,IBIG,20230301
IBIGJ2023,IBIG J2023-CF,F2:IBIG\J23,IBIG,20230403
IBIGK2023,IBIG K2023-CF,F2:IBIG\K23,IBIG,20230501
IBIGM2023,IBIG M2023-CF,F2:IBIG\M23,IBIG,20230601
IBIGU2023,IBIG U2023-CF,F2:IBIG\U23,IBIG,20230901
IBIGTH2023,IBIGT H2023-CF,F2:IBIGT\H23,IBIGT,20230301
IBIGTJ2023,IBIGT J2023-CF,F2:IBIGT\J23,IBIGT,20230403
IBIGTK2023,IBIGT K2023-CF,F2:IBIGT\K23,IBIGT,20230501
IBIGTM2023,IBIGT M2023-CF,F2:IBIGT\M23,IBIGT,20230601
VAU2008,VA U2008-CF,F2:VA\U08,VA,20080918
VAZ2008,VA Z2008-CF,F2:VA\Z08,VA,20081218
VAH2009,VA H2009-CF,F2:VA\H09,VA,20090319
VAM2009,VA M2009-CF,F2:VA\M09,VA,20090618
VAU2009,VA U2009-CF,F2:VA\U09,VA,20090917
VAZ2009,VA Z2009-CF,F2:VA\Z09,VA,20091217
VAH2010,VA H2010-CF,F2:VA\H10,VA,20100318
VAM2010,VA M2010-CF,F2:VA\M10,VA,20100617
VAU2010,VA U2010-CF,F2:VA\U10,VA,20100916
VAZ2010,VA Z2010-CF,F2:VA\Z10,VA,20101216
VAH2011,VA H2011-CF,F2:VA\H11,VA,20110317
VAX2012,VA X2012-CF,F2:VA\X12,VA,20121130
VAZ2012,VA Z2012-CF,F2:VA\Z12,VA,20121220
VAF2013,VA F2013-CF,F2:VA\F13,VA,20130118
VAG2013,VA G2013-CF,F2:VA\G13,VA,20130215
VAH2013,VA H2013-CF,F2:VA\H13,VA,20130315
VAM2013,VA M2013-CF,F2:VA\M13,VA,20130621
VAN2013,VA N2013-CF,F2:VA\N13,VA,20130719
VAQ2013,VA Q2013-CF,F2:VA\Q13,VA,20130816
VAU2013,VA U2013-CF,F2:VA\U13,VA,20130920
VAV2013,VA V2013-CF,F2:VA\V13,VA,20131018
VAX2013,VA X2013-CF,F2:VA\X13,VA,20131115
VAZ2013,VA Z2013-CF,F2:VA\Z13,VA,20131220
VAF2014,VA F2014-CF,F2:VA\F14,VA,20140117
VAG2014,VA G2014-CF,F2:VA\G14,VA,20140221
VAH2014,VA H2014-CF,F2:VA\H14,VA,20140321
VAJ2014,VA J2014-CF,F2:VA\J14,VA,20140418
VAK2014,VA K2014-CF,F2:VA\K14,VA,20140516
VAM2014,VA M2014-CF,F2:VA\M14,VA,20140620
VAN2014,VA N2014-CF,F2:VA\N14,VA,20140718
VAQ2014,VA Q2014-CF,F2:VA\Q14,VA,20140815
VAU2014,VA U2014-CF,F2:VA\U14,VA,20140919
VAV2014,VA V2014-CF,F2:VA\V14,VA,20141017
VAX2014,VA X2014-CF,F2:VA\X14,VA,20141121
VAZ2014,VA Z2014-CF,F2:VA\Z14,VA,20141219
VAF2015,VA F2015-CF,F2:VA\F15,VA,20150116
VAG2015,VA G2015-CF,F2:VA\G15,VA,20150220
VAH2015,VA H2015-CF,F2:VA\H15,VA,20150320
VAJ2015,VA J2015-CF,F2:VA\J15,VA,20150417
VAK2015,VA K2015-CF,F2:VA\K15,VA,20150515
VAM2015,VA M2015-CF,F2:VA\M15,VA,20150619
VAN2015,VA N2015-CF,F2:VA\N15,VA,20150717
VAQ2015,VA Q2015-CF,F2:VA\Q15,VA,20150821
VAU2015,VA U2015-CF,F2:VA\U15,VA,20150918
VAV2015,VA V2015-CF,F2:VA\V15,VA,20151016
VAX2015,VA X2015-CF,F2:VA\X15,VA,20151120
VAZ2015,VA Z2015-CF,F2:VA\Z15,VA,20151218
VAF2016,VA F2016-CF,F2:VA\F16,VA,20160115
VAG2016,VA G2016-CF,F2:VA\G16,VA,20160219
VAH2016,VA H2016-CF,F2:VA\H16,VA,20160318
VAJ2016,VA J2016-CF,F2:VA\J16,VA,20160415
VAK2016,VA K2016-CF,F2:VA\K16,VA,20160520
VAM2016,VA M2016-CF,F2:VA\M16,VA,20160617
VAN2016,VA N2016-CF,F2:VA\N16,VA,20160715
VAQ2016,VA Q2016-CF,F2:VA\Q16,VA,20160819
VAU2016,VA U2016-CF,F2:VA\U16,VA,20160916
VAV2016,VA V2016-CF,F2:VA\V16,VA,20161021
VAX2016,VA X2016-CF,F2:VA\X16,VA,20161118
VAZ2016,VA Z2016-CF,F2:VA\Z16,VA,20161216
VAF2017,VA F2017-CF,F2:VA\F17,VA,20170120
VAG2017,VA G2017-CF,F2:VA\G17,VA,20170217
VAH2017,VA H2017-CF,F2:VA\H17,VA,20170317
VAJ2017,VA J2017-CF,F2:VA\J17,VA,20170421
VAK2017,VA K2017-CF,F2:VA\K17,VA,20170519
VAM2017,VA M2017-CF,F2:VA\M17,VA,20170616
VAN2017,VA N2017-CF,F2:VA\N17,VA,20170721
VAQ2017,VA Q2017-CF,F2:VA\Q17,VA,20170818
VAU2017,VA U2017-CF,F2:VA\U17,VA,20170915
VAV2017,VA V2017-CF,F2:VA\V17,VA,20171020
VAX2017,VA X2017-CF,F2:VA\X17,VA,20171117
VAZ2017,VA Z2017-CF,F2:VA\Z17,VA,20171215
VAF2018,VA F2018-CF,F2:VA\F18,VA,20180119
VAG2018,VA G2018-CF,F2:VA\G18,VA,20180216
VAH2018,VA H2018-CF,F2:VA\H18,VA,20180316
VAJ2018,VA J2018-CF,F2:VA\J18,VA,20180420
VAK2018,VA K2018-CF,F2:VA\K18,VA,20180518
VAM2018,VA M2018-CF,F2:VA\M18,VA,20180615
VAN2018,VA N2018-CF,F2:VA\N18,VA,20180720
VAQ2018,VA Q2018-CF,F2:VA\Q18,VA,20180817
VAU2018,VA U2018-CF,F2:VA\U18,VA,20180921
VAV2018,VA V2018-CF,F2:VA\V18,VA,20181019
VAX2018,VA X2018-CF,F2:VA\X18,VA,20181116
VAZ2018,VA Z2018-CF,F2:VA\Z18,VA,20181221
VAF2019,VA F2019-CF,F2:VA\F19,VA,20190118
VAG2019,VA G2019-CF,F2:VA\G19,VA,20190215
VAH2019,VA H2019-CF,F2:VA\H19,VA,20190315
VAJ2019,VA J2019-CF,F2:VA\J19,VA,20190418
VAK2019,VA K2019-CF,F2:VA\K19,VA,20190516
VAM2019,VA M2019-CF,F2:VA\M19,VA,20190621
VAN2019,VA N2019-CF,F2:VA\N19,VA,20190719
VAQ2019,VA Q2019-CF,F2:VA\Q19,VA,20190816
VAU2019,VA U2019-CF,F2:VA\U19,VA,20190920
VAV2019,VA V2019-CF,F2:VA\V19,VA,20191018
VAX2019,VA X2019-CF,F2:VA\X19,VA,20191115
VAZ2019,VA Z2019-CF,F2:VA\Z19,VA,20191220
VAF2020,VA F2020-CF,F2:VA\F20,VA,20200117
VAG2020,VA G2020-CF,F2:VA\G20,VA,20200221
VAH2020,VA H2020-CF,F2:VA\H20,VA,20200320
VAJ2020,VA J2020-CF,F2:VA\J20,VA,20200417
VAK2020,VA K2020-CF,F2:VA\K20,VA,20200515
VAM2020,VA M2020-CF,F2:VA\M20,VA,20200619
VAN2020,VA N2020-CF,F2:VA\N20,VA,20200717
VAQ2020,VA Q2020-CF,F2:VA\Q20,VA,20200821
VAU2020,VA U2020-CF,F2:VA\U20,VA,20200918
VAV2020,VA V2020-CF,F2:VA\V20,VA,20201016
VAX2020,VA X2020-CF,F2:VA\X20,VA,20201120
VAZ2020,VA Z2020-CF,F2:VA\Z20,VA,20201218
VAF2021,VA F2021-CF,F2:VA\F21,VA,20210115
VAG2021,VA G2021-CF,F2:VA\G21,VA,20210219
VAH2021,VA H2021-CF,F2:VA\H21,VA,20210319
VAJ2021,VA J2021-CF,F2:VA\J21,VA,20210416
VAK2021,VA K2021-CF,F2:VA\K21,VA,20210521
VAM2021,VA M2021-CF,F2:VA\M21,VA,20210618
VAN2021,VA N2021-CF,F2:VA\N21,VA,20210716
VAQ2021,VA Q2021-CF,F2:VA\Q21,VA,20210820
VAU2021,VA U2021-CF,F2:VA\U21,VA,20210917
VAV2021,VA V2021-CF,F2:VA\V21,VA,20211015
VAX2021,VA X2021-CF,F2:VA\X21,VA,20211119
VAZ2021,VA Z2021-CF,F2:VA\Z21,VA,20211217
VAF2022,VA F2022-CF,F2:VA\F22,VA,20220121
VAG2022,VA G2022-CF,F2:VA\G22,VA,20220218
VAH2022,VA H2022-CF,F2:VA\H22,VA,20220318
VAJ2022,VA J2022-CF,F2:VA\J22,VA,20220414
VAK2022,VA K2022-CF,F2:VA\K22,VA,20220520
VAM2022,VA M2022-CF,F2:VA\M22,VA,20220617
VAN2022,VA N2022-CF,F2:VA\N22,VA,20220715
VAQ2022,VA Q2022-CF,F2:VA\Q22,VA,20220819
VAU2022,VA U2022-CF,F2:VA\U22,VA,20220916
VAV2022,VA V2022-CF,F2:VA\V22,VA,20221021
VAX2022,VA X2022-CF,F2:VA\X22,VA,20221118
VAZ2022,VA Z2022-CF,F2:VA\Z22,VA,20221216
VAF2023,VA F2023-CF,F2:VA\F23,VA,20230120
VAG2023,VA G2023-CF,F2:VA\G23,VA,20230217
VAH2023,VA H2023-CF,F2:VA\H23,VA,20230317
VAJ2023,VA J2023-CF,F2:VA\J23,VA,20230421
VAM2023,VA M2023-CF,F2:VA\M23,VA,20230616
VAZ2023,VA Z2023-CF,F2:VA\Z23,VA,20231215
VAON2015,VAO N2015-CF,F2:VAO\N15,VAO,20150717
VAOQ2015,VAO Q2015-CF,F2:VAO\Q15,VAO,20150821
VAOU2015,VAO U2015-CF,F2:VAO\U15,VAO,20150918
VAOV2015,VAO V2015-CF,F2:VAO\V15,VAO,20151016
VAOX2015,VAO X2015-CF,F2:VAO\X15,VAO,20151120
VAOZ2015,VAO Z2015-CF,F2:VAO\Z15,VAO,20151218
VAOF2016,VAO F2016-CF,F2:VAO\F16,VAO,20160115
VAOG2016,VAO G2016-CF,F2:VAO\G16,VAO,20160219
VAOH2016,VAO H2016-CF,F2:VAO\H16,VAO,20160318
VAOJ2016,VAO J2016-CF,F2:VAO\J16,VAO,20160415
VAOK2016,VAO K2016-CF,F2:VAO\K16,VAO,20160520
VAOM2016,VAO M2016-CF,F2:VAO\M16,VAO,20160617
VAON2016,VAO N2016-CF,F2:VAO\N16,VAO,20160715
VAOQ2016,VAO Q2016-CF,F2:VAO\Q16,VAO,20160819
VAOU2016,VAO U2016-CF,F2:VAO\U16,VAO,20160916
VAOV2016,VAO V2016-CF,F2:VAO\V16,VAO,20161021
VAOX2016,VAO X2016-CF,F2:VAO\X16,VAO,20161118
VAOZ2016,VAO Z2016-CF,F2:VAO\Z16,VAO,20161216
VAOF2017,VAO F2017-CF,F2:VAO\F17,VAO,20170120
VAOG2017,VAO G2017-CF,F2:VAO\G17,VAO,20170217
VAOH2017,VAO H2017-CF,F2:VAO\H17,VAO,20170317
VAOJ2017,VAO J2017-CF,F2:VAO\J17,VAO,20170421
VAOK2017,VAO K2017-CF,F2:VAO\K17,VAO,20170519
VAOM2017,VAO M2017-CF,F2:VAO\M17,VAO,20170616
VAON2017,VAO N2017-CF,F2:VAO\N17,VAO,20170721
VAOQ2017,VAO Q2017-CF,F2:VAO\Q17,VAO,20170818
VAOU2017,VAO U2017-CF,F2:VAO\U17,VAO,20170915
VAOV2017,VAO V2017-CF,F2:VAO\V17,VAO,20171020
VAOX2017,VAO X2017-CF,F2:VAO\X17,VAO,20171117
VAOZ2017,VAO Z2017-CF,F2:VAO\Z17,VAO,20171215
VAOF2018,VAO F2018-CF,F2:VAO\F18,VAO,20180119
VAOG2018,VAO G2018-CF,F2:VAO\G18,VAO,20180216
VAOH2018,VAO H2018-CF,F2:VAO\H18,VAO,20180316
VAOJ2018,VAO J2018-CF,F2:VAO\J18,VAO,20180420
VAOK2018,VAO K2018-CF,F2:VAO\K18,VAO,20180518
VAOM2018,VAO M2018-CF,F2:VAO\M18,VAO,20180615
VAOU2018,VAO U2018-CF,F2:VAO\U18,VAO,20180921
VAOZ2018,VAO Z2018-CF,F2:VAO\Z18,VAO,20181221
VAOF2019,VAO F2019-CF,F2:VAO\F19,VAO,20190118
VAOH2019,VAO H2019-CF,F2:VAO\H19,VAO,20190315
VAOM2019,VAO M2019-CF,F2:VAO\M19,VAO,20190621
VAOQ2019,VAO Q2019-CF,F2:VAO\Q19,VAO,20190816
VAOU2019,VAO U2019-CF,F2:VAO\U19,VAO,20190920
VAOV2019,VAO V2019-CF,F2:VAO\V19,VAO,20191018
VAOX2019,VAO X2019-CF,F2:VAO\X19,VAO,20191115
VAOZ2019,VAO Z2019-CF,F2:VAO\Z19,VAO,20191220
VAOF2020,VAO F2020-CF,F2:VAO\F20,VAO,20200117
VAOG2020,VAO G2020-CF,F2:VAO\G20,VAO,20200221
VAOH2020,VAO H2020-CF,F2:VAO\H20,VAO,20200320
VAOJ2020,VAO J2020-CF,F2:VAO\J20,VAO,20200417
VAOK2020,VAO K2020-CF,F2:VAO\K20,VAO,20200515
VAOM2020,VAO M2020-CF,F2:VAO\M20,VAO,20200619
VAON2020,VAO N2020-CF,F2:VAO\N20,VAO,20200717
VAOQ2020,VAO Q2020-CF,F2:VAO\Q20,VAO,20200821
VAOU2020,VAO U2020-CF,F2:VAO\U20,VAO,20200918
VAOV2020,VAO V2020-CF,F2:VAO\V20,VAO,20201016
VAOX2020,VAO X2020-CF,F2:VAO\X20,VAO,20201120
VAOZ2020,VAO Z2020-CF,F2:VAO\Z20,VAO,20201218
VAOF2021,VAO F2021-CF,F2:VAO\F21,VAO,20210115
VAOG2021,VAO G2021-CF,F2:VAO\G21,VAO,20210219
VAOH2021,VAO H2021-CF,F2:VAO\H21,VAO,20210319
VAOJ2021,VAO J2021-CF,F2:VAO\J21,VAO,20210416
VAOK2021,VAO K2021-CF,F2:VAO\K21,VAO,20210521
VAOM2021,VAO M2021-CF,F2:VAO\M21,VAO,20210618
VAON2021,VAO N2021-CF,F2:VAO\N21,VAO,20210716
VAOQ2021,VAO Q2021-CF,F2:VAO\Q21,VAO,20210820
VAOU2021,VAO U2021-CF,F2:VAO\U21,VAO,20210917
VAOV2021,VAO V2021-CF,F2:VAO\V21,VAO,20211015
VAOX2021,VAO X2021-CF,F2:VAO\X21,VAO,20211119
VAOZ2021,VAO Z2021-CF,F2:VAO\Z21,VAO,20211217
VAOF2022,VAO F2022-CF,F2:VAO\F22,VAO,20220121
VAOG2022,VAO G2022-CF,F2:VAO\G22,VAO,20220218
VAOH2022,VAO H2022-CF,F2:VAO\H22,VAO,20220318
VAOJ2022,VAO J2022-CF,F2:VAO\J22,VAO,20220414
VAOK2022,VAO K2022-CF,F2:VAO\K22,VAO,20220520
VAOM2022,VAO M2022-CF,F2:VAO\M22,VAO,20220617
VAON2022,VAO N2022-CF,F2:VAO\N22,VAO,20220715
VAOQ2022,VAO Q2022-CF,F2:VAO\Q22,VAO,20220819
VAOU2022,VAO U2022-CF,F2:VAO\U22,VAO,20220916
VAOV2022,VAO V2022-CF,F2:VAO\V22,VAO,20221021
VAOX2022,VAO X2022-CF,F2:VAO\X22,VAO,20221118
VAOZ2022,VAO Z2022-CF,F2:VAO\Z22,VAO,20221216
VAOF2023,VAO F2023-CF,F2:VAO\F23,VAO,20230120
VAOG2023,VAO G2023-CF,F2:VAO\G23,VAO,20230217
VAOH2023,VAO H2023-CF,F2:VAO\H23,VAO,20230317
VAOJ2023,VAO J2023-CF,F2:VAO\J23,VAO,20230421
VAOM2023,VAO M2023-CF,F2:VAO\M23,VAO,20230616
VAOZ2023,VAO Z2023-CF,F2:VAO\Z23,VAO,20231215
VXK2004,VX K2004-CF,F2:VX\K04,VX,20040518
VXM2004,VX M2004-CF,F2:VX\M04,VX,20040616
VXN2004,VX N2004-CF,F2:VX\N04,VX,20040714
VXQ2004,VX Q2004-CF,F2:VX\Q04,VX,20040818
VXU2004,VX U2004-CF,F2:VX\U04,VX,20040914
VXV2004,VX V2004-CF,F2:VX\V04,VX,20041012
VXX2004,VX X2004-CF,F2:VX\X04,VX,20041116
VXF2005,VX F2005-CF,F2:VX\F05,VX,20050119
VXG2005,VX G2005-CF,F2:VX\G05,VX,20050215
VXH2005,VX H2005-CF,F2:VX\H05,VX,20050315
VXK2005,VX K2005-CF,F2:VX\K05,VX,20050517
VXM2005,VX M2005-CF,F2:VX\M05,VX,20050614
VXQ2005,VX Q2005-CF,F2:VX\Q05,VX,20050817
VXV2005,VX V2005-CF,F2:VX\V05,VX,20051018
VXX2005,VX X2005-CF,F2:VX\X05,VX,20051116
VXZ2005,VX Z2005-CF,F2:VX\Z05,VX,20051213
VXF2006,VX F2006-CF,F2:VX\F06,VX,20060117
VXG2006,VX G2006-CF,F2:VX\G06,VX,20060214
VXH2006,VX H2006-CF,F2:VX\H06,VX,20060316
VXJ2006,VX J2006-CF,F2:VX\J06,VX,20060419
VXK2006,VX K2006-CF,F2:VX\K06,VX,20060516
VXM2006,VX M2006-CF,F2:VX\M06,VX,20060622
VXN2006,VX N2006-CF,F2:VX\N06,VX,20060719
VXQ2006,VX Q2006-CF,F2:VX\Q06,VX,20060816
VXU2006,VX U2006-CF,F2:VX\U06,VX,20060914
VXV2006,VX V2006-CF,F2:VX\V06,VX,20061018
VXX2006,VX X2006-CF,F2:VX\X06,VX,20061114
VXZ2006,VX Z2006-CF,F2:VX\Z06,VX,20061219
VXF2007,VX F2007-CF,F2:VX\F07,VX,20070116
VXG2007,VX G2007-CF,F2:VX\G07,VX,20070213
VXH2007,VX H2007-CF,F2:VX\H07,VX,20070320
VXJ2007,VX J2007-CF,F2:VX\J07,VX,20070417
VXK2007,VX K2007-CF,F2:VX\K07,VX,20070515
VXM2007,VX M2007-CF,F2:VX\M07,VX,20070619
VXN2007,VX N2007-CF,F2:VX\N07,VX,20070717
VXQ2007,VX Q2007-CF,F2:VX\Q07,VX,20070821
VXU2007,VX U2007-CF,F2:VX\U07,VX,20070918
VXV2007,VX V2007-CF,F2:VX\V07,VX,20071016
VXX2007,VX X2007-CF,F2:VX\X07,VX,20071120
VXZ2007,VX Z2007-CF,F2:VX\Z07,VX,20071218
VXF2008,VX F2008-CF,F2:VX\F08,VX,20080115
VXG2008,VX G2008-CF,F2:VX\G08,VX,20080215
VXH2008,VX H2008-CF,F2:VX\H08,VX,20080318
VXJ2008,VX J2008-CF,F2:VX\J08,VX,20080415
VXK2008,VX K2008-CF,F2:VX\K08,VX,20080520
VXM2008,VX M2008-CF,F2:VX\M08,VX,20080617
VXN2008,VX N2008-CF,F2:VX\N08,VX,20080715
VXQ2008,VX Q2008-CF,F2:VX\Q08,VX,20080819
VXU2008,VX U2008-CF,F2:VX\U08,VX,20080916
VXV2008,VX V2008-CF,F2:VX\V08,VX,20081021
VXX2008,VX X2008-CF,F2:VX\X08,VX,20081118
VXZ2008,VX Z2008-CF,F2:VX\Z08,VX,20081216
VXF2009,VX F2009-CF,F2:VX\F09,VX,20090120
VXG2009,VX G2009-CF,F2:VX\G09,VX,20090217
VXH2009,VX H2009-CF,F2:VX\H09,VX,20090317
VXJ2009,VX J2009-CF,F2:VX\J09,VX,20090414
VXK2009,VX K2009-CF,F2:VX\K09,VX,20090519
VXM2009,VX M2009-CF,F2:VX\M09,VX,20090617
VXN2009,VX N2009-CF,F2:VX\N09,VX,20090721
VXQ2009,VX Q2009-CF,F2:VX\Q09,VX,20090818
VXU2009,VX U2009-CF,F2:VX\U09,VX,20090915
VXV2009,VX V2009-CF,F2:VX\V09,VX,20091020
VXX2009,VX X2009-CF,F2:VX\X09,VX,20091117
VXZ2009,VX Z2009-CF,F2:VX\Z09,VX,20091215
VXF2010,VX F2010-CF,F2:VX\F10,VX,20100119
VXG2010,VX G2010-CF,F2:VX\G10,VX,20100216
VXH2010,VX H2010-CF,F2:VX\H10,VX,20100316
VXJ2010,VX J2010-CF,F2:VX\J10,VX,20100420
VXK2010,VX K2010-CF,F2:VX\K10,VX,20100518
VXM2010,VX M2010-CF,F2:VX\M10,VX,20100615
VXN2010,VX N2010-CF,F2:VX\N10,VX,20100720
VXQ2010,VX Q2010-CF,F2:VX\Q10,VX,20100817
VXU2010,VX U2010-CF,F2:VX\U10,VX,20100914
VXV2010,VX V2010-CF,F2:VX\V10,VX,20101019
VXX2010,VX X2010-CF,F2:VX\X10,VX,20101116
VXZ2010,VX Z2010-CF,F2:VX\Z10,VX,20101221
VXF2011,VX F2011-CF,F2:VX\F11,VX,20110118
VXG2011,VX G2011-CF,F2:VX\G11,VX,20110216
VXH2011,VX H2011-CF,F2:VX\H11,VX,20110318
VXJ2011,VX J2011-CF,F2:VX\J11,VX,20110419
VXK2011,VX K2011-CF,F2:VX\K11,VX,20110517
VXM2011,VX M2011-CF,F2:VX\M11,VX,20110617
VXN2011,VX N2011-CF,F2:VX\N11,VX,20110720
VXQ2011,VX Q2011-CF,F2:VX\Q11,VX,20110816
VXU2011,VX U2011-CF,F2:VX\U11,VX,20110916
VXV2011,VX V2011-CF,F2:VX\V11,VX,20111018
VXX2011,VX X2011-CF,F2:VX\X11,VX,20111115
VXZ2011,VX Z2011-CF,F2:VX\Z11,VX,20111220
VXF2012,VX F2012-CF,F2:VX\F12,VX,20120117
VXG2012,VX G2012-CF,F2:VX\G12,VX,20120214
VXH2012,VX H2012-CF,F2:VX\H12,VX,20120320
VXJ2012,VX J2012-CF,F2:VX\J12,VX,20120417
VXK2012,VX K2012-CF,F2:VX\K12,VX,20120515
VXM2012,VX M2012-CF,F2:VX\M12,VX,20120619
VXN2012,VX N2012-CF,F2:VX\N12,VX,20120717
VXQ2012,VX Q2012-CF,F2:VX\Q12,VX,20120822
VXU2012,VX U2012-CF,F2:VX\U12,VX,20120918
VXV2012,VX V2012-CF,F2:VX\V12,VX,20121016
VXX2012,VX X2012-CF,F2:VX\X12,VX,20121120
VXZ2012,VX Z2012-CF,F2:VX\Z12,VX,20121218
VXF2013,VX F2013-CF,F2:VX\F13,VX,20130116
VXG2013,VX G2013-CF,F2:VX\G13,VX,20130213
VXH2013,VX H2013-CF,F2:VX\H13,VX,20130320
VXJ2013,VX J2013-CF,F2:VX\J13,VX,20130417
VXK2013,VX K2013-CF,F2:VX\K13,VX,20130522
VXM2013,VX M2013-CF,F2:VX\M13,VX,20130619
VXN2013,VX N2013-CF,F2:VX\N13,VX,20130717
VXQ2013,VX Q2013-CF,F2:VX\Q13,VX,20130821
VXU2013,VX U2013-CF,F2:VX\U13,VX,20130918
VXV2013,VX V2013-CF,F2:VX\V13,VX,20131016
VXX2013,VX X2013-CF,F2:VX\X13,VX,20131120
VXZ2013,VX Z2013-CF,F2:VX\Z13,VX,20131218
VXF2014,VX F2014-CF,F2:VX\F14,VX,20140122
VXG2014,VX G2014-CF,F2:VX\G14,VX,20140219
VXH2014,VX H2014-CF,F2:VX\H14,VX,20140319
VXJ2014,VX J2014-CF,F2:VX\J14,VX,20140416
VXK2014,VX K2014-CF,F2:VX\K14,VX,20140521
VXM2014,VX M2014-CF,F2:VX\M14,VX,20140618
VXN2014,VX N2014-CF,F2:VX\N14,VX,20140716
VXQ2014,VX Q2014-CF,F2:VX\Q14,VX,20140820
VXU2014,VX U2014-CF,F2:VX\U14,VX,20140917
VXV2014,VX V2014-CF,F2:VX\V14,VX,20141022
VXX2014,VX X2014-CF,F2:VX\X14,VX,20141119
VXZ2014,VX Z2014-CF,F2:VX\Z14,VX,20141217
VXF2015,VX F2015-CF,F2:VX\F15,VX,20150121
VXG2015,VX G2015-CF,F2:VX\G15,VX,20150218
VXH2015,VX H2015-CF,F2:VX\H15,VX,20150318
VXJ2015,VX J2015-CF,F2:VX\J15,VX,20150415
VXK2015,VX K2015-CF,F2:VX\K15,VX,20150520
VXM2015,VX M2015-CF,F2:VX\M15,VX,20150617
VXN2015,VX N2015-CF,F2:VX\N15,VX,20150722
VXQ2015,VX Q2015-CF,F2:VX\Q15,VX,20150819
VXU2015,VX U2015-CF,F2:VX\U15,VX,20150916
VXV2015,VX V2015-CF,F2:VX\V15,VX,20151021
VXX2015,VX X2015-CF,F2:VX\X15,VX,20151118
VXZ2015,VX Z2015-CF,F2:VX\Z15,VX,20151216
VXF2016,VX F2016-CF,F2:VX\F16,VX,20160120
VXG2016,VX G2016-CF,F2:VX\G16,VX,20160217
VXH2016,VX H2016-CF,F2:VX\H16,VX,20160316
VXJ2016,VX J2016-CF,F2:VX\J16,VX,20160420
VXK2016,VX K2016-CF,F2:VX\K16,VX,20160518
VXM2016,VX M2016-CF,F2:VX\M16,VX,20160615
VXN2016,VX N2016-CF,F2:VX\N16,VX,20160720
VXQ2016,VX Q2016-CF,F2:VX\Q16,VX,20160817
VXU2016,VX U2016-CF,F2:VX\U16,VX,20160921
VXV2016,VX V2016-CF,F2:VX\V16,VX,20161019
VXX2016,VX X2016-CF,F2:VX\X16,VX,20161116
VXZ2016,VX Z2016-CF,F2:VX\Z16,VX,20161221
VXF2017,VX F2017-CF,F2:VX\F17,VX,20170118
VXG2017,VX G2017-CF,F2:VX\G17,VX,20170215
VXH2017,VX H2017-CF,F2:VX\H17,VX,20170322
VXJ2017,VX J2017-CF,F2:VX\J17,VX,20170419
VXK2017,VX K2017-CF,F2:VX\K17,VX,20170517
VXM2017,VX M2017-CF,F2:VX\M17,VX,20170621
VXN2017,VX N2017-CF,F2:VX\N17,VX,20170719
VXQ2017,VX Q2017-CF,F2:VX\Q17,VX,20170816
VXU2017,VX U2017-CF,F2:VX\U17,VX,20170920
VXV2017,VX V2017-CF,F2:VX\V17,VX,20171018
VXX2017,VX X2017-CF,F2:VX\X17,VX,20171115
VXZ2017,VX Z2017-CF,F2:VX\Z17,VX,20171220
VXF2018,VX F2018-CF,F2:VX\F18,VX,20180117
VXG2018,VX G2018-CF,F2:VX\G18,VX,20180214
VXH2018,VX H2018-CF,F2:VX\H18,VX,20180321
VXJ2018,VX J2018-CF,F2:VX\J18,VX,20180418
VXK2018,VX K2018-CF,F2:VX\K18,VX,20180516
VXM2018,VX M2018-CF,F2:VX\M18,VX,20180620
VXN2018,VX N2018-CF,F2:VX\N18,VX,20180718
VXQ2018,VX Q2018-CF,F2:VX\Q18,VX,20180822
VXU2018,VX U2018-CF,F2:VX\U18,VX,20180919
VXV2018,VX V2018-CF,F2:VX\V18,VX,20181017
VXX2018,VX X2018-CF,F2:VX\X18,VX,20181121
VXZ2018,VX Z2018-CF,F2:VX\Z18,VX,20181219
VXF2019,VX F2019-CF,F2:VX\F19,VX,20190116
VXG2019,VX G2019-CF,F2:VX\G19,VX,20190213
VXH2019,VX H2019-CF,F2:VX\H19,VX,20190319
VXJ2019,VX J2019-CF,F2:VX\J19,VX,20190417
VXK2019,VX K2019-CF,F2:VX\K19,VX,20190522
VXM2019,VX M2019-CF,F2:VX\M19,VX,20190619
VXN2019,VX N2019-CF,F2:VX\N19,VX,20190731
VXQ2019,VX Q2019-CF,F2:VX\Q19,VX,20190821
VXU2019,VX U2019-CF,F2:VX\U19,VX,20190918
VXV2019,VX V2019-CF,F2:VX\V19,VX,20191016
VXX2019,VX X2019-CF,F2:VX\X19,VX,20191120
VXZ2019,VX Z2019-CF,F2:VX\Z19,VX,20191218
VXF2020,VX F2020-CF,F2:VX\F20,VX,20200122
VXG2020,VX G2020-CF,F2:VX\G20,VX,20200219
VXH2020,VX H2020-CF,F2:VX\H20,VX,20200318
VXJ2020,VX J2020-CF,F2:VX\J20,VX,20200415
VXK2020,VX K2020-CF,F2:VX\K20,VX,20200520
VXM2020,VX M2020-CF,F2:VX\M20,VX,20200617
VXN2020,VX N2020-CF,F2:VX\N20,VX,20200722
VXQ2020,VX Q2020-CF,F2:VX\Q20,VX,20200819
VXU2020,VX U2020-CF,F2:VX\U20,VX,20200916
VXV2020,VX V2020-CF,F2:VX\V20,VX,20201021
VXX2020,VX X2020-CF,F2:VX\X20,VX,20201118
VXZ2020,VX Z2020-CF,F2:VX\Z20,VX,20201216
VXF2021,VX F2021-CF,F2:VX\F21,VX,20210120
VXG2021,VX G2021-CF,F2:VX\G21,VX,20210217
VXH2021,VX H2021-CF,F2:VX\H21,VX,20210317
VXJ2021,VX J2021-CF,F2:VX\J21,VX,20210421
VXK2021,VX K2021-CF,F2:VX\K21,VX,20210519
VXM2021,VX M2021-CF,F2:VX\M21,VX,20210616
VXN2021,VX N2021-CF,F2:VX\N21,VX,20210721
VXQ2021,VX Q2021-CF,F2:VX\Q21,VX,20210818
VXU2021,VX U2021-CF,F2:VX\U21,VX,20210915
VXV2021,VX V2021-CF,F2:VX\V21,VX,20211020
VXX2021,VX X2021-CF,F2:VX\X21,VX,20211117
VXZ2021,VX Z2021-CF,F2:VX\Z21,VX,20211222
VXF2022,VX F2022-CF,F2:VX\F22,VX,20220119
VXG2022,VX G2022-CF,F2:VX\G22,VX,20220216
VXH2022,VX H2022-CF,F2:VX\H22,VX,20220315
VXJ2022,VX J2022-CF,F2:VX\J22,VX,20220420
VXK2022,VX K2022-CF,F2:VX\K22,VX,20220518
VXM2022,VX M2022-CF,F2:VX\M22,VX,20220615
VXN2022,VX N2022-CF,F2:VX\N22,VX,20220720
VXQ2022,VX Q2022-CF,F2:VX\Q22,VX,20220817
VXU2022,VX U2022-CF,F2:VX\U22,VX,20220921
VXV2022,VX V2022-CF,F2:VX\V22,VX,20221019
VXX2022,VX X2022-CF,F2:VX\X22,VX,20221116
VXZ2022,VX Z2022-CF,F2:VX\Z22,VX,20221221
VXF2023,VX F2023-CF,F2:VX\F23,VX,20230118
VXG2023,VX G2023-CF,F2:VX\G23,VX,20230215
VXH2023,VX H2023-CF,F2:VX\H23,VX,20230322
VXJ2023,VX J2023-CF,F2:VX\J23,VX,20230419
VXK2023,VX K2023-CF,F2:VX\K23,VX,20230517
VXM2023,VX M2023-CF,F2:VX\M23,VX,20230621
VXN2023,VX N2023-CF,F2:VX\N23,VX,20230719
VXQ2023,VX Q2023-CF,F2:VX\Q23,VX,20230816
VXU2023,VX U2023-CF,F2:VX\U23,VX,20230920
VXV2023,VX V2023-CF,F2:VX\V23,VX,20231018
VXX2023,VX X2023-CF,F2:VX\X23,VX,20231115
VXZ2023,VX Z2023-CF,F2:VX\Z23,VX,20231220
VX08G2021,VX08 G2021-CF,F2:VX08\G21,VX08,20210224
VX08G2022,VX08 G2022-CF,F2:VX08\G22,VX08,20220223
VX08G2023,VX08 G2023-CF,F2:VX08\G23,VX08,20230222
VX09H2021,VX09 H2021-CF,F2:VX09\H21,VX09,20210302
VX09H2022,VX09 H2022-CF,F2:VX09\H22,VX09,20220302
VX09H2023,VX09 H2023-CF,F2:VX09\H23,VX09,20230301
VX10H2021,VX10 H2021-CF,F2:VX10\H21,VX10,20210310
VX10H2022,VX10 H2022-CF,F2:VX10\H22,VX10,20220309
VX10H2023,VX10 H2023-CF,F2:VX10\H23,VX10,20230307
VX11H2023,VX11 H2023-CF,F2:VX11\H23,VX11,20230315
VX13H2021,VX13 H2021-CF,F2:VX13\H21,VX13,20210331
VX13H2022,VX13 H2022-CF,F2:VX13\H22,VX13,20220330
VX13H2023,VX13 H2023-CF,F2:VX13\H23,VX13,20230329
VX14J2021,VX14 J2021-CF,F2:VX14\J21,VX14,20210407
VX14J2022,VX14 J2022-CF,F2:VX14\J22,VX14,20220406
VX14J2023,VX14 J2023-CF,F2:VX14\J23,VX14,20230405
VX15J2021,VX15 J2021-CF,F2:VX15\J21,VX15,20210414
VX15J2022,VX15 J2022-CF,F2:VX15\J22,VX15,20220413
VX15J2023,VX15 J2023-CF,F2:VX15\J23,VX15,20230412
VX17J2021,VX17 J2021-CF,F2:VX17\J21,VX17,20210428
VX17J2022,VX17 J2022-CF,F2:VX17\J22,VX17,20220427
VX17J2023,VX17 J2023-CF,F2:VX17\J23,VX17,20230426
VX18K2020,VX18 K2020-CF,F2:VX18\K20,VX18,20200529
VX18K2021,VX18 K2021-CF,F2:VX18\K21,VX18,20210505
VX18K2022,VX18 K2022-CF,F2:VX18\K22,VX18,20220504
VX18K2023,VX18 K2023-CF,F2:VX18\K23,VX18,20230503
VXMU2020,VXM U2020-CF,F2:VXM\U20,VXM,20200916
VXMV2020,VXM V2020-CF,F2:VXM\V20,VXM,20201021
VXMX2020,VXM X2020-CF,F2:VXM\X20,VXM,20201118
VXMZ2020,VXM Z2020-CF,F2:VXM\Z20,VXM,20201216
VXMF2021,VXM F2021-CF,F2:VXM\F21,VXM,20210120
VXMG2021,VXM G2021-CF,F2:VXM\G21,VXM,20210217
VXMH2021,VXM H2021-CF,F2:VXM\H21,VXM,20210317
VXMJ2021,VXM J2021-CF,F2:VXM\J21,VXM,20210421
VXMK2021,VXM K2021-CF,F2:VXM\K21,VXM,20210519
VXMM2021,VXM M2021-CF,F2:VXM\M21,VXM,20210616
VXMN2021,VXM N2021-CF,F2:VXM\N21,VXM,20210721
VXMQ2021,VXM Q2021-CF,F2:VXM\Q21,VXM,20210818
VXMU2021,VXM U2021-CF,F2:VXM\U21,VXM,20210915
VXMV2021,VXM V2021-CF,F2:VXM\V21,VXM,20211020
VXMX2021,VXM X2021-CF,F2:VXM\X21,VXM,20211117
VXMZ2021,VXM Z2021-CF,F2:VXM\Z21,VXM,20211222
VXMF2022,VXM F2022-CF,F2:VXM\F22,VXM,20220119
VXMG2022,VXM G2022-CF,F2:VXM\G22,VXM,20220216
VXMH2022,VXM H2022-CF,F2:VXM\H22,VXM,20220315
VXMJ2022,VXM J2022-CF,F2:VXM\J22,VXM,20220420
VXMK2022,VXM K2022-CF,F2:VXM\K22,VXM,20220518
VXMM2022,VXM M2022-CF,F2:VXM\M22,VXM,20220615
VXMN2022,VXM N2022-CF,F2:VXM\N22,VXM,20220720
VXMQ2022,VXM Q2022-CF,F2:VXM\Q22,VXM,20220817
VXMU2022,VXM U2022-CF,F2:VXM\U22,VXM,20220921
VXMV2022,VXM V2022-CF,F2:VXM\V22,VXM,20221019
VXMX2022,VXM X2022-CF,F2:VXM\X22,VXM,20221116
VXMZ2022,VXM Z2022-CF,F2:VXM\Z22,VXM,20221221
VXMF2023,VXM F2023-CF,F2:VXM\F23,VXM,20230118
VXMG2023,VXM G2023-CF,F2:VXM\G23,VXM,20230215
VXMH2023,VXM H2023-CF,F2:VXM\H23,VXM,20230322
VXMJ2023,VXM J2023-CF,F2:VXM\J23,VXM,20230419
VXMK2023,VXM K2023-CF,F2:VXM\K23,VXM,20230517
VXMM2023,VXM M2023-CF,F2:VXM\M23,VXM,20230621
VXMN2023,VXM N2023-CF,F2:VXM\N23,VXM,20230719
VXMQ2023,VXM Q2023-CF,F2:VXM\Q23,VXM,20230816
VXMU2023,VXM U2023-CF,F2:VXM\U23,VXM,20230920
VXMTG2023,VXMT G2023-CF,F2:VXMT\G23,VXMT,20230215
VXMTH2023,VXMT H2023-CF,F2:VXMT\H23,VXMT,20230322
VXMTJ2023,VXMT J2023-CF,F2:VXMT\J23,VXMT,20230419
VXMTK2023,VXMT K2023-CF,F2:VXMT\K23,VXMT,20230517
VXMTM2023,VXMT M2023-CF,F2:VXMT\M23,VXMT,20230621
VXMTN2023,VXMT N2023-CF,F2:VXMT\N23,VXMT,20230719
VXMTQ2023,VXMT Q2023-CF,F2:VXMT\Q23,VXMT,20230816
VXTH2012,VXT H2012-CF,F2:VXT\H12,VXT,20120320
VXTJ2012,VXT J2012-CF,F2:VXT\J12,VXT,20120417
VXTK2012,VXT K2012-CF,F2:VXT\K12,VXT,20120515
VXTM2012,VXT M2012-CF,F2:VXT\M12,VXT,20120619
VXTN2012,VXT N2012-CF,F2:VXT\N12,VXT,20120717
VXTQ2012,VXT Q2012-CF,F2:VXT\Q12,VXT,20120822
VXTU2012,VXT U2012-CF,F2:VXT\U12,VXT,20120918
VXTV2012,VXT V2012-CF,F2:VXT\V12,VXT,20121016
VXTX2012,VXT X2012-CF,F2:VXT\X12,VXT,20121120
VXTZ2012,VXT Z2012-CF,F2:VXT\Z12,VXT,20121218
VXTF2013,VXT F2013-CF,F2:VXT\F13,VXT,20130116
VXTG2013,VXT G2013-CF,F2:VXT\G13,VXT,20130213
VXTH2013,VXT H2013-CF,F2:VXT\H13,VXT,20130320
VXTJ2013,VXT J2013-CF,F2:VXT\J13,VXT,20130417
VXTK2013,VXT K2013-CF,F2:VXT\K13,VXT,20130522
VXTM2013,VXT M2013-CF,F2:VXT\M13,VXT,20130619
VXTN2013,VXT N2013-CF,F2:VXT\N13,VXT,20130717
VXTQ2013,VXT Q2013-CF,F2:VXT\Q13,VXT,20130821
VXTU2013,VXT U2013-CF,F2:VXT\U13,VXT,20130918
VXTV2013,VXT V2013-CF,F2:VXT\V13,VXT,20131016
VXTX2013,VXT X2013-CF,F2:VXT\X13,VXT,20131120
VXTZ2013,VXT Z2013-CF,F2:VXT\Z13,VXT,20131218
VXTF2014,VXT F2014-CF,F2:VXT\F14,VXT,20140122
VXTG2014,VXT G2014-CF,F2:VXT\G14,VXT,20140219
VXTH2014,VXT H2014-CF,F2:VXT\H14,VXT,20140319
VXTJ2014,VXT J2014-CF,F2:VXT\J14,VXT,20140416
VXTK2014,VXT K2014-CF,F2:VXT\K14,VXT,20140521
VXTM2014,VXT M2014-CF,F2:VXT\M14,VXT,20140618
VXTN2014,VXT N2014-CF,F2:VXT\N14,VXT,20140716
VXTQ2014,VXT Q2014-CF,F2:VXT\Q14,VXT,20140820
VXTU2014,VXT U2014-CF,F2:VXT\U14,VXT,20140917
VXTV2014,VXT V2014-CF,F2:VXT\V14,VXT,20141022
VXTX2014,VXT X2014-CF,F2:VXT\X14,VXT,20141119
VXTZ2014,VXT Z2014-CF,F2:VXT\Z14,VXT,20141217
VXTF2015,VXT F2015-CF,F2:VXT\F15,VXT,20150121
VXTG2015,VXT G2015-CF,F2:VXT\G15,VXT,20150218
VXTH2015,VXT H2015-CF,F2:VXT\H15,VXT,20150318
VXTJ2015,VXT J2015-CF,F2:VXT\J15,VXT,20150415
VXTK2015,VXT K2015-CF,F2:VXT\K15,VXT,20150520
VXTM2015,VXT M2015-CF,F2:VXT\M15,VXT,20150617
VXTN2015,VXT N2015-CF,F2:VXT\N15,VXT,20150722
VXTQ2015,VXT Q2015-CF,F2:VXT\Q15,VXT,20150819
VXTU2015,VXT U2015-CF,F2:VXT\U15,VXT,20150916
VXTV2015,VXT V2015-CF,F2:VXT\V15,VXT,20151021
VXTX2015,VXT X2015-CF,F2:VXT\X15,VXT,20151118
VXTZ2015,VXT Z2015-CF,F2:VXT\Z15,VXT,20151216
VXTF2016,VXT F2016-CF,F2:VXT\F16,VXT,20160120
VXTG2016,VXT G2016-CF,F2:VXT\G16,VXT,20160217
VXTH2016,VXT H2016-CF,F2:VXT\H16,VXT,20160316
VXTJ2016,VXT J2016-CF,F2:VXT\J16,VXT,20160420
VXTK2016,VXT K2016-CF,F2:VXT\K16,VXT,20160518
VXTM2016,VXT M2016-CF,F2:VXT\M16,VXT,20160615
VXTN2016,VXT N2016-CF,F2:VXT\N16,VXT,20160720
VXTQ2016,VXT Q2016-CF,F2:VXT\Q16,VXT,20160817
VXTU2016,VXT U2016-CF,F2:VXT\U16,VXT,20160921
VXTV2016,VXT V2016-CF,F2:VXT\V16,VXT,20161019
VXTX2016,VXT X2016-CF,F2:VXT\X16,VXT,20161116
VXTZ2016,VXT Z2016-CF,F2:VXT\Z16,VXT,20161221
VXTF2017,VXT F2017-CF,F2:VXT\F17,VXT,20170118
VXTG2017,VXT G2017-CF,F2:VXT\G17,VXT,20170215
VXTH2017,VXT H2017-CF,F2:VXT\H17,VXT,20170322
VXTJ2017,VXT J2017-CF,F2:VXT\J17,VXT,20170419
VXTK2017,VXT K2017-CF,F2:VXT\K17,VXT,20170517
VXTM2017,VXT M2017-CF,F2:VXT\M17,VXT,20170621
VXTN2017,VXT N2017-CF,F2:VXT\N17,VXT,20170719
VXTQ2017,VXT Q2017-CF,F2:VXT\Q17,VXT,20170816
VXTU2017,VXT U2017-CF,F2:VXT\U17,VXT,20170920
VXTV2017,VXT V2017-CF,F2:VXT\V17,VXT,20171018
VXTX2017,VXT X2017-CF,F2:VXT\X17,VXT,20171115
VXTZ2017,VXT Z2017-CF,F2:VXT\Z17,VXT,20171220
VXTF2018,VXT F2018-CF,F2:VXT\F18,VXT,20180117
VXTG2018,VXT G2018-CF,F2:VXT\G18,VXT,20180214
VXTH2018,VXT H2018-CF,F2:VXT\H18,VXT,20180321
VXTJ2018,VXT J2018-CF,F2:VXT\J18,VXT,20180418
VXTK2018,VXT K2018-CF,F2:VXT\K18,VXT,20180516
VXTM2018,VXT M2018-CF,F2:VXT\M18,VXT,20180620
VXTN2018,VXT N2018-CF,F2:VXT\N18,VXT,20180718
VXTQ2018,VXT Q2018-CF,F2:VXT\Q18,VXT,20180822
VXTU2018,VXT U2018-CF,F2:VXT\U18,VXT,20180919
VXTV2018,VXT V2018-CF,F2:VXT\V18,VXT,20181017
VXTX2018,VXT X2018-CF,F2:VXT\X18,VXT,20181121
VXTZ2018,VXT Z2018-CF,F2:VXT\Z18,VXT,20181219
VXTF2019,VXT F2019-CF,F2:VXT\F19,VXT,20190116
VXTG2019,VXT G2019-CF,F2:VXT\G19,VXT,20190213
VXTH2019,VXT H2019-CF,F2:VXT\H19,VXT,20190319
VXTJ2019,VXT J2019-CF,F2:VXT\J19,VXT,20190417
VXTK2019,VXT K2019-CF,F2:VXT\K19,VXT,20190522
VXTM2019,VXT M2019-CF,F2:VXT\M19,VXT,20190619
VXTN2019,VXT N2019-CF,F2:VXT\N19,VXT,20190731
VXTQ2019,VXT Q2019-CF,F2:VXT\Q19,VXT,20190821
VXTU2019,VXT U2019-CF,F2:VXT\U19,VXT,20190918
VXTV2019,VXT V2019-CF,F2:VXT\V19,VXT,20191016
VXTX2019,VXT X2019-CF,F2:VXT\X19,VXT,20191120
VXTZ2019,VXT Z2019-CF,F2:VXT\Z19,VXT,20191218
VXTF2020,VXT F2020-CF,F2:VXT\F20,VXT,20200122
VXTG2020,VXT G2020-CF,F2:VXT\G20,VXT,20200219
VXTH2020,VXT H2020-CF,F2:VXT\H20,VXT,20200318
VXTJ2020,VXT J2020-CF,F2:VXT\J20,VXT,20200415
VXTK2020,VXT K2020-CF,F2:VXT\K20,VXT,20200520
VXTM2020,VXT M2020-CF,F2:VXT\M20,VXT,20200617
VXTN2020,VXT N2020-CF,F2:VXT\N20,VXT,20200722
VXTQ2020,VXT Q2020-CF,F2:VXT\Q20,VXT,20200819
VXTU2020,VXT U2020-CF,F2:VXT\U20,VXT,20200916
VXTV2020,VXT V2020-CF,F2:VXT\V20,VXT,20201021
VXTX2020,VXT X2020-CF,F2:VXT\X20,VXT,20201118
VXTZ2020,VXT Z2020-CF,F2:VXT\Z20,VXT,20201216
VXTF2021,VXT F2021-CF,F2:VXT\F21,VXT,20210120
VXTG2021,VXT G2021-CF,F2:VXT\G21,VXT,20210217
VXTH2021,VXT H2021-CF,F2:VXT\H21,VXT,20210317
VXTJ2021,VXT J2021-CF,F2:VXT\J21,VXT,20210421
VXTK2021,VXT K2021-CF,F2:VXT\K21,VXT,20210519
VXTM2021,VXT M2021-CF,F2:VXT\M21,VXT,20210616
VXTN2021,VXT N2021-CF,F2:VXT\N21,VXT,20210721
VXTQ2021,VXT Q2021-CF,F2:VXT\Q21,VXT,20210818
VXTU2021,VXT U2021-CF,F2:VXT\U21,VXT,20210915
VXTV2021,VXT V2021-CF,F2:VXT\V21,VXT,20211020
VXTX2021,VXT X2021-CF,F2:VXT\X21,VXT,20211117
VXTZ2021,VXT Z2021-CF,F2:VXT\Z21,VXT,20211222
VXTF2022,VXT F2022-CF,F2:VXT\F22,VXT,20220119
VXTG2022,VXT G2022-CF,F2:VXT\G22,VXT,20220216
VXTH2022,VXT H2022-CF,F2:VXT\H22,VXT,20220315
VXTJ2022,VXT J2022-CF,F2:VXT\J22,VXT,20220420
VXTK2022,VXT K2022-CF,F2:VXT\K22,VXT,20220518
VXTM2022,VXT M2022-CF,F2:VXT\M22,VXT,20220615
VXTN2022,VXT N2022-CF,F2:VXT\N22,VXT,20220720
VXTQ2022,VXT Q2022-CF,F2:VXT\Q22,VXT,20220817
VXTU2022,VXT U2022-CF,F2:VXT\U22,VXT,20220921
VXTV2022,VXT V2022-CF,F2:VXT\V22,VXT,20221019
VXTX2022,VXT X2022-CF,F2:VXT\X22,VXT,20221116
VXTZ2022,VXT Z2022-CF,F2:VXT\Z22,VXT,20221221
VXTF2023,VXT F2023-CF,F2:VXT\F23,VXT,20230118
VXTG2023,VXT G2023-CF,F2:VXT\G23,VXT,20230215
VXTH2023,VXT H2023-CF,F2:VXT\H23,VXT,20230322
VXTJ2023,VXT J2023-CF,F2:VXT\J23,VXT,20230419
VXTK2023,VXT K2023-CF,F2:VXT\K23,VXT,20230517
VXTM2023,VXT M2023-CF,F2:VXT\M23,VXT,20230621
VXTN2023,VXT N2023-CF,F2:VXT\N23,VXT,20230719
VXTQ2023,VXT Q2023-CF,F2:VXT\Q23,VXT,20230816
VXTU2023,VXT U2023-CF,F2:VXT\U23,VXT,20230920
VXTV2023,VXT V2023-CF,F2:VXT\V23,VXT,20231018
VXTX2023,VXT X2023-CF,F2:VXT\X23,VXT,20231115
VXT08G2023,VXT08 G2023-CF,F2:VXT08\G23,VXT08,20230222
VXT09H2023,VXT09 H2023-CF,F2:VXT09\H23,VXT09,20230301
VXT10H2023,VXT10 H2023-CF,F2:VXT10\H23,VXT10,20230307
VXT11H2023,VXT11 H2023-CF,F2:VXT11\H23,VXT11,20230315
VXT13H2023,VXT13 H2023-CF,F2:VXT13\H23,VXT13,20230329
VXT14J2023,VXT14 J2023-CF,F2:VXT14\J23,VXT14,20230405
ZAMB1G2023,ZAMB1 G2023-CF,F2:ZAMB1\G23,ZAMB1,20230301
ZAMB1H2023,ZAMB1 H2023-CF,F2:ZAMB1\H23,ZAMB1,20230403
ZAMB1J2023,ZAMB1 J2023-CF,F2:ZAMB1\J23,ZAMB1,20230501
ZAMB1K2023,ZAMB1 K2023-CF,F2:ZAMB1\K23,ZAMB1,20230601
ZAMB1M2023,ZAMB1 M2023-CF,F2:ZAMB1\M23,ZAMB1,20230703
ZAMB1N2023,ZAMB1 N2023-CF,F2:ZAMB1\N23,ZAMB1,20230801
ZAMB1Q2023,ZAMB1 Q2023-CF,F2:ZAMB1\Q23,ZAMB1,20230901
ZAMB1U2023,ZAMB1 U2023-CF,F2:ZAMB1\U23,ZAMB1,20231002
ZAMB1V2023,ZAMB1 V2023-CF,F2:ZAMB1\V23,ZAMB1,20231101
ZAMB1X2023,ZAMB1 X2023-CF,F2:ZAMB1\X23,ZAMB1,20231201
ZAMB1Z2023,ZAMB1 Z2023-CF,F2:ZAMB1\Z23,ZAMB1,20240102
ZAMB1F2024,ZAMB1 F2024-CF,F2:ZAMB1\F24,ZAMB1,20240201
ZAMB1G2024,ZAMB1 G2024-CF,F2:ZAMB1\G24,ZAMB1,20240301
ZAMB1H2024,ZAMB1 H2024-CF,F2:ZAMB1\H24,ZAMB1,20240401
ZAMB1J2024,ZAMB1 J2024-CF,F2:ZAMB1\J24,ZAMB1,20240501
ZAMB1K2024,ZAMB1 K2024-CF,F2:ZAMB1\K24,ZAMB1,20240603
ZAMB1M2024,ZAMB1 M2024-CF,F2:ZAMB1\M24,ZAMB1,20240701
ZAMB1N2024,ZAMB1 N2024-CF,F2:ZAMB1\N24,ZAMB1,20240801
ZAMT1G2023,ZAMT1 G2023-CF,F2:ZAMT1\G23,ZAMT1,20230213
ZAMT1H2023,ZAMT1 H2023-CF,F2:ZAMT1\H23,ZAMT1,20230313
ZAMT1J2023,ZAMT1 J2023-CF,F2:ZAMT1\J23,ZAMT1,20230417
ZAMT1K2023,ZAMT1 K2023-CF,F2:ZAMT1\K23,ZAMT1,20230515
ZAMT1M2023,ZAMT1 M2023-CF,F2:ZAMT1\M23,ZAMT1,20230620
ZAMT1N2023,ZAMT1 N2023-CF,F2:ZAMT1\N23,ZAMT1,20230717
ZAMT1Q2023,ZAMT1 Q2023-CF,F2:ZAMT1\Q23,ZAMT1,20230814
ZAMT1U2023,ZAMT1 U2023-CF,F2:ZAMT1\U23,ZAMT1,20230918
ZAMT1V2023,ZAMT1 V2023-CF,F2:ZAMT1\V23,ZAMT1,20231016
ZAMT1X2023,ZAMT1 X2023-CF,F2:ZAMT1\X23,ZAMT1,20231113
ZAMT1Z2023,ZAMT1 Z2023-CF,F2:ZAMT1\Z23,ZAMT1,20231218
ZAMT1F2024,ZAMT1 F2024-CF,F2:ZAMT1\F24,ZAMT1,20240116
ZAMT1G2024,ZAMT1 G2024-CF,F2:ZAMT1\G24,ZAMT1,20240220
ZAMT1H2024,ZAMT1 H2024-CF,F2:ZAMT1\H24,ZAMT1,20240318
ZAMT1J2024,ZAMT1 J2024-CF,F2:ZAMT1\J24,ZAMT1,20240415
ZAMT1K2024,ZAMT1 K2024-CF,F2:ZAMT1\K24,ZAMT1,20240513
ZAMT1M2024,ZAMT1 M2024-CF,F2:ZAMT1\M24,ZAMT1,20240617
ZAMT1N2024,ZAMT1 N2024-CF,F2:ZAMT1\N24,ZAMT1,20240715
ZAMT1Q2024,ZAMT1 Q2024-CF,F2:ZAMT1\Q24,ZAMT1,20240819
ZAMT1U2024,ZAMT1 U2024-CF,F2:ZAMT1\U24,ZAMT1,20240916
ZAMT1V2024,ZAMT1 V2024-CF,F2:ZAMT1\V24,ZAMT1,20241015
ZAMT1X2024,ZAMT1 X2024-CF,F2:ZAMT1\X24,ZAMT1,20241118
ZAMT1Z2024,ZAMT1 Z2024-CF,F2:ZAMT1\Z24,ZAMT1,20241216
ZAMT1F2025,ZAMT1 F2025-CF,F2:ZAMT1\F25,ZAMT1,20250113
ZAMT1G2025,ZAMT1 G2025-CF,F2:ZAMT1\G25,ZAMT1,20250218
ZAMT1H2025,ZAMT1 H2025-CF,F2:ZAMT1\H25,ZAMT1,20250317
ZAMT1J2025,ZAMT1 J2025-CF,F2:ZAMT1\J25,ZAMT1,20250414
ZAMT1K2025,ZAMT1 K2025-CF,F2:ZAMT1\K25,ZAMT1,20250519
ZAMT1M2025,ZAMT1 M2025-CF,F2:ZAMT1\M25,ZAMT1,20250616
ZAMT1N2025,ZAMT1 N2025-CF,F2:ZAMT1\N25,ZAMT1,20250714
ZAMT1Q2025,ZAMT1 Q2025-CF,F2:ZAMT1\Q25,ZAMT1,20250818
ZAMT3H2023,ZAMT3 H2023-CF,F2:ZAMT3\H23,ZAMT3,20230313
ZAMT3M2023,ZAMT3 M2023-CF,F2:ZAMT3\M23,ZAMT3,20230620
ZAMT3U2023,ZAMT3 U2023-CF,F2:ZAMT3\U23,ZAMT3,20230918
ZAMT3Z2023,ZAMT3 Z2023-CF,F2:ZAMT3\Z23,ZAMT3,20231218
ZAMT3H2024,ZAMT3 H2024-CF,F2:ZAMT3\H24,ZAMT3,20240318
ZAMT3M2024,ZAMT3 M2024-CF,F2:ZAMT3\M24,ZAMT3,20240617
ZAMT3U2024,ZAMT3 U2024-CF,F2:ZAMT3\U24,ZAMT3,20240916
ZAMT3Z2024,ZAMT3 Z2024-CF,F2:ZAMT3\Z24,ZAMT3,20241216
ZAMT3H2025,ZAMT3 H2025-CF,F2:ZAMT3\H25,ZAMT3,20250317
ZAMT3M2025,ZAMT3 M2025-CF,F2:ZAMT3\M25,ZAMT3,20250616
ZIBHYH2023,ZIBHY H2023-CF,F2:ZIBHY\H23,ZIBHY,20230301
ZIBHYJ2023,ZIBHY J2023-CF,F2:ZIBHY\J23,ZIBHY,20230403
ZIBHYK2023,ZIBHY K2023-CF,F2:ZIBHY\K23,ZIBHY,20230501
ZIBHYM2023,ZIBHY M2023-CF,F2:ZIBHY\M23,ZIBHY,20230601
ZIBHYTH2023,ZIBHYT H2023-CF,F2:ZIBHYT\H23,ZIBHYT,20230301
ZIBHYTJ2023,ZIBHYT J2023-CF,F2:ZIBHYT\J23,ZIBHYT,20230403
ZIBHYTK2023,ZIBHYT K2023-CF,F2:ZIBHYT\K23,ZIBHYT,20230501
ZIBHYTM2023,ZIBHYT M2023-CF,F2:ZIBHYT\M23,ZIBHYT,20230601
ZIBIGH2023,ZIBIG H2023-CF,F2:ZIBIG\H23,ZIBIG,20230301
ZIBIGJ2023,ZIBIG J2023-CF,F2:ZIBIG\J23,ZIBIG,20230403
ZIBIGK2023,ZIBIG K2023-CF,F2:ZIBIG\K23,ZIBIG,20230501
ZIBIGM2023,ZIBIG M2023-CF,F2:ZIBIG\M23,ZIBIG,20230601
ZIBIGTH2023,ZIBIGT H2023-CF,F2:ZIBIGT\H23,ZIBIGT,20230301
ZIBIGTJ2023,ZIBIGT J2023-CF,F2:ZIBIGT\J23,ZIBIGT,20230403
ZIBIGTK2023,ZIBIGT K2023-CF,F2:ZIBIGT\K23,ZIBIGT,20230501
ZIBIGTM2023,ZIBIGT M2023-CF,F2:ZIBIGT\M23,ZIBIGT,20230601
ZVAG2023,ZVA G2023-CF,F2:ZVA\G23,ZVA,20230217
ZVAH2023,ZVA H2023-CF,F2:ZVA\H23,ZVA,20230317
ZVAJ2023,ZVA J2023-CF,F2:ZVA\J23,ZVA,20230421
ZVAM2023,ZVA M2023-CF,F2:ZVA\M23,ZVA,20230616
ZVAZ2023,ZVA Z2023-CF,F2:ZVA\Z23,ZVA,20231215
ZVAOG2023,ZVAO G2023-CF,F2:ZVAO\G23,ZVAO,20230217
ZVAOH2023,ZVAO H2023-CF,F2:ZVAO\H23,ZVAO,20230317
ZVAOJ2023,ZVAO J2023-CF,F2:ZVAO\J23,ZVAO,20230421
ZVAOM2023,ZVAO M2023-CF,F2:ZVAO\M23,ZVAO,20230616
ZVAOZ2023,ZVAO Z2023-CF,F2:ZVAO\Z23,ZVAO,20231215
ZVXG2023,ZVX G2023-CF,F2:ZVX\G23,ZVX,20230215
ZVXH2023,ZVX H2023-CF,F2:ZVX\H23,ZVX,20230322
ZVXJ2023,ZVX J2023-CF,F2:ZVX\J23,ZVX,20230419
ZVXK2023,ZVX K2023-CF,F2:ZVX\K23,ZVX,20230517
ZVXM2023,ZVX M2023-CF,F2:ZVX\M23,ZVX,20230621
ZVXN2023,ZVX N2023-CF,F2:ZVX\N23,ZVX,20230719
ZVXQ2023,ZVX Q2023-CF,F2:ZVX\Q23,ZVX,20230816
ZVXU2023,ZVX U2023-CF,F2:ZVX\U23,ZVX,20230920
ZVXV2023,ZVX V2023-CF,F2:ZVX\V23,ZVX,20231018
ZVX08G2023,ZVX08 G2023-CF,F2:ZVX08\G23,ZVX08,20230222
ZVX09H2023,ZVX09 H2023-CF,F2:ZVX09\H23,ZVX09,20230301
ZVX10H2023,ZVX10 H2023-CF,F2:ZVX10\H23,ZVX10,20230307
ZVX11H2023,ZVX11 H2023-CF,F2:ZVX11\H23,ZVX11,20230315
ZVX13H2023,ZVX13 H2023-CF,F2:ZVX13\H23,ZVX13,20230329
ZVX14J2023,ZVX14 J2023-CF,F2:ZVX14\J23,ZVX14,20230405
ZVXMG2023,ZVXM G2023-CF,F2:ZVXM\G23,ZVXM,20230215
ZVXMH2023,ZVXM H2023-CF,F2:ZVXM\H23,ZVXM,20230322
ZVXMJ2023,ZVXM J2023-CF,F2:ZVXM\J23,ZVXM,20230419
ZVXMK2023,ZVXM K2023-CF,F2:ZVXM\K23,ZVXM,20230517
ZVXMM2023,ZVXM M2023-CF,F2:ZVXM\M23,ZVXM,20230621
ZVXMN2023,ZVXM N2023-CF,F2:ZVXM\N23,ZVXM,20230719
ZVXMTG2023,ZVXMT G2023-CF,F2:ZVXMT\G23,ZVXMT,20230215
ZVXMTH2023,ZVXMT H2023-CF,F2:ZVXMT\H23,ZVXMT,20230322
ZVXMTJ2023,ZVXMT J2023-CF,F2:ZVXMT\J23,ZVXMT,20230419
ZVXMTK2023,ZVXMT K2023-CF,F2:ZVXMT\K23,ZVXMT,20230517
ZVXMTM2023,ZVXMT M2023-CF,F2:ZVXMT\M23,ZVXMT,20230621
ZVXMTN2023,ZVXMT N2023-CF,F2:ZVXMT\N23,ZVXMT,20230719
ZVXTG2023,ZVXT G2023-CF,F2:ZVXT\G23,ZVXT,20230215
ZVXTH2023,ZVXT H2023-CF,F2:ZVXT\H23,ZVXT,20230322
ZVXTJ2023,ZVXT J2023-CF,F2:ZVXT\J23,ZVXT,20230419
ZVXTK2023,ZVXT K2023-CF,F2:ZVXT\K23,ZVXT,20230517
ZVXTM2023,ZVXT M2023-CF,F2:ZVXT\M23,ZVXT,20230621
ZVXTN2023,ZVXT N2023-CF,F2:ZVXT\N23,ZVXT,20230719
ZVXTQ2023,ZVXT Q2023-CF,F2:ZVXT\Q23,ZVXT,20230816
ZVXTU2023,ZVXT U2023-CF,F2:ZVXT\U23,ZVXT,20230920
ZVXTV2023,ZVXT V2023-CF,F2:ZVXT\V23,ZVXT,20231018
ZVXT08G2023,ZVXT08 G2023-CF,F2:ZVXT08\G23,ZVXT08,20230222
ZVXT09H2023,ZVXT09 H2023-CF,F2:ZVXT09\H23,ZVXT09,20230301
ZVXT10H2023,ZVXT10 H2023-CF,F2:ZVXT10\H23,ZVXT10,20230307
ZVXT11H2023,ZVXT11 H2023-CF,F2:ZVXT11\H23,ZVXT11,20230315
ZVXT13H2023,ZVXT13 H2023-CF,F2:ZVXT13\H23,ZVXT13,20230329
ZVXT14J2023,ZVXT14 J2023-CF,F2:ZVXT14\J23,ZVXT14,20230405
