ATIK2021,ATI K2021-ICS,F:ATI\K21,ATI,20210528
ATIM2021,ATI M2021-ICS,F:ATI\M21,ATI,20210629
ATIN2021,ATI N2021-ICS,F:ATI\N21,ATI,20210729
ATIQ2021,ATI Q2021-ICS,F:ATI\Q21,ATI,20210830
ATIU2021,ATI U2021-ICS,F:ATI\U21,ATI,20210929
ATIV2021,ATI V2021-ICS,F:ATI\V21,ATI,20211028
ATIX2021,ATI X2021-ICS,F:ATI\X21,ATI,20211129
ATIZ2021,ATI Z2021-ICS,F:ATI\Z21,ATI,20211230
ATIF2022,ATI F2022-ICS,F:ATI\F22,ATI,20220128
ATIG2022,ATI G2022-ICS,F:ATI\G22,ATI,20220225
ATIH2022,ATI H2022-ICS,F:ATI\H22,ATI,20220330
ATIJ2022,ATI J2022-ICS,F:ATI\J22,ATI,20220428
ATIK2022,ATI K2022-ICS,F:ATI\K22,ATI,20220530
ATIM2022,ATI M2022-ICS,F:ATI\M22,ATI,20220629
ATIN2022,ATI N2022-ICS,F:ATI\N22,ATI,20220728
ATIQ2022,ATI Q2022-ICS,F:ATI\Q22,ATI,20220830
ATIU2022,ATI U2022-ICS,F:ATI\U22,ATI,20220929
ATIV2022,ATI V2022-ICS,F:ATI\V22,ATI,20221028
ATIX2022,ATI X2022-ICS,F:ATI\X22,ATI,20221129
ATIZ2022,ATI Z2022-ICS,F:ATI\Z22,ATI,20221229
ATIF2023,ATI F2023-ICS,F:ATI\F23,ATI,20230130
ATIH2023,ATI H2023-ICS,F:ATI\H23,ATI,20230330
ATIM2023,ATI M2023-ICS,F:ATI\M23,ATI,20230629
BMF2016,BM F2016-ICS,F:BM\F16,BM,20151216
BMG2016,BM G2016-ICS,F:BM\G16,BM,20160114
BMH2016,BM H2016-ICS,F:BM\H16,BM,20160129
BMJ2016,BM J2016-ICS,F:BM\J16,BM,20160229
BMK2016,BM K2016-ICS,F:BM\K16,BM,20160331
BMM2016,BM M2016-ICS,F:BM\M16,BM,20160429
BMN2016,BM N2016-ICS,F:BM\N16,BM,20160531
BMQ2016,BM Q2016-ICS,F:BM\Q16,BM,20160630
BMU2016,BM U2016-ICS,F:BM\U16,BM,20160729
BMV2016,BM V2016-ICS,F:BM\V16,BM,20160831
BMX2016,BM X2016-ICS,F:BM\X16,BM,20160930
BMZ2016,BM Z2016-ICS,F:BM\Z16,BM,20161031
BMF2017,BM F2017-ICS,F:BM\F17,BM,20161130
BMG2017,BM G2017-ICS,F:BM\G17,BM,20161229
BMH2017,BM H2017-ICS,F:BM\H17,BM,20170131
BMK2017,BM K2017-ICS,F:BM\K17,BM,20170331
BMM2017,BM M2017-ICS,F:BM\M17,BM,20170428
BMN2017,BM N2017-ICS,F:BM\N17,BM,20170531
BMQ2017,BM Q2017-ICS,F:BM\Q17,BM,20170630
BMU2017,BM U2017-ICS,F:BM\U17,BM,20170731
BMV2017,BM V2017-ICS,F:BM\V17,BM,20170831
BMX2017,BM X2017-ICS,F:BM\X17,BM,20170929
BMZ2017,BM Z2017-ICS,F:BM\Z17,BM,20171031
BMF2018,BM F2018-ICS,F:BM\F18,BM,20171130
BMG2018,BM G2018-ICS,F:BM\G18,BM,20171228
BMH2018,BM H2018-ICS,F:BM\H18,BM,20180131
BMJ2018,BM J2018-ICS,F:BM\J18,BM,20180228
BMK2018,BM K2018-ICS,F:BM\K18,BM,20180329
BMM2018,BM M2018-ICS,F:BM\M18,BM,20180430
BMN2018,BM N2018-ICS,F:BM\N18,BM,20180531
BMQ2018,BM Q2018-ICS,F:BM\Q18,BM,20180629
BMU2018,BM U2018-ICS,F:BM\U18,BM,20180731
BMV2018,BM V2018-ICS,F:BM\V18,BM,20180831
BMX2018,BM X2018-ICS,F:BM\X18,BM,20180928
BMZ2018,BM Z2018-ICS,F:BM\Z18,BM,20181031
BMF2019,BM F2019-ICS,F:BM\F19,BM,20181130
BMG2019,BM G2019-ICS,F:BM\G19,BM,20181228
BMH2019,BM H2019-ICS,F:BM\H19,BM,20190131
BMJ2019,BM J2019-ICS,F:BM\J19,BM,20190228
BMK2019,BM K2019-ICS,F:BM\K19,BM,20190329
BMM2019,BM M2019-ICS,F:BM\M19,BM,20190430
BMN2019,BM N2019-ICS,F:BM\N19,BM,20190531
BMQ2019,BM Q2019-ICS,F:BM\Q19,BM,20190628
BMU2019,BM U2019-ICS,F:BM\U19,BM,20190731
BMV2019,BM V2019-ICS,F:BM\V19,BM,20190830
BMX2019,BM X2019-ICS,F:BM\X19,BM,20190930
BMZ2019,BM Z2019-ICS,F:BM\Z19,BM,20191031
BMF2020,BM F2020-ICS,F:BM\F20,BM,20191129
BMG2020,BM G2020-ICS,F:BM\G20,BM,20191230
BMH2020,BM H2020-ICS,F:BM\H20,BM,20200131
BMJ2020,BM J2020-ICS,F:BM\J20,BM,20200228
BMK2020,BM K2020-ICS,F:BM\K20,BM,20200331
BMM2020,BM M2020-ICS,F:BM\M20,BM,20200430
BMN2020,BM N2020-ICS,F:BM\N20,BM,20200529
BMQ2020,BM Q2020-ICS,F:BM\Q20,BM,20200630
BMU2020,BM U2020-ICS,F:BM\U20,BM,20200731
BMV2020,BM V2020-ICS,F:BM\V20,BM,20200828
BMX2020,BM X2020-ICS,F:BM\X20,BM,20200930
BMZ2020,BM Z2020-ICS,F:BM\Z20,BM,20201030
BMF2021,BM F2021-ICS,F:BM\F21,BM,20201130
BMG2021,BM G2021-ICS,F:BM\G21,BM,20201230
BMH2021,BM H2021-ICS,F:BM\H21,BM,20210129
BMJ2021,BM J2021-ICS,F:BM\J21,BM,20210226
BMK2021,BM K2021-ICS,F:BM\K21,BM,20210331
BMM2021,BM M2021-ICS,F:BM\M21,BM,20210430
BMN2021,BM N2021-ICS,F:BM\N21,BM,20210528
BMQ2021,BM Q2021-ICS,F:BM\Q21,BM,20210630
BMU2021,BM U2021-ICS,F:BM\U21,BM,20210730
BMV2021,BM V2021-ICS,F:BM\V21,BM,20210831
BMX2021,BM X2021-ICS,F:BM\X21,BM,20210930
BMZ2021,BM Z2021-ICS,F:BM\Z21,BM,20211029
BMF2022,BM F2022-ICS,F:BM\F22,BM,20211130
BMG2022,BM G2022-ICS,F:BM\G22,BM,20211230
BMH2022,BM H2022-ICS,F:BM\H22,BM,20220131
BMJ2022,BM J2022-ICS,F:BM\J22,BM,20220228
BMK2022,BM K2022-ICS,F:BM\K22,BM,20220331
BMM2022,BM M2022-ICS,F:BM\M22,BM,20220429
BMN2022,BM N2022-ICS,F:BM\N22,BM,20220531
BMQ2022,BM Q2022-ICS,F:BM\Q22,BM,20220630
BMU2022,BM U2022-ICS,F:BM\U22,BM,20220729
BMV2022,BM V2022-ICS,F:BM\V22,BM,20220831
BMX2022,BM X2022-ICS,F:BM\X22,BM,20220930
BMZ2022,BM Z2022-ICS,F:BM\Z22,BM,20221031
BMF2023,BM F2023-ICS,F:BM\F23,BM,20221130
BMG2023,BM G2023-ICS,F:BM\G23,BM,20221229
BMH2023,BM H2023-ICS,F:BM\H23,BM,20230131
BMJ2023,BM J2023-ICS,F:BM\J23,BM,20230228
BMK2023,BM K2023-ICS,F:BM\K23,BM,20230331
BMM2023,BM M2023-ICS,F:BM\M23,BM,20230428
BMN2023,BM N2023-ICS,F:BM\N23,BM,20230531
BMQ2023,BM Q2023-ICS,F:BM\Q23,BM,20230630
BMU2023,BM U2023-ICS,F:BM\U23,BM,20230731
BMV2023,BM V2023-ICS,F:BM\V23,BM,20230831
BMX2023,BM X2023-ICS,F:BM\X23,BM,20230929
BMZ2023,BM Z2023-ICS,F:BM\Z23,BM,20231031
BMF2024,BM F2024-ICS,F:BM\F24,BM,20231130
BMG2024,BM G2024-ICS,F:BM\G24,BM,20231228
BMH2024,BM H2024-ICS,F:BM\H24,BM,20240131
BMJ2024,BM J2024-ICS,F:BM\J24,BM,20240229
BMK2024,BM K2024-ICS,F:BM\K24,BM,20240328
BMM2024,BM M2024-ICS,F:BM\M24,BM,20240430
BMN2024,BM N2024-ICS,F:BM\N24,BM,20240531
BMQ2024,BM Q2024-ICS,F:BM\Q24,BM,20240628
BMU2024,BM U2024-ICS,F:BM\U24,BM,20240731
BMV2024,BM V2024-ICS,F:BM\V24,BM,20240830
BMX2024,BM X2024-ICS,F:BM\X24,BM,20240930
BMZ2024,BM Z2024-ICS,F:BM\Z24,BM,20241031
BMF2025,BM F2025-ICS,F:BM\F25,BM,20241129
BMG2025,BM G2025-ICS,F:BM\G25,BM,20241230
BMH2025,BM H2025-ICS,F:BM\H25,BM,20250131
BMJ2025,BM J2025-ICS,F:BM\J25,BM,20250228
BMK2025,BM K2025-ICS,F:BM\K25,BM,20250331
BMM2025,BM M2025-ICS,F:BM\M25,BM,20250430
BMN2025,BM N2025-ICS,F:BM\N25,BM,20250530
BMQ2025,BM Q2025-ICS,F:BM\Q25,BM,20250630
BMU2025,BM U2025-ICS,F:BM\U25,BM,20250731
BMV2025,BM V2025-ICS,F:BM\V25,BM,20250829
BMX2025,BM X2025-ICS,F:BM\X25,BM,20250930
BMZ2025,BM Z2025-ICS,F:BM\Z25,BM,20251031
BMF2026,BM F2026-ICS,F:BM\F26,BM,20251128
BMG2026,BM G2026-ICS,F:BM\G26,BM,20251230
BMH2026,BM H2026-ICS,F:BM\H26,BM,20260130
BMJ2026,BM J2026-ICS,F:BM\J26,BM,20260227
BMK2026,BM K2026-ICS,F:BM\K26,BM,20260331
BMM2026,BM M2026-ICS,F:BM\M26,BM,20260430
BMN2026,BM N2026-ICS,F:BM\N26,BM,20260529
BMQ2026,BM Q2026-ICS,F:BM\Q26,BM,20260630
BMU2026,BM U2026-ICS,F:BM\U26,BM,20260731
BMV2026,BM V2026-ICS,F:BM\V26,BM,20260828
BMX2026,BM X2026-ICS,F:BM\X26,BM,20260930
BMZ2026,BM Z2026-ICS,F:BM\Z26,BM,20261030
BMF2027,BM F2027-ICS,F:BM\F27,BM,20261130
BMG2027,BM G2027-ICS,F:BM\G27,BM,20261230
BMH2027,BM H2027-ICS,F:BM\H27,BM,20270129
BMJ2027,BM J2027-ICS,F:BM\J27,BM,20270226
BMK2027,BM K2027-ICS,F:BM\K27,BM,20270331
BMM2027,BM M2027-ICS,F:BM\M27,BM,20270430
BMN2027,BM N2027-ICS,F:BM\N27,BM,20270528
BMQ2027,BM Q2027-ICS,F:BM\Q27,BM,20270630
BMU2027,BM U2027-ICS,F:BM\U27,BM,20270730
BMV2027,BM V2027-ICS,F:BM\V27,BM,20270831
BMX2027,BM X2027-ICS,F:BM\X27,BM,20270930
BMZ2027,BM Z2027-ICS,F:BM\Z27,BM,20271029
BMF2028,BM F2028-ICS,F:BM\F28,BM,20271130
BMG2028,BM G2028-ICS,F:BM\G28,BM,20271230
BMH2028,BM H2028-ICS,F:BM\H28,BM,20280131
BMJ2028,BM J2028-ICS,F:BM\J28,BM,20280229
BMK2028,BM K2028-ICS,F:BM\K28,BM,20280331
BMM2028,BM M2028-ICS,F:BM\M28,BM,20280428
BMN2028,BM N2028-ICS,F:BM\N28,BM,20280531
BMQ2028,BM Q2028-ICS,F:BM\Q28,BM,20280630
BMU2028,BM U2028-ICS,F:BM\U28,BM,20280731
BMV2028,BM V2028-ICS,F:BM\V28,BM,20280831
BMX2028,BM X2028-ICS,F:BM\X28,BM,20280929
BMZ2028,BM Z2028-ICS,F:BM\Z28,BM,20281031
BMF2029,BM F2029-ICS,F:BM\F29,BM,20281130
BMG2029,BM G2029-ICS,F:BM\G29,BM,20281228
BMH2029,BM H2029-ICS,F:BM\H29,BM,20290131
BMJ2029,BM J2029-ICS,F:BM\J29,BM,20290228
BMK2029,BM K2029-ICS,F:BM\K29,BM,20290329
BMM2029,BM M2029-ICS,F:BM\M29,BM,20290430
BMN2029,BM N2029-ICS,F:BM\N29,BM,20290531
BMQ2029,BM Q2029-ICS,F:BM\Q29,BM,20290629
BMU2029,BM U2029-ICS,F:BM\U29,BM,20290731
BMV2029,BM V2029-ICS,F:BM\V29,BM,20290831
BMX2029,BM X2029-ICS,F:BM\X29,BM,20290928
BMZ2029,BM Z2029-ICS,F:BM\Z29,BM,20291031
BMF2030,BM F2030-ICS,F:BM\F30,BM,20291130
BMG2030,BM G2030-ICS,F:BM\G30,BM,20291228
BMH2030,BM H2030-ICS,F:BM\H30,BM,20300131
BM.MD1U2021,BM.MD1 U21-ICS,F:BM.MD1\U21,BM.MD1,20210730
BM.MD1V2021,BM.MD1 V21-ICS,F:BM.MD1\V21,BM.MD1,20210831
BM.MD1X2021,BM.MD1 X21-ICS,F:BM.MD1\X21,BM.MD1,20210930
BM.MD1Z2021,BM.MD1 Z21-ICS,F:BM.MD1\Z21,BM.MD1,20211029
BM.ME1Z2021,BM.ME1 Z21-ICS,F:BM.ME1\Z21,BM.ME1,20210719
BM.ME1V2021,BM.ME1 V21-ICS,F:BM.ME1\V21,BM.ME1,20210719
BM.ME1U2021,BM.ME1 U2021-ICS,F:BM.ME1\U21,BM.ME1,20210719
BM.ME1X2021,BM.ME1 X21-ICS,F:BM.ME1\X21,BM.ME1,20210719
BM.ME1H2022,BM.ME1 H22-ICS,F:BM.ME1\H22,BM.ME1,20211103
BM.ME1G2022,BM.ME1 G22-ICS,F:BM.ME1\G22,BM.ME1,20211103
BM.ME1F2022,BM.ME1 F2022-ICS,F:BM.ME1\F22,BM.ME1,20211103
BM.ME1J2022,BM.ME1 J22-ICS,F:BM.ME1\J22,BM.ME1,20211103
BM.ME1M2022,BM.ME1 M2022-ICS,F:BM.ME1\M22,BM.ME1,20220429
BM.ME1N2022,BM.ME1 N2022-ICS,F:BM.ME1\N22,BM.ME1,20220513
BM.ME1Q2022,BM.ME1 Q22-ICS,F:BM.ME1\Q22,BM.ME1,20220513
BM.ME1U2022,BM.ME1 U2022-ICS,F:BM.ME1\U22,BM.ME1,20220708
BM.ME1V2022,BM.ME1 V22-ICS,F:BM.ME1\V22,BM.ME1,20220808
BM.ME1Z2022,BM.ME1 Z22-ICS,F:BM.ME1\Z22,BM.ME1,20220808
BM.ME1X2022,BM.ME1 X22-ICS,F:BM.ME1\X22,BM.ME1,20220808
BM.ME1F2023,BM.ME1 F23-ICS,F:BM.ME1\F23,BM.ME1,20220808
BM.MM1U2021,BM.MM1 U21-ICS,F:BM.MM1\U21,BM.MM1,20210730
BM.MM1V2021,BM.MM1 V21-ICS,F:BM.MM1\V21,BM.MM1,20210831
BM.MM1X2021,BM.MM1 X21-ICS,F:BM.MM1\X21,BM.MM1,20210930
BM.MM1Z2021,BM.MM1 Z21-ICS,F:BM.MM1\Z21,BM.MM1,20211029
BM.ZU2021,BM.Z U21-ICS,F:BM.Z\U21,BM.Z,20210730
BM.ZV2021,BM.Z V21-ICS,F:BM.Z\V21,BM.Z,20210831
BM.ZX2021,BM.Z X21-ICS,F:BM.Z\X21,BM.Z,20210930
BM.ZZ2021,BM.Z Z21-ICS,F:BM.Z\Z21,BM.Z,20211029
BMCZ2019,BMC Z2019-ICS,F:BMC\Z19,BMC,20191218
BMCF2020,BMC F2020-ICS,F:BMC\F20,BMC,20200115
BMCG2020,BMC G2020-ICS,F:BMC\G20,BMC,20200219
BMCH2020,BMC H2020-ICS,F:BMC\H20,BMC,20200318
BMCJ2020,BMC J2020-ICS,F:BMC\J20,BMC,20200415
BMCK2020,BMC K2020-ICS,F:BMC\K20,BMC,20200520
BMCM2020,BMC M2020-ICS,F:BMC\M20,BMC,20200617
BMCN2020,BMC N2020-ICS,F:BMC\N20,BMC,20200715
BMCQ2020,BMC Q2020-ICS,F:BMC\Q20,BMC,20200819
BMCU2020,BMC U2020-ICS,F:BMC\U20,BMC,20200916
BMCV2020,BMC V2020-ICS,F:BMC\V20,BMC,20201015
BMCX2020,BMC X2020-ICS,F:BMC\X20,BMC,20201119
BMCZ2020,BMC Z2020-ICS,F:BMC\Z20,BMC,20201217
BMCF2021,BMC F2021-ICS,F:BMC\F21,BMC,20210114
BMCG2021,BMC G2021-ICS,F:BMC\G21,BMC,20210218
BMCH2021,BMC H2021-ICS,F:BMC\H21,BMC,20210318
BMCJ2021,BMC J2021-ICS,F:BMC\J21,BMC,20210415
BMCK2021,BMC K2021-ICS,F:BMC\K21,BMC,20210520
BMCM2021,BMC M2021-ICS,F:BMC\M21,BMC,20210617
BMCN2021,BMC N2021-ICS,F:BMC\N21,BMC,20210715
BMCQ2021,BMC Q2021-ICS,F:BMC\Q21,BMC,20210819
BMCU2021,BMC U2021-ICS,F:BMC\U21,BMC,20210916
BMCV2021,BMC V2021-ICS,F:BMC\V21,BMC,20211014
BMCX2021,BMC X2021-ICS,F:BMC\X21,BMC,20211118
BMCZ2021,BMC Z2021-ICS,F:BMC\Z21,BMC,20211216
BMCF2022,BMC F2022-ICS,F:BMC\F22,BMC,20220120
BMCG2022,BMC G2022-ICS,F:BMC\G22,BMC,20220224
BMCH2022,BMC H2022-ICS,F:BMC\H22,BMC,20220324
BMCJ2022,BMC J2022-ICS,F:BMC\J22,BMC,20220428
BMCK2022,BMC K2022-ICS,F:BMC\K22,BMC,20220526
BMCM2022,BMC M2022-ICS,F:BMC\M22,BMC,20220623
BMCN2022,BMC N2022-ICS,F:BMC\N22,BMC,20220728
BMCQ2022,BMC Q2022-ICS,F:BMC\Q22,BMC,20220825
BMCU2022,BMC U2022-ICS,F:BMC\U22,BMC,20220929
BMCV2022,BMC V2022-ICS,F:BMC\V22,BMC,20221027
BMCX2022,BMC X2022-ICS,F:BMC\X22,BMC,20221124
BMCZ2022,BMC Z2022-ICS,F:BMC\Z22,BMC,20221229
BMCF2023,BMC F2023-ICS,F:BMC\F23,BMC,20230126
BMCG2023,BMC G2023-ICS,F:BMC\G23,BMC,20230223
BMCH2023,BMC H2023-ICS,F:BMC\H23,BMC,20230330
BMCJ2023,BMC J2023-ICS,F:BMC\J23,BMC,20230427
BMCK2023,BMC K2023-ICS,F:BMC\K23,BMC,20230525
BMCM2023,BMC M2023-ICS,F:BMC\M23,BMC,20230629
BMCN2023,BMC N2023-ICS,F:BMC\N23,BMC,20230727
BMCQ2023,BMC Q2023-ICS,F:BMC\Q23,BMC,20230824
BMCU2023,BMC U2023-ICS,F:BMC\U23,BMC,20230928
BMCV2023,BMC V2023-ICS,F:BMC\V23,BMC,20231026
BMCX2023,BMC X2023-ICS,F:BMC\X23,BMC,20231123
BMC.ZN2021,BMC.Z N2021-ICS,F:BMC.Z\N21,BMC.Z,20210715
BMC.ZQ2021,BMC.Z Q21-ICS,F:BMC.Z\Q21,BMC.Z,20210819
CHMZ2015,CHM Z2015-ICS,F:CHM\Z15,CHM,20151214
CHMF2016,CHM F2016-ICS,F:CHM\F16,CHM,20160118
CHMG2016,CHM G2016-ICS,F:CHM\G16,CHM,20160215
CHMH2016,CHM H2016-ICS,F:CHM\H16,CHM,20160314
CHMJ2016,CHM J2016-ICS,F:CHM\J16,CHM,20160418
CHMK2016,CHM K2016-ICS,F:CHM\K16,CHM,20160516
CHMM2016,CHM M2016-ICS,F:CHM\M16,CHM,20160613
CHMN2016,CHM N2016-ICS,F:CHM\N16,CHM,20160718
CHMQ2016,CHM Q2016-ICS,F:CHM\Q16,CHM,20160815
CHMU2016,CHM U2016-ICS,F:CHM\U16,CHM,20160919
CHMV2016,CHM V2016-ICS,F:CHM\V16,CHM,20161017
CHMX2016,CHM X2016-ICS,F:CHM\X16,CHM,20161114
CHMZ2016,CHM Z2016-ICS,F:CHM\Z16,CHM,20161219
CHMF2017,CHM F2017-ICS,F:CHM\F17,CHM,20170116
CHMG2017,CHM G2017-ICS,F:CHM\G17,CHM,20170213
CHMH2017,CHM H2017-ICS,F:CHM\H17,CHM,20170313
CHMJ2017,CHM J2017-ICS,F:CHM\J17,CHM,20170417
CHMK2017,CHM K2017-ICS,F:CHM\K17,CHM,20170515
CHMM2017,CHM M2017-ICS,F:CHM\M17,CHM,20170619
CHMN2017,CHM N2017-ICS,F:CHM\N17,CHM,20170717
CHMQ2017,CHM Q2017-ICS,F:CHM\Q17,CHM,20170814
CHMU2017,CHM U2017-ICS,F:CHM\U17,CHM,20170918
CHMV2017,CHM V2017-ICS,F:CHM\V17,CHM,20171016
CHMX2017,CHM X2017-ICS,F:CHM\X17,CHM,20171113
CHMZ2017,CHM Z2017-ICS,F:CHM\Z17,CHM,20171218
CHMF2018,CHM F2018-ICS,F:CHM\F18,CHM,20180115
CHMG2018,CHM G2018-ICS,F:CHM\G18,CHM,20180219
CHMH2018,CHM H2018-ICS,F:CHM\H18,CHM,20180319
CHMJ2018,CHM J2018-ICS,F:CHM\J18,CHM,20180416
CHMK2018,CHM K2018-ICS,F:CHM\K18,CHM,20180514
CHMM2018,CHM M2018-ICS,F:CHM\M18,CHM,20180618
CHMN2018,CHM N2018-ICS,F:CHM\N18,CHM,20180716
CHMQ2018,CHM Q2018-ICS,F:CHM\Q18,CHM,20180813
CHMU2018,CHM U2018-ICS,F:CHM\U18,CHM,20180917
CHMV2018,CHM V2018-ICS,F:CHM\V18,CHM,20181015
CHMX2018,CHM X2018-ICS,F:CHM\X18,CHM,20181119
CHMZ2018,CHM Z2018-ICS,F:CHM\Z18,CHM,20181217
CHMF2019,CHM F2019-ICS,F:CHM\F19,CHM,20190114
CHMG2019,CHM G2019-ICS,F:CHM\G19,CHM,20190218
CHMH2019,CHM H2019-ICS,F:CHM\H19,CHM,20190318
CHMJ2019,CHM J2019-ICS,F:CHM\J19,CHM,20190415
CHMK2019,CHM K2019-ICS,F:CHM\K19,CHM,20190513
CHMM2019,CHM M2019-ICS,F:CHM\M19,CHM,20190617
CHMN2019,CHM N2019-ICS,F:CHM\N19,CHM,20190715
CHMQ2019,CHM Q2019-ICS,F:CHM\Q19,CHM,20190819
CHMU2019,CHM U2019-ICS,F:CHM\U19,CHM,20190916
CHMV2019,CHM V2019-ICS,F:CHM\V19,CHM,20191014
CHMX2019,CHM X2019-ICS,F:CHM\X19,CHM,20191118
CHMZ2019,CHM Z2019-ICS,F:CHM\Z19,CHM,20191216
CHMF2020,CHM F2020-ICS,F:CHM\F20,CHM,20200113
CHMG2020,CHM G2020-ICS,F:CHM\G20,CHM,20200217
CHMH2020,CHM H2020-ICS,F:CHM\H20,CHM,20200316
CHMJ2020,CHM J2020-ICS,F:CHM\J20,CHM,20200413
CHMK2020,CHM K2020-ICS,F:CHM\K20,CHM,20200518
CHMM2020,CHM M2020-ICS,F:CHM\M20,CHM,20200615
CHMN2020,CHM N2020-ICS,F:CHM\N20,CHM,20200713
CHMQ2020,CHM Q2020-ICS,F:CHM\Q20,CHM,20200817
CHMU2020,CHM U2020-ICS,F:CHM\U20,CHM,20200914
CHMV2020,CHM V2020-ICS,F:CHM\V20,CHM,20201019
CHMX2020,CHM X2020-ICS,F:CHM\X20,CHM,20201116
CHMZ2020,CHM Z2020-ICS,F:CHM\Z20,CHM,20201214
CHMF2021,CHM F2021-ICS,F:CHM\F21,CHM,20210118
CHMG2021,CHM G2021-ICS,F:CHM\G21,CHM,20210211
CHMH2021,CHM H2021-ICS,F:CHM\H21,CHM,20210315
CHMJ2021,CHM J2021-ICS,F:CHM\J21,CHM,20210419
CHMK2021,CHM K2021-ICS,F:CHM\K21,CHM,20210517
CHMM2021,CHM M2021-ICS,F:CHM\M21,CHM,20210611
CHMN2021,CHM N2021-ICS,F:CHM\N21,CHM,20210719
CHMQ2021,CHM Q2021-ICS,F:CHM\Q21,CHM,20210816
CHMU2021,CHM U2021-ICS,F:CHM\U21,CHM,20210913
CHMV2021,CHM V2021-ICS,F:CHM\V21,CHM,20211018
CHMX2021,CHM X2021-ICS,F:CHM\X21,CHM,20211115
CHMZ2021,CHM Z2021-ICS,F:CHM\Z21,CHM,20211213
CHMF2022,CHM F2022-ICS,F:CHM\F22,CHM,20220117
CHMG2022,CHM G2022-ICS,F:CHM\G22,CHM,20220214
CHMH2022,CHM H2022-ICS,F:CHM\H22,CHM,20220314
CHMJ2022,CHM J2022-ICS,F:CHM\J22,CHM,20220414
CHMK2022,CHM K2022-ICS,F:CHM\K22,CHM,20220516
CHMM2022,CHM M2022-ICS,F:CHM\M22,CHM,20220613
CHMN2022,CHM N2022-ICS,F:CHM\N22,CHM,20220718
CHMQ2022,CHM Q2022-ICS,F:CHM\Q22,CHM,20220815
CHMU2022,CHM U2022-ICS,F:CHM\U22,CHM,20220919
CHMV2022,CHM V2022-ICS,F:CHM\V22,CHM,20221017
CHMX2022,CHM X2022-ICS,F:CHM\X22,CHM,20221114
CHMZ2022,CHM Z2022-ICS,F:CHM\Z22,CHM,20221219
CHMF2023,CHM F2023-ICS,F:CHM\F23,CHM,20230116
CHMG2023,CHM G2023-ICS,F:CHM\G23,CHM,20230213
CHMH2023,CHM H2023-ICS,F:CHM\H23,CHM,20230313
CHMJ2023,CHM J2023-ICS,F:CHM\J23,CHM,20230417
CHMK2023,CHM K2023-ICS,F:CHM\K23,CHM,20230515
CHMM2023,CHM M2023-ICS,F:CHM\M23,CHM,20230619
CHMN2023,CHM N2023-ICS,F:CHM\N23,CHM,20230717
CHMQ2023,CHM Q2023-ICS,F:CHM\Q23,CHM,20230814
CHMU2023,CHM U2023-ICS,F:CHM\U23,CHM,20230918
CHMV2023,CHM V2023-ICS,F:CHM\V23,CHM,20231016
CHMX2023,CHM X2023-ICS,F:CHM\X23,CHM,20231113
CHMZ2023,CHM Z2023-ICS,F:CHM\Z23,CHM,20231218
CHMF2024,CHM F2024-ICS,F:CHM\F24,CHM,20240115
CNMZ2015,CNM Z2015-ICS,F:CNM\Z15,CNM,20151214
CNMF2016,CNM F2016-ICS,F:CNM\F16,CNM,20160118
CNMG2016,CNM G2016-ICS,F:CNM\G16,CNM,20160215
CNMH2016,CNM H2016-ICS,F:CNM\H16,CNM,20160314
CNMJ2016,CNM J2016-ICS,F:CNM\J16,CNM,20160418
CNMK2016,CNM K2016-ICS,F:CNM\K16,CNM,20160516
CNMM2016,CNM M2016-ICS,F:CNM\M16,CNM,20160613
CNMN2016,CNM N2016-ICS,F:CNM\N16,CNM,20160718
CNMQ2016,CNM Q2016-ICS,F:CNM\Q16,CNM,20160815
CNMU2016,CNM U2016-ICS,F:CNM\U16,CNM,20160919
CNMV2016,CNM V2016-ICS,F:CNM\V16,CNM,20161017
CNMX2016,CNM X2016-ICS,F:CNM\X16,CNM,20161114
CNMZ2016,CNM Z2016-ICS,F:CNM\Z16,CNM,20161219
CNMF2017,CNM F2017-ICS,F:CNM\F17,CNM,20170116
CNMG2017,CNM G2017-ICS,F:CNM\G17,CNM,20170213
CNMH2017,CNM H2017-ICS,F:CNM\H17,CNM,20170313
CNMJ2017,CNM J2017-ICS,F:CNM\J17,CNM,20170417
CNMK2017,CNM K2017-ICS,F:CNM\K17,CNM,20170515
CNMM2017,CNM M2017-ICS,F:CNM\M17,CNM,20170619
CNMN2017,CNM N2017-ICS,F:CNM\N17,CNM,20170717
CNMQ2017,CNM Q2017-ICS,F:CNM\Q17,CNM,20170814
CNMU2017,CNM U2017-ICS,F:CNM\U17,CNM,20170918
CNMV2017,CNM V2017-ICS,F:CNM\V17,CNM,20171016
CNMX2017,CNM X2017-ICS,F:CNM\X17,CNM,20171113
CNMZ2017,CNM Z2017-ICS,F:CNM\Z17,CNM,20171218
CNMF2018,CNM F2018-ICS,F:CNM\F18,CNM,20180115
CNMG2018,CNM G2018-ICS,F:CNM\G18,CNM,20180219
CNMH2018,CNM H2018-ICS,F:CNM\H18,CNM,20180319
CNMJ2018,CNM J2018-ICS,F:CNM\J18,CNM,20180416
CNMK2018,CNM K2018-ICS,F:CNM\K18,CNM,20180514
CNMM2018,CNM M2018-ICS,F:CNM\M18,CNM,20180618
CNMN2018,CNM N2018-ICS,F:CNM\N18,CNM,20180716
CNMQ2018,CNM Q2018-ICS,F:CNM\Q18,CNM,20180813
CNMU2018,CNM U2018-ICS,F:CNM\U18,CNM,20180917
CNMV2018,CNM V2018-ICS,F:CNM\V18,CNM,20181015
CNMX2018,CNM X2018-ICS,F:CNM\X18,CNM,20181119
CNMZ2018,CNM Z2018-ICS,F:CNM\Z18,CNM,20181217
CNMF2019,CNM F2019-ICS,F:CNM\F19,CNM,20190114
CNMG2019,CNM G2019-ICS,F:CNM\G19,CNM,20190218
CNMH2019,CNM H2019-ICS,F:CNM\H19,CNM,20190318
CNMJ2019,CNM J2019-ICS,F:CNM\J19,CNM,20190415
CNMK2019,CNM K2019-ICS,F:CNM\K19,CNM,20190513
CNMM2019,CNM M2019-ICS,F:CNM\M19,CNM,20190617
CNMN2019,CNM N2019-ICS,F:CNM\N19,CNM,20190715
CNMQ2019,CNM Q2019-ICS,F:CNM\Q19,CNM,20190819
CNMU2019,CNM U2019-ICS,F:CNM\U19,CNM,20190916
CNMV2019,CNM V2019-ICS,F:CNM\V19,CNM,20191014
CNMX2019,CNM X2019-ICS,F:CNM\X19,CNM,20191118
CNMZ2019,CNM Z2019-ICS,F:CNM\Z19,CNM,20191216
CNMF2020,CNM F2020-ICS,F:CNM\F20,CNM,20200113
CNMG2020,CNM G2020-ICS,F:CNM\G20,CNM,20200217
CNMH2020,CNM H2020-ICS,F:CNM\H20,CNM,20200316
CNMJ2020,CNM J2020-ICS,F:CNM\J20,CNM,20200413
CNMK2020,CNM K2020-ICS,F:CNM\K20,CNM,20200518
CNMM2020,CNM M2020-ICS,F:CNM\M20,CNM,20200615
CNMN2020,CNM N2020-ICS,F:CNM\N20,CNM,20200713
CNMQ2020,CNM Q2020-ICS,F:CNM\Q20,CNM,20200817
CNMU2020,CNM U2020-ICS,F:CNM\U20,CNM,20200914
CNMV2020,CNM V2020-ICS,F:CNM\V20,CNM,20201019
CNMX2020,CNM X2020-ICS,F:CNM\X20,CNM,20201116
CNMZ2020,CNM Z2020-ICS,F:CNM\Z20,CNM,20201214
CNMF2021,CNM F2021-ICS,F:CNM\F21,CNM,20210118
CNMG2021,CNM G2021-ICS,F:CNM\G21,CNM,20210209
CNMH2021,CNM H2021-ICS,F:CNM\H21,CNM,20210315
CNMJ2021,CNM J2021-ICS,F:CNM\J21,CNM,20210419
CNMK2021,CNM K2021-ICS,F:CNM\K21,CNM,20210517
CNMM2021,CNM M2021-ICS,F:CNM\M21,CNM,20210611
CNMN2021,CNM N2021-ICS,F:CNM\N21,CNM,20210719
CNMQ2021,CNM Q2021-ICS,F:CNM\Q21,CNM,20210816
CNMU2021,CNM U2021-ICS,F:CNM\U21,CNM,20210913
CNMV2021,CNM V2021-ICS,F:CNM\V21,CNM,20211018
CNMX2021,CNM X2021-ICS,F:CNM\X21,CNM,20211115
CNMZ2021,CNM Z2021-ICS,F:CNM\Z21,CNM,20211213
CNMF2022,CNM F2022-ICS,F:CNM\F22,CNM,20220117
CNMG2022,CNM G2022-ICS,F:CNM\G22,CNM,20220214
CNMH2022,CNM H2022-ICS,F:CNM\H22,CNM,20220314
CNMJ2022,CNM J2022-ICS,F:CNM\J22,CNM,20220418
CNMK2022,CNM K2022-ICS,F:CNM\K22,CNM,20220516
CNMM2022,CNM M2022-ICS,F:CNM\M22,CNM,20220613
CNMN2022,CNM N2022-ICS,F:CNM\N22,CNM,20220718
CNMQ2022,CNM Q2022-ICS,F:CNM\Q22,CNM,20220815
CNMU2022,CNM U2022-ICS,F:CNM\U22,CNM,20220919
CNMV2022,CNM V2022-ICS,F:CNM\V22,CNM,20221017
CNMX2022,CNM X2022-ICS,F:CNM\X22,CNM,20221114
CNMZ2022,CNM Z2022-ICS,F:CNM\Z22,CNM,20221219
CNMF2023,CNM F2023-ICS,F:CNM\F23,CNM,20230116
CNMG2023,CNM G2023-ICS,F:CNM\G23,CNM,20230213
CNMH2023,CNM H2023-ICS,F:CNM\H23,CNM,20230313
CNMJ2023,CNM J2023-ICS,F:CNM\J23,CNM,20230417
CNMK2023,CNM K2023-ICS,F:CNM\K23,CNM,20230515
CNMM2023,CNM M2023-ICS,F:CNM\M23,CNM,20230619
CNMN2023,CNM N2023-ICS,F:CNM\N23,CNM,20230717
CNMQ2023,CNM Q2023-ICS,F:CNM\Q23,CNM,20230814
CNMU2023,CNM U2023-ICS,F:CNM\U23,CNM,20230918
CNMV2023,CNM V2023-ICS,F:CNM\V23,CNM,20231016
CNMX2023,CNM X2023-ICS,F:CNM\X23,CNM,20231113
CNMZ2023,CNM Z2023-ICS,F:CNM\Z23,CNM,20231218
CNMF2024,CNM F2024-ICS,F:CNM\F24,CNM,20240115
GMZ2015,GM Z2015-ICS,F:GM\Z15,GM,20151209
GMF2016,GM F2016-ICS,F:GM\F16,GM,20160111
GMG2016,GM G2016-ICS,F:GM\G16,GM,20160210
GMH2016,GM H2016-ICS,F:GM\H16,GM,20160309
GMJ2016,GM J2016-ICS,F:GM\J16,GM,20160411
GMK2016,GM K2016-ICS,F:GM\K16,GM,20160511
GMM2016,GM M2016-ICS,F:GM\M16,GM,20160609
GMN2016,GM N2016-ICS,F:GM\N16,GM,20160711
GMQ2016,GM Q2016-ICS,F:GM\Q16,GM,20160810
GMU2016,GM U2016-ICS,F:GM\U16,GM,20160909
GMV2016,GM V2016-ICS,F:GM\V16,GM,20161011
GMX2016,GM X2016-ICS,F:GM\X16,GM,20161109
GMZ2016,GM Z2016-ICS,F:GM\Z16,GM,20161209
GMF2017,GM F2017-ICS,F:GM\F17,GM,20170111
GMG2017,GM G2017-ICS,F:GM\G17,GM,20170209
GMH2017,GM H2017-ICS,F:GM\H17,GM,20170309
GMJ2017,GM J2017-ICS,F:GM\J17,GM,20170411
GMK2017,GM K2017-ICS,F:GM\K17,GM,20170510
GMM2017,GM M2017-ICS,F:GM\M17,GM,20170609
GMN2017,GM N2017-ICS,F:GM\N17,GM,20170711
GMQ2017,GM Q2017-ICS,F:GM\Q17,GM,20170809
GMU2017,GM U2017-ICS,F:GM\U17,GM,20170911
GMV2017,GM V2017-ICS,F:GM\V17,GM,20171011
GMX2017,GM X2017-ICS,F:GM\X17,GM,20171109
GMZ2017,GM Z2017-ICS,F:GM\Z17,GM,20171211
GMF2018,GM F2018-ICS,F:GM\F18,GM,20180110
GMG2018,GM G2018-ICS,F:GM\G18,GM,20180209
GMH2018,GM H2018-ICS,F:GM\H18,GM,20180309
GMJ2018,GM J2018-ICS,F:GM\J18,GM,20180411
GMK2018,GM K2018-ICS,F:GM\K18,GM,20180509
GMM2018,GM M2018-ICS,F:GM\M18,GM,20180611
GMN2018,GM N2018-ICS,F:GM\N18,GM,20180711
GMQ2018,GM Q2018-ICS,F:GM\Q18,GM,20180809
GMU2018,GM U2018-ICS,F:GM\U18,GM,20180911
GMV2018,GM V2018-ICS,F:GM\V18,GM,20181010
GMX2018,GM X2018-ICS,F:GM\X18,GM,20181109
GMZ2018,GM Z2018-ICS,F:GM\Z18,GM,20181211
GMF2019,GM F2019-ICS,F:GM\F19,GM,20190109
GMG2019,GM G2019-ICS,F:GM\G19,GM,20190211
GMH2019,GM H2019-ICS,F:GM\H19,GM,20190311
GMJ2019,GM J2019-ICS,F:GM\J19,GM,20190410
GMK2019,GM K2019-ICS,F:GM\K19,GM,20190509
GMM2019,GM M2019-ICS,F:GM\M19,GM,20190611
GMN2019,GM N2019-ICS,F:GM\N19,GM,20190710
GMQ2019,GM Q2019-ICS,F:GM\Q19,GM,20190809
GMU2019,GM U2019-ICS,F:GM\U19,GM,20190911
GMV2019,GM V2019-ICS,F:GM\V19,GM,20191009
GMX2019,GM X2019-ICS,F:GM\X19,GM,20191111
GMZ2019,GM Z2019-ICS,F:GM\Z19,GM,20191211
GMF2020,GM F2020-ICS,F:GM\F20,GM,20200109
GMG2020,GM G2020-ICS,F:GM\G20,GM,20200211
GMH2020,GM H2020-ICS,F:GM\H20,GM,20200311
GMJ2020,GM J2020-ICS,F:GM\J20,GM,20200407
GMK2020,GM K2020-ICS,F:GM\K20,GM,20200511
GMM2020,GM M2020-ICS,F:GM\M20,GM,20200610
GMN2020,GM N2020-ICS,F:GM\N20,GM,20200709
GMQ2020,GM Q2020-ICS,F:GM\Q20,GM,20200811
GMU2020,GM U2020-ICS,F:GM\U20,GM,20200909
GMV2020,GM V2020-ICS,F:GM\V20,GM,20201009
GMX2020,GM X2020-ICS,F:GM\X20,GM,20201111
GMZ2020,GM Z2020-ICS,F:GM\Z20,GM,20201209
GMF2021,GM F2021-ICS,F:GM\F21,GM,20210111
GMG2021,GM G2021-ICS,F:GM\G21,GM,20210210
GMH2021,GM H2021-ICS,F:GM\H21,GM,20210310
GMJ2021,GM J2021-ICS,F:GM\J21,GM,20210409
GMK2021,GM K2021-ICS,F:GM\K21,GM,20210511
GMM2021,GM M2021-ICS,F:GM\M21,GM,20210609
GMN2021,GM N2021-ICS,F:GM\N21,GM,20210709
GMQ2021,GM Q2021-ICS,F:GM\Q21,GM,20210811
GMU2021,GM U2021-ICS,F:GM\U21,GM,20210909
GMV2021,GM V2021-ICS,F:GM\V21,GM,20211011
GMX2021,GM X2021-ICS,F:GM\X21,GM,20211110
GMZ2021,GM Z2021-ICS,F:GM\Z21,GM,20211209
GMF2022,GM F2022-ICS,F:GM\F22,GM,20220111
GMG2022,GM G2022-ICS,F:GM\G22,GM,20220209
GMH2022,GM H2022-ICS,F:GM\H22,GM,20220309
GMJ2022,GM J2022-ICS,F:GM\J22,GM,20220411
GMK2022,GM K2022-ICS,F:GM\K22,GM,20220511
GMM2022,GM M2022-ICS,F:GM\M22,GM,20220609
GMN2022,GM N2022-ICS,F:GM\N22,GM,20220711
GMQ2022,GM Q2022-ICS,F:GM\Q22,GM,20220810
GMU2022,GM U2022-ICS,F:GM\U22,GM,20220909
GMV2022,GM V2022-ICS,F:GM\V22,GM,20221011
GMX2022,GM X2022-ICS,F:GM\X22,GM,20221109
GMZ2022,GM Z2022-ICS,F:GM\Z22,GM,20221209
GMF2023,GM F2023-ICS,F:GM\F23,GM,20230111
GMG2023,GM G2023-ICS,F:GM\G23,GM,20230209
GMH2023,GM H2023-ICS,F:GM\H23,GM,20230309
GMJ2023,GM J2023-ICS,F:GM\J23,GM,20230411
GMK2023,GM K2023-ICS,F:GM\K23,GM,20230510
GMM2023,GM M2023-ICS,F:GM\M23,GM,20230609
GMN2023,GM N2023-ICS,F:GM\N23,GM,20230711
GMQ2023,GM Q2023-ICS,F:GM\Q23,GM,20230809
GMU2023,GM U2023-ICS,F:GM\U23,GM,20230911
GMV2023,GM V2023-ICS,F:GM\V23,GM,20231011
GMX2023,GM X2023-ICS,F:GM\X23,GM,20231109
GMZ2023,GM Z2023-ICS,F:GM\Z23,GM,20231211
GMF2024,GM F2024-ICS,F:GM\F24,GM,20240110
GMG2024,GM G2024-ICS,F:GM\G24,GM,20240209
GMH2024,GM H2024-ICS,F:GM\H24,GM,20240311
GMJ2024,GM J2024-ICS,F:GM\J24,GM,20240410
GMK2024,GM K2024-ICS,F:GM\K24,GM,20240509
GMM2024,GM M2024-ICS,F:GM\M24,GM,20240611
GMN2024,GM N2024-ICS,F:GM\N24,GM,20240710
GMQ2024,GM Q2024-ICS,F:GM\Q24,GM,20240809
GMU2024,GM U2024-ICS,F:GM\U24,GM,20240911
GMV2024,GM V2024-ICS,F:GM\V24,GM,20241009
GMX2024,GM X2024-ICS,F:GM\X24,GM,20241111
GMZ2024,GM Z2024-ICS,F:GM\Z24,GM,20241211
GMF2025,GM F2025-ICS,F:GM\F25,GM,20250109
GMG2025,GM G2025-ICS,F:GM\G25,GM,20250211
GMH2025,GM H2025-ICS,F:GM\H25,GM,20250311
GMJ2025,GM J2025-ICS,F:GM\J25,GM,20250409
GMK2025,GM K2025-ICS,F:GM\K25,GM,20250509
GMM2025,GM M2025-ICS,F:GM\M25,GM,20250611
GMN2025,GM N2025-ICS,F:GM\N25,GM,20250709
GMQ2025,GM Q2025-ICS,F:GM\Q25,GM,20250811
GMU2025,GM U2025-ICS,F:GM\U25,GM,20250910
GMV2025,GM V2025-ICS,F:GM\V25,GM,20251009
GMX2025,GM X2025-ICS,F:GM\X25,GM,20251111
GMZ2025,GM Z2025-ICS,F:GM\Z25,GM,20251210
GMF2026,GM F2026-ICS,F:GM\F26,GM,20260109
GMG2026,GM G2026-ICS,F:GM\G26,GM,20260211
GMH2026,GM H2026-ICS,F:GM\H26,GM,20260311
GMJ2026,GM J2026-ICS,F:GM\J26,GM,20260409
GMK2026,GM K2026-ICS,F:GM\K26,GM,20260511
GMM2026,GM M2026-ICS,F:GM\M26,GM,20260610
GMN2026,GM N2026-ICS,F:GM\N26,GM,20260709
GMQ2026,GM Q2026-ICS,F:GM\Q26,GM,20260811
GMU2026,GM U2026-ICS,F:GM\U26,GM,20260909
GMV2026,GM V2026-ICS,F:GM\V26,GM,20261009
GMX2026,GM X2026-ICS,F:GM\X26,GM,20261111
GMZ2026,GM Z2026-ICS,F:GM\Z26,GM,20261209
GMF2027,GM F2027-ICS,F:GM\F27,GM,20270111
GMG2027,GM G2027-ICS,F:GM\G27,GM,20270210
GMH2027,GM H2027-ICS,F:GM\H27,GM,20270310
GMJ2027,GM J2027-ICS,F:GM\J27,GM,20270409
GMK2027,GM K2027-ICS,F:GM\K27,GM,20270511
GMM2027,GM M2027-ICS,F:GM\M27,GM,20270609
GMN2027,GM N2027-ICS,F:GM\N27,GM,20270709
GMQ2027,GM Q2027-ICS,F:GM\Q27,GM,20270811
GMU2027,GM U2027-ICS,F:GM\U27,GM,20270909
GMV2027,GM V2027-ICS,F:GM\V27,GM,20271011
GMX2027,GM X2027-ICS,F:GM\X27,GM,20271110
GMZ2027,GM Z2027-ICS,F:GM\Z27,GM,20271209
GMF2028,GM F2028-ICS,F:GM\F28,GM,20280111
GMG2028,GM G2028-ICS,F:GM\G28,GM,20280209
GMH2028,GM H2028-ICS,F:GM\H28,GM,20280309
GMJ2028,GM J2028-ICS,F:GM\J28,GM,20280411
GMK2028,GM K2028-ICS,F:GM\K28,GM,20280510
GMM2028,GM M2028-ICS,F:GM\M28,GM,20280609
GMN2028,GM N2028-ICS,F:GM\N28,GM,20280711
GMQ2028,GM Q2028-ICS,F:GM\Q28,GM,20280809
GMU2028,GM U2028-ICS,F:GM\U28,GM,20280911
GMV2028,GM V2028-ICS,F:GM\V28,GM,20281011
GMX2028,GM X2028-ICS,F:GM\X28,GM,20281109
GMZ2028,GM Z2028-ICS,F:GM\Z28,GM,20281211
GMF2029,GM F2029-ICS,F:GM\F29,GM,20290110
GMG2029,GM G2029-ICS,F:GM\G29,GM,20290209
GMH2029,GM H2029-ICS,F:GM\H29,GM,20290309
GMJ2029,GM J2029-ICS,F:GM\J29,GM,20290411
GMK2029,GM K2029-ICS,F:GM\K29,GM,20290509
GMM2029,GM M2029-ICS,F:GM\M29,GM,20290611
GMN2029,GM N2029-ICS,F:GM\N29,GM,20290711
GMQ2029,GM Q2029-ICS,F:GM\Q29,GM,20290809
GMU2029,GM U2029-ICS,F:GM\U29,GM,20290911
GMV2029,GM V2029-ICS,F:GM\V29,GM,20291010
GMX2029,GM X2029-ICS,F:GM\X29,GM,20291109
GMZ2029,GM Z2029-ICS,F:GM\Z29,GM,20291211
GM.MD1N2021,GM.MD1 N2021-ICS,F:GM.MD1\N21,GM.MD1,20210708
GM.MD1Q2021,GM.MD1 Q21-ICS,F:GM.MD1\Q21,GM.MD1,20210810
GM.MD1U2021,GM.MD1 U21-ICS,F:GM.MD1\U21,GM.MD1,20210908
GM.MD1V2021,GM.MD1 V21-ICS,F:GM.MD1\V21,GM.MD1,20211008
GM.ME1V2021,GM.ME1 V21-ICS,F:GM.ME1\V21,GM.ME1,20210719
GM.ME1Q2021,GM.ME1 Q2021-ICS,F:GM.ME1\Q21,GM.ME1,20210719
GM.ME1U2021,GM.ME1 U21-ICS,F:GM.ME1\U21,GM.ME1,20210719
GM.ME1Z2021,GM.ME1 Z21-ICS,F:GM.ME1\Z21,GM.ME1,20211103
GM.ME1F2022,GM.ME1 F22-ICS,F:GM.ME1\F22,GM.ME1,20211103
GM.ME1X2021,GM.ME1 X2021-ICS,F:GM.ME1\X21,GM.ME1,20211103
GM.ME1K2022,GM.ME1 K2022-ICS,F:GM.ME1\K22,GM.ME1,20220429
GM.ME1M2022,GM.ME1 M2022-ICS,F:GM.ME1\M22,GM.ME1,20220513
GM.ME1N2022,GM.ME1 N2022-ICS,F:GM.ME1\N22,GM.ME1,20220708
GM.ME1Q2022,GM.ME1 Q22-ICS,F:GM.ME1\Q22,GM.ME1,20220808
GM.ME1U2022,GM.ME1 U22-ICS,F:GM.ME1\U22,GM.ME1,20220808
GM.ME1V2022,GM.ME1 V22-ICS,F:GM.ME1\V22,GM.ME1,20220808
GM.MM1N2021,GM.MM1 N2021-ICS,F:GM.MM1\N21,GM.MM1,20210709
GM.MM1Q2021,GM.MM1 Q21-ICS,F:GM.MM1\Q21,GM.MM1,20210811
GM.MM1U2021,GM.MM1 U21-ICS,F:GM.MM1\U21,GM.MM1,20210909
GM.MM1V2021,GM.MM1 V21-ICS,F:GM.MM1\V21,GM.MM1,20211011
GM.ZN2021,GM.Z N2021-ICS,F:GM.Z\N21,GM.Z,20210709
GM.ZQ2021,GM.Z Q21-ICS,F:GM.Z\Q21,GM.Z,20210811
GM.ZU2021,GM.Z U21-ICS,F:GM.Z\U21,GM.Z,20210909
GM.ZV2021,GM.Z V21-ICS,F:GM.Z\V21,GM.Z,20211011
SBDK2017,SBD K2017-ICS,F:SBD\K17,SBD,20170529
SBDM2017,SBD M2017-ICS,F:SBD\M17,SBD,20170629
SBDN2017,SBD N2017-ICS,F:SBD\N17,SBD,20170728
SBDQ2017,SBD Q2017-ICS,F:SBD\Q17,SBD,20170830
SBDU2017,SBD U2017-ICS,F:SBD\U17,SBD,20170928
SBDV2017,SBD V2017-ICS,F:SBD\V17,SBD,20171030
SBDX2017,SBD X2017-ICS,F:SBD\X17,SBD,20171129
SBDZ2017,SBD Z2017-ICS,F:SBD\Z17,SBD,20171228
SBDF2018,SBD F2018-ICS,F:SBD\F18,SBD,20180130
SBDG2018,SBD G2018-ICS,F:SBD\G18,SBD,20180227
SBDH2018,SBD H2018-ICS,F:SBD\H18,SBD,20180328
SBDJ2018,SBD J2018-ICS,F:SBD\J18,SBD,20180427
SBDK2018,SBD K2018-ICS,F:SBD\K18,SBD,20180530
SBDM2018,SBD M2018-ICS,F:SBD\M18,SBD,20180628
SBDN2018,SBD N2018-ICS,F:SBD\N18,SBD,20180730
SBDQ2018,SBD Q2018-ICS,F:SBD\Q18,SBD,20180830
SBDU2018,SBD U2018-ICS,F:SBD\U18,SBD,20180927
SBDV2018,SBD V2018-ICS,F:SBD\V18,SBD,20181030
SBDX2018,SBD X2018-ICS,F:SBD\X18,SBD,20181129
SBDZ2018,SBD Z2018-ICS,F:SBD\Z18,SBD,20181228
SBDF2019,SBD F2019-ICS,F:SBD\F19,SBD,20190131
SBDG2019,SBD G2019-ICS,F:SBD\G19,SBD,20190228
SBDH2019,SBD H2019-ICS,F:SBD\H19,SBD,20190329
SBDJ2019,SBD J2019-ICS,F:SBD\J19,SBD,20190430
SBDK2019,SBD K2019-ICS,F:SBD\K19,SBD,20190531
SBDM2019,SBD M2019-ICS,F:SBD\M19,SBD,20190628
SBDN2019,SBD N2019-ICS,F:SBD\N19,SBD,20190731
SBDQ2019,SBD Q2019-ICS,F:SBD\Q19,SBD,20190830
SBDU2019,SBD U2019-ICS,F:SBD\U19,SBD,20190930
SBDV2019,SBD V2019-ICS,F:SBD\V19,SBD,20191031
SBDX2019,SBD X2019-ICS,F:SBD\X19,SBD,20191129
SBDZ2019,SBD Z2019-ICS,F:SBD\Z19,SBD,20191231
SBDF2020,SBD F2020-ICS,F:SBD\F20,SBD,20200131
SBDG2020,SBD G2020-ICS,F:SBD\G20,SBD,20200228
SBDH2020,SBD H2020-ICS,F:SBD\H20,SBD,20200331
SBDJ2020,SBD J2020-ICS,F:SBD\J20,SBD,20200430
SBDK2020,SBD K2020-ICS,F:SBD\K20,SBD,20200529
SBDM2020,SBD M2020-ICS,F:SBD\M20,SBD,20200630
SBDN2020,SBD N2020-ICS,F:SBD\N20,SBD,20200731
SBDQ2020,SBD Q2020-ICS,F:SBD\Q20,SBD,20200831
SBDU2020,SBD U2020-ICS,F:SBD\U20,SBD,20200930
SBDV2020,SBD V2020-ICS,F:SBD\V20,SBD,20201030
SBDX2020,SBD X2020-ICS,F:SBD\X20,SBD,20201130
SBDZ2020,SBD Z2020-ICS,F:SBD\Z20,SBD,20201230
SBDF2021,SBD F2021-ICS,F:SBD\F21,SBD,20210129
SBDG2021,SBD G2021-ICS,F:SBD\G21,SBD,20210225
SBDH2021,SBD H2021-ICS,F:SBD\H21,SBD,20210331
SBDJ2021,SBD J2021-ICS,F:SBD\J21,SBD,20210430
SBDK2021,SBD K2021-ICS,F:SBD\K21,SBD,20210531
SBDM2021,SBD M2021-ICS,F:SBD\M21,SBD,20210630
SBDN2021,SBD N2021-ICS,F:SBD\N21,SBD,20210730
SBDQ2021,SBD Q2021-ICS,F:SBD\Q21,SBD,20210831
SBDU2021,SBD U2021-ICS,F:SBD\U21,SBD,20210930
SBDV2021,SBD V2021-ICS,F:SBD\V21,SBD,20211029
SBDX2021,SBD X2021-ICS,F:SBD\X21,SBD,20211130
SBDZ2021,SBD Z2021-ICS,F:SBD\Z21,SBD,20211230
SBDF2022,SBD F2022-ICS,F:SBD\F22,SBD,20220131
SBDG2022,SBD G2022-ICS,F:SBD\G22,SBD,20220228
SBDH2022,SBD H2022-ICS,F:SBD\H22,SBD,20220331
SBDJ2022,SBD J2022-ICS,F:SBD\J22,SBD,20220429
SBDK2022,SBD K2022-ICS,F:SBD\K22,SBD,20220531
SBDM2022,SBD M2022-ICS,F:SBD\M22,SBD,20220630
SBDN2022,SBD N2022-ICS,F:SBD\N22,SBD,20220727
SBDQ2022,SBD Q2022-ICS,F:SBD\Q22,SBD,20220831
SBDU2022,SBD U2022-ICS,F:SBD\U22,SBD,20220930
SBDV2022,SBD V2022-ICS,F:SBD\V22,SBD,20221031
SBDX2022,SBD X2022-ICS,F:SBD\X22,SBD,20221130
SBDZ2022,SBD Z2022-ICS,F:SBD\Z22,SBD,20221230
SBDF2023,SBD F2023-ICS,F:SBD\F23,SBD,20230131
SBDG2023,SBD G2023-ICS,F:SBD\G23,SBD,20230228
SBDH2023,SBD H2023-ICS,F:SBD\H23,SBD,20230331
SBDJ2023,SBD J2023-ICS,F:SBD\J23,SBD,20230428
SBDK2023,SBD K2023-ICS,F:SBD\K23,SBD,20230531
SBDM2023,SBD M2023-ICS,F:SBD\M23,SBD,20230630
SBDN2023,SBD N2023-ICS,F:SBD\N23,SBD,20230731
SBDQ2023,SBD Q2023-ICS,F:SBD\Q23,SBD,20230831
SBDU2023,SBD U2023-ICS,F:SBD\U23,SBD,20230929
SBDV2023,SBD V2023-ICS,F:SBD\V23,SBD,20231031
SBDX2023,SBD X2023-ICS,F:SBD\X23,SBD,20231130
SBDZ2023,SBD Z2023-ICS,F:SBD\Z23,SBD,20231229
SDSX2016,SDS X2016-ICS,F:SDS\X16,SDS,20161114
SDSZ2016,SDS Z2016-ICS,F:SDS\Z16,SDS,20161219
SDSF2017,SDS F2017-ICS,F:SDS\F17,SDS,20170116
SDSG2017,SDS G2017-ICS,F:SDS\G17,SDS,20170213
SDSH2017,SDS H2017-ICS,F:SDS\H17,SDS,20170313
SDSJ2017,SDS J2017-ICS,F:SDS\J17,SDS,20170417
SDSK2017,SDS K2017-ICS,F:SDS\K17,SDS,20170515
SDSM2017,SDS M2017-ICS,F:SDS\M17,SDS,20170619
SDSN2017,SDS N2017-ICS,F:SDS\N17,SDS,20170717
SDSQ2017,SDS Q2017-ICS,F:SDS\Q17,SDS,20170814
SDSU2017,SDS U2017-ICS,F:SDS\U17,SDS,20170918
SDSV2017,SDS V2017-ICS,F:SDS\V17,SDS,20171016
SDSX2017,SDS X2017-ICS,F:SDS\X17,SDS,20171113
SDSZ2017,SDS Z2017-ICS,F:SDS\Z17,SDS,20171218
SDSF2018,SDS F2018-ICS,F:SDS\F18,SDS,20180115
SDSG2018,SDS G2018-ICS,F:SDS\G18,SDS,20180219
SDSH2018,SDS H2018-ICS,F:SDS\H18,SDS,20180319
SDSJ2018,SDS J2018-ICS,F:SDS\J18,SDS,20180416
SDSK2018,SDS K2018-ICS,F:SDS\K18,SDS,20180514
SDSM2018,SDS M2018-ICS,F:SDS\M18,SDS,20180618
SDSN2018,SDS N2018-ICS,F:SDS\N18,SDS,20180716
SDSQ2018,SDS Q2018-ICS,F:SDS\Q18,SDS,20180813
SDSU2018,SDS U2018-ICS,F:SDS\U18,SDS,20180917
SDSV2018,SDS V2018-ICS,F:SDS\V18,SDS,20181015
SDSX2018,SDS X2018-ICS,F:SDS\X18,SDS,20181119
SDSZ2018,SDS Z2018-ICS,F:SDS\Z18,SDS,20181217
SDSF2019,SDS F2019-ICS,F:SDS\F19,SDS,20190114
SDSG2019,SDS G2019-ICS,F:SDS\G19,SDS,20190218
SDSH2019,SDS H2019-ICS,F:SDS\H19,SDS,20190318
SDSJ2019,SDS J2019-ICS,F:SDS\J19,SDS,20190415
SDSK2019,SDS K2019-ICS,F:SDS\K19,SDS,20190513
SDSM2019,SDS M2019-ICS,F:SDS\M19,SDS,20190617
SDSN2019,SDS N2019-ICS,F:SDS\N19,SDS,20190715
SDSQ2019,SDS Q2019-ICS,F:SDS\Q19,SDS,20190819
SDSU2019,SDS U2019-ICS,F:SDS\U19,SDS,20190916
SDSV2019,SDS V2019-ICS,F:SDS\V19,SDS,20191014
SDSX2019,SDS X2019-ICS,F:SDS\X19,SDS,20191118
SDSZ2019,SDS Z2019-ICS,F:SDS\Z19,SDS,20191216
SDSF2020,SDS F2020-ICS,F:SDS\F20,SDS,20200113
SDSG2020,SDS G2020-ICS,F:SDS\G20,SDS,20200217
SDSH2020,SDS H2020-ICS,F:SDS\H20,SDS,20200316
SDSJ2020,SDS J2020-ICS,F:SDS\J20,SDS,20200413
SDSK2020,SDS K2020-ICS,F:SDS\K20,SDS,20200518
SDSM2020,SDS M2020-ICS,F:SDS\M20,SDS,20200615
SDSN2020,SDS N2020-ICS,F:SDS\N20,SDS,20200713
SDSQ2020,SDS Q2020-ICS,F:SDS\Q20,SDS,20200817
SDSU2020,SDS U2020-ICS,F:SDS\U20,SDS,20200914
SDSV2020,SDS V2020-ICS,F:SDS\V20,SDS,20201019
SDSX2020,SDS X2020-ICS,F:SDS\X20,SDS,20201116
SDSZ2020,SDS Z2020-ICS,F:SDS\Z20,SDS,20201214
SDSF2021,SDS F2021-ICS,F:SDS\F21,SDS,20210118
SDSG2021,SDS G2021-ICS,F:SDS\G21,SDS,20210215
SDSH2021,SDS H2021-ICS,F:SDS\H21,SDS,20210315
SDSJ2021,SDS J2021-ICS,F:SDS\J21,SDS,20210419
SDSK2021,SDS K2021-ICS,F:SDS\K21,SDS,20210517
SDSM2021,SDS M2021-ICS,F:SDS\M21,SDS,20210614
SDSN2021,SDS N2021-ICS,F:SDS\N21,SDS,20210719
SDSQ2021,SDS Q2021-ICS,F:SDS\Q21,SDS,20210816
SDSU2021,SDS U2021-ICS,F:SDS\U21,SDS,20210913
SDSV2021,SDS V2021-ICS,F:SDS\V21,SDS,20211018
SDSX2021,SDS X2021-ICS,F:SDS\X21,SDS,20211115
SDSZ2021,SDS Z2021-ICS,F:SDS\Z21,SDS,20211213
SDSF2022,SDS F2022-ICS,F:SDS\F22,SDS,20220117
SDSG2022,SDS G2022-ICS,F:SDS\G22,SDS,20220214
SDSH2022,SDS H2022-ICS,F:SDS\H22,SDS,20220314
SDSJ2022,SDS J2022-ICS,F:SDS\J22,SDS,20220418
SDSK2022,SDS K2022-ICS,F:SDS\K22,SDS,20220513
SDSM2022,SDS M2022-ICS,F:SDS\M22,SDS,20220613
SDSN2022,SDS N2022-ICS,F:SDS\N22,SDS,20220718
SDSQ2022,SDS Q2022-ICS,F:SDS\Q22,SDS,20220815
SDSU2022,SDS U2022-ICS,F:SDS\U22,SDS,20220919
SDSV2022,SDS V2022-ICS,F:SDS\V22,SDS,20221017
SDSX2022,SDS X2022-ICS,F:SDS\X22,SDS,20221114
SDSZ2022,SDS Z2022-ICS,F:SDS\Z22,SDS,20221219
SDSF2023,SDS F2023-ICS,F:SDS\F23,SDS,20230116
SDSG2023,SDS G2023-ICS,F:SDS\G23,SDS,20230213
SDSH2023,SDS H2023-ICS,F:SDS\H23,SDS,20230313
SDSJ2023,SDS J2023-ICS,F:SDS\J23,SDS,20230417
SDSK2023,SDS K2023-ICS,F:SDS\K23,SDS,20230515
SDSM2023,SDS M2023-ICS,F:SDS\M23,SDS,20230619
SDSN2023,SDS N2023-ICS,F:SDS\N23,SDS,20230717
SDSQ2023,SDS Q2023-ICS,F:SDS\Q23,SDS,20230814
SDSU2023,SDS U2023-ICS,F:SDS\U23,SDS,20230918
SDSV2023,SDS V2023-ICS,F:SDS\V23,SDS,20231016
SDSX2023,SDS X2023-ICS,F:SDS\X23,SDS,20231110
SDSZ2023,SDS Z2023-ICS,F:SDS\Z23,SDS,20231218
SDSF2024,SDS F2024-ICS,F:SDS\F24,SDS,20240115
SDXZ2016,SDX Z2016-ICS,F:SDX\Z16,SDX,20161219
SDXH2017,SDX H2017-ICS,F:SDX\H17,SDX,20170313
SDXM2017,SDX M2017-ICS,F:SDX\M17,SDX,20170619
SDXU2017,SDX U2017-ICS,F:SDX\U17,SDX,20170918
SDXZ2017,SDX Z2017-ICS,F:SDX\Z17,SDX,20171218
SDXH2018,SDX H2018-ICS,F:SDX\H18,SDX,20180319
SDXM2018,SDX M2018-ICS,F:SDX\M18,SDX,20180618
SDXU2018,SDX U2018-ICS,F:SDX\U18,SDX,20180917
SDXZ2018,SDX Z2018-ICS,F:SDX\Z18,SDX,20181217
SDXH2019,SDX H2019-ICS,F:SDX\H19,SDX,20190318
SDXM2019,SDX M2019-ICS,F:SDX\M19,SDX,20190617
SDXU2019,SDX U2019-ICS,F:SDX\U19,SDX,20190916
SDXZ2019,SDX Z2019-ICS,F:SDX\Z19,SDX,20191216
SDXH2020,SDX H2020-ICS,F:SDX\H20,SDX,20200316
SDXM2020,SDX M2020-ICS,F:SDX\M20,SDX,20200615
SDXU2020,SDX U2020-ICS,F:SDX\U20,SDX,20200914
SDXZ2020,SDX Z2020-ICS,F:SDX\Z20,SDX,20201214
SDXH2021,SDX H2021-ICS,F:SDX\H21,SDX,20210315
SDXM2021,SDX M2021-ICS,F:SDX\M21,SDX,20210614
SDXU2021,SDX U2021-ICS,F:SDX\U21,SDX,20210913
SDXZ2021,SDX Z2021-ICS,F:SDX\Z21,SDX,20211213
SDXH2022,SDX H2022-ICS,F:SDX\H22,SDX,20220314
SDXM2022,SDX M2022-ICS,F:SDX\M22,SDX,20220613
SDXU2022,SDX U2022-ICS,F:SDX\U22,SDX,20220919
SDXZ2022,SDX Z2022-ICS,F:SDX\Z22,SDX,20221219
SDXH2023,SDX H2023-ICS,F:SDX\H23,SDX,20230313
SDXM2023,SDX M2023-ICS,F:SDX\M23,SDX,20230616
SDXU2023,SDX U2023-ICS,F:SDX\U23,SDX,20230918
SDXZ2023,SDX Z2023-ICS,F:SDX\Z23,SDX,20231218
SDX.ZU2021,SDX.Z U21-ICS,F:SDX.Z\U21,SDX.Z,20210910
SDX.ZZ2021,SDX.Z Z21-ICS,F:SDX.Z\Z21,SDX.Z,20211210
SDX.ZH2022,SDX.Z H22-ICS,F:SDX.Z\H22,SDX.Z,20220311
SGDQ2019,SGD Q2019-ICS,F:SGD\Q19,SGD,20190819
SGDU2019,SGD U2019-ICS,F:SGD\U19,SGD,20190916
SGDV2019,SGD V2019-ICS,F:SGD\V19,SGD,20191014
SGDX2019,SGD X2019-ICS,F:SGD\X19,SGD,20191118
SGDZ2019,SGD Z2019-ICS,F:SGD\Z19,SGD,20191216
SGDF2020,SGD F2020-ICS,F:SGD\F20,SGD,20200113
SGDG2020,SGD G2020-ICS,F:SGD\G20,SGD,20200217
SGDH2020,SGD H2020-ICS,F:SGD\H20,SGD,20200316
SGDJ2020,SGD J2020-ICS,F:SGD\J20,SGD,20200413
SGDK2020,SGD K2020-ICS,F:SGD\K20,SGD,20200518
SGDM2020,SGD M2020-ICS,F:SGD\M20,SGD,20200615
SGDN2020,SGD N2020-ICS,F:SGD\N20,SGD,20200713
SGDQ2020,SGD Q2020-ICS,F:SGD\Q20,SGD,20200817
SGDU2020,SGD U2020-ICS,F:SGD\U20,SGD,20200914
SGDV2020,SGD V2020-ICS,F:SGD\V20,SGD,20201019
SGDX2020,SGD X2020-ICS,F:SGD\X20,SGD,20201116
SGDZ2020,SGD Z2020-ICS,F:SGD\Z20,SGD,20201214
SGDF2021,SGD F2021-ICS,F:SGD\F21,SGD,20210118
SGDG2021,SGD G2021-ICS,F:SGD\G21,SGD,20210215
SGDH2021,SGD H2021-ICS,F:SGD\H21,SGD,20210315
SGDJ2021,SGD J2021-ICS,F:SGD\J21,SGD,20210419
SGDK2021,SGD K2021-ICS,F:SGD\K21,SGD,20210517
SGDM2021,SGD M2021-ICS,F:SGD\M21,SGD,20210614
SGDN2021,SGD N2021-ICS,F:SGD\N21,SGD,20210719
SGDQ2021,SGD Q2021-ICS,F:SGD\Q21,SGD,20210816
SGDU2021,SGD U2021-ICS,F:SGD\U21,SGD,20210913
SGDV2021,SGD V2021-ICS,F:SGD\V21,SGD,20211018
SGDX2021,SGD X2021-ICS,F:SGD\X21,SGD,20211115
SGDZ2021,SGD Z2021-ICS,F:SGD\Z21,SGD,20211213
SGDF2022,SGD F2022-ICS,F:SGD\F22,SGD,20220117
SGDG2022,SGD G2022-ICS,F:SGD\G22,SGD,20220214
SGDH2022,SGD H2022-ICS,F:SGD\H22,SGD,20220314
SGDJ2022,SGD J2022-ICS,F:SGD\J22,SGD,20220418
SGDK2022,SGD K2022-ICS,F:SGD\K22,SGD,20220513
SGDM2022,SGD M2022-ICS,F:SGD\M22,SGD,20220613
SGDN2022,SGD N2022-ICS,F:SGD\N22,SGD,20220718
SGDQ2022,SGD Q2022-ICS,F:SGD\Q22,SGD,20220815
SGDU2022,SGD U2022-ICS,F:SGD\U22,SGD,20220919
SGDV2022,SGD V2022-ICS,F:SGD\V22,SGD,20221017
SGDX2022,SGD X2022-ICS,F:SGD\X22,SGD,20221114
SGDZ2022,SGD Z2022-ICS,F:SGD\Z22,SGD,20221219
SGDF2023,SGD F2023-ICS,F:SGD\F23,SGD,20230116
SGDG2023,SGD G2023-ICS,F:SGD\G23,SGD,20230213
SGDH2023,SGD H2023-ICS,F:SGD\H23,SGD,20230313
SGDJ2023,SGD J2023-ICS,F:SGD\J23,SGD,20230417
SGDK2023,SGD K2023-ICS,F:SGD\K23,SGD,20230515
SGDM2023,SGD M2023-ICS,F:SGD\M23,SGD,20230619
SGDN2023,SGD N2023-ICS,F:SGD\N23,SGD,20230717
SGDQ2023,SGD Q2023-ICS,F:SGD\Q23,SGD,20230814
SGDU2023,SGD U2023-ICS,F:SGD\U23,SGD,20230918
SGDV2023,SGD V2023-ICS,F:SGD\V23,SGD,20231016
SGDX2023,SGD X2023-ICS,F:SGD\X23,SGD,20231110
SGDZ2023,SGD Z2023-ICS,F:SGD\Z23,SGD,20231218
SGDF2024,SGD F2024-ICS,F:SGD\F24,SGD,20240115
SHDK2017,SHD K2017-ICS,F:SHD\K17,SHD,20170530
SHDM2017,SHD M2017-ICS,F:SHD\M17,SHD,20170629
SHDN2017,SHD N2017-ICS,F:SHD\N17,SHD,20170728
SHDQ2017,SHD Q2017-ICS,F:SHD\Q17,SHD,20170830
SHDU2017,SHD U2017-ICS,F:SHD\U17,SHD,20170929
SHDV2017,SHD V2017-ICS,F:SHD\V17,SHD,20171030
SHDX2017,SHD X2017-ICS,F:SHD\X17,SHD,20171129
SHDZ2017,SHD Z2017-ICS,F:SHD\Z17,SHD,20171229
SHDF2018,SHD F2018-ICS,F:SHD\F18,SHD,20180130
SHDG2018,SHD G2018-ICS,F:SHD\G18,SHD,20180227
SHDH2018,SHD H2018-ICS,F:SHD\H18,SHD,20180329
SHDJ2018,SHD J2018-ICS,F:SHD\J18,SHD,20180427
SHDK2018,SHD K2018-ICS,F:SHD\K18,SHD,20180530
SHDM2018,SHD M2018-ICS,F:SHD\M18,SHD,20180628
SHDN2018,SHD N2018-ICS,F:SHD\N18,SHD,20180730
SHDQ2018,SHD Q2018-ICS,F:SHD\Q18,SHD,20180830
SHDU2018,SHD U2018-ICS,F:SHD\U18,SHD,20180928
SHDV2018,SHD V2018-ICS,F:SHD\V18,SHD,20181030
SHDX2018,SHD X2018-ICS,F:SHD\X18,SHD,20181129
SHDZ2018,SHD Z2018-ICS,F:SHD\Z18,SHD,20181228
SHDF2019,SHD F2019-ICS,F:SHD\F19,SHD,20190130
SHDG2019,SHD G2019-ICS,F:SHD\G19,SHD,20190227
SHDH2019,SHD H2019-ICS,F:SHD\H19,SHD,20190329
SHDJ2019,SHD J2019-ICS,F:SHD\J19,SHD,20190430
SHDK2019,SHD K2019-ICS,F:SHD\K19,SHD,20190531
SHDM2019,SHD M2019-ICS,F:SHD\M19,SHD,20190628
SHDN2019,SHD N2019-ICS,F:SHD\N19,SHD,20190731
SHDQ2019,SHD Q2019-ICS,F:SHD\Q19,SHD,20190830
SHDU2019,SHD U2019-ICS,F:SHD\U19,SHD,20190930
SHDV2019,SHD V2019-ICS,F:SHD\V19,SHD,20191031
SHDX2019,SHD X2019-ICS,F:SHD\X19,SHD,20191129
SHDZ2019,SHD Z2019-ICS,F:SHD\Z19,SHD,20191231
SHDF2020,SHD F2020-ICS,F:SHD\F20,SHD,20200131
SHDG2020,SHD G2020-ICS,F:SHD\G20,SHD,20200228
SHDH2020,SHD H2020-ICS,F:SHD\H20,SHD,20200331
SHDJ2020,SHD J2020-ICS,F:SHD\J20,SHD,20200429
SHDK2020,SHD K2020-ICS,F:SHD\K20,SHD,20200529
SHDM2020,SHD M2020-ICS,F:SHD\M20,SHD,20200629
SHDN2020,SHD N2020-ICS,F:SHD\N20,SHD,20200730
SHDQ2020,SHD Q2020-ICS,F:SHD\Q20,SHD,20200828
SHDU2020,SHD U2020-ICS,F:SHD\U20,SHD,20200930
SHDV2020,SHD V2020-ICS,F:SHD\V20,SHD,20201030
SHDX2020,SHD X2020-ICS,F:SHD\X20,SHD,20201130
SHDZ2020,SHD Z2020-ICS,F:SHD\Z20,SHD,20201231
SHDF2021,SHD F2021-ICS,F:SHD\F21,SHD,20210129
SHDG2021,SHD G2021-ICS,F:SHD\G21,SHD,20210226
SHDH2021,SHD H2021-ICS,F:SHD\H21,SHD,20210331
SHDJ2021,SHD J2021-ICS,F:SHD\J21,SHD,20210430
SHDK2021,SHD K2021-ICS,F:SHD\K21,SHD,20210531
SHDM2021,SHD M2021-ICS,F:SHD\M21,SHD,20210630
SHDN2021,SHD N2021-ICS,F:SHD\N21,SHD,20210730
SHDQ2021,SHD Q2021-ICS,F:SHD\Q21,SHD,20210831
SHDU2021,SHD U2021-ICS,F:SHD\U21,SHD,20210930
SHDV2021,SHD V2021-ICS,F:SHD\V21,SHD,20211029
SHDX2021,SHD X2021-ICS,F:SHD\X21,SHD,20211130
SHDZ2021,SHD Z2021-ICS,F:SHD\Z21,SHD,20211231
SHDF2022,SHD F2022-ICS,F:SHD\F22,SHD,20220131
SHDG2022,SHD G2022-ICS,F:SHD\G22,SHD,20220228
SHDH2022,SHD H2022-ICS,F:SHD\H22,SHD,20220331
SHDJ2022,SHD J2022-ICS,F:SHD\J22,SHD,20220429
SHDK2022,SHD K2022-ICS,F:SHD\K22,SHD,20220531
SHDM2022,SHD M2022-ICS,F:SHD\M22,SHD,20220630
SHDN2022,SHD N2022-ICS,F:SHD\N22,SHD,20220729
SHDQ2022,SHD Q2022-ICS,F:SHD\Q22,SHD,20220831
SHDU2022,SHD U2022-ICS,F:SHD\U22,SHD,20220930
SHDV2022,SHD V2022-ICS,F:SHD\V22,SHD,20221031
SHDX2022,SHD X2022-ICS,F:SHD\X22,SHD,20221130
SHDZ2022,SHD Z2022-ICS,F:SHD\Z22,SHD,20221230
SHDF2023,SHD F2023-ICS,F:SHD\F23,SHD,20230131
SHDG2023,SHD G2023-ICS,F:SHD\G23,SHD,20230228
SHDH2023,SHD H2023-ICS,F:SHD\H23,SHD,20230331
SHDJ2023,SHD J2023-ICS,F:SHD\J23,SHD,20230428
SHDK2023,SHD K2023-ICS,F:SHD\K23,SHD,20230531
SHDM2023,SHD M2023-ICS,F:SHD\M23,SHD,20230630
SHDN2023,SHD N2023-ICS,F:SHD\N23,SHD,20230731
SHDQ2023,SHD Q2023-ICS,F:SHD\Q23,SHD,20230831
SHDU2023,SHD U2023-ICS,F:SHD\U23,SHD,20230929
SHDV2023,SHD V2023-ICS,F:SHD\V23,SHD,20231031
SHDX2023,SHD X2023-ICS,F:SHD\X23,SHD,20231130
SHDZ2023,SHD Z2023-ICS,F:SHD\Z23,SHD,20231229
SIDX2016,SID X2016-ICS,F:SID\X16,SID,20161114
SIDZ2016,SID Z2016-ICS,F:SID\Z16,SID,20161219
SIDF2017,SID F2017-ICS,F:SID\F17,SID,20170116
SIDG2017,SID G2017-ICS,F:SID\G17,SID,20170213
SIDH2017,SID H2017-ICS,F:SID\H17,SID,20170313
SIDJ2017,SID J2017-ICS,F:SID\J17,SID,20170417
SIDK2017,SID K2017-ICS,F:SID\K17,SID,20170515
SIDM2017,SID M2017-ICS,F:SID\M17,SID,20170619
SIDN2017,SID N2017-ICS,F:SID\N17,SID,20170717
SIDQ2017,SID Q2017-ICS,F:SID\Q17,SID,20170814
SIDU2017,SID U2017-ICS,F:SID\U17,SID,20170918
SIDV2017,SID V2017-ICS,F:SID\V17,SID,20171016
SIDX2017,SID X2017-ICS,F:SID\X17,SID,20171113
SIDZ2017,SID Z2017-ICS,F:SID\Z17,SID,20171218
SIDF2018,SID F2018-ICS,F:SID\F18,SID,20180115
SIDG2018,SID G2018-ICS,F:SID\G18,SID,20180219
SIDH2018,SID H2018-ICS,F:SID\H18,SID,20180319
SIDJ2018,SID J2018-ICS,F:SID\J18,SID,20180416
SIDK2018,SID K2018-ICS,F:SID\K18,SID,20180514
SIDM2018,SID M2018-ICS,F:SID\M18,SID,20180618
SIDN2018,SID N2018-ICS,F:SID\N18,SID,20180716
SIDQ2018,SID Q2018-ICS,F:SID\Q18,SID,20180813
SIDU2018,SID U2018-ICS,F:SID\U18,SID,20180917
SIDV2018,SID V2018-ICS,F:SID\V18,SID,20181015
SIDX2018,SID X2018-ICS,F:SID\X18,SID,20181119
SIDZ2018,SID Z2018-ICS,F:SID\Z18,SID,20181217
SIDF2019,SID F2019-ICS,F:SID\F19,SID,20190114
SIDG2019,SID G2019-ICS,F:SID\G19,SID,20190218
SIDH2019,SID H2019-ICS,F:SID\H19,SID,20190318
SIDJ2019,SID J2019-ICS,F:SID\J19,SID,20190415
SIDK2019,SID K2019-ICS,F:SID\K19,SID,20190513
SIDM2019,SID M2019-ICS,F:SID\M19,SID,20190617
SIDN2019,SID N2019-ICS,F:SID\N19,SID,20190715
SIDQ2019,SID Q2019-ICS,F:SID\Q19,SID,20190819
SIDU2019,SID U2019-ICS,F:SID\U19,SID,20190916
SIDV2019,SID V2019-ICS,F:SID\V19,SID,20191014
SIDX2019,SID X2019-ICS,F:SID\X19,SID,20191118
SIDZ2019,SID Z2019-ICS,F:SID\Z19,SID,20191216
SIDF2020,SID F2020-ICS,F:SID\F20,SID,20200113
SIDG2020,SID G2020-ICS,F:SID\G20,SID,20200217
SIDH2020,SID H2020-ICS,F:SID\H20,SID,20200316
SIDJ2020,SID J2020-ICS,F:SID\J20,SID,20200413
SIDK2020,SID K2020-ICS,F:SID\K20,SID,20200518
SIDM2020,SID M2020-ICS,F:SID\M20,SID,20200615
SIDN2020,SID N2020-ICS,F:SID\N20,SID,20200713
SIDQ2020,SID Q2020-ICS,F:SID\Q20,SID,20200817
SIDU2020,SID U2020-ICS,F:SID\U20,SID,20200914
SIDV2020,SID V2020-ICS,F:SID\V20,SID,20201019
SIDX2020,SID X2020-ICS,F:SID\X20,SID,20201116
SIDZ2020,SID Z2020-ICS,F:SID\Z20,SID,20201214
SIDF2021,SID F2021-ICS,F:SID\F21,SID,20210118
SIDG2021,SID G2021-ICS,F:SID\G21,SID,20210215
SIDH2021,SID H2021-ICS,F:SID\H21,SID,20210315
SIDJ2021,SID J2021-ICS,F:SID\J21,SID,20210419
SIDK2021,SID K2021-ICS,F:SID\K21,SID,20210517
SIDM2021,SID M2021-ICS,F:SID\M21,SID,20210614
SIDN2021,SID N2021-ICS,F:SID\N21,SID,20210719
SIDQ2021,SID Q2021-ICS,F:SID\Q21,SID,20210816
SIDU2021,SID U2021-ICS,F:SID\U21,SID,20210913
SIDV2021,SID V2021-ICS,F:SID\V21,SID,20211018
SIDX2021,SID X2021-ICS,F:SID\X21,SID,20211115
SIDZ2021,SID Z2021-ICS,F:SID\Z21,SID,20211213
SIDF2022,SID F2022-ICS,F:SID\F22,SID,20220117
SIDG2022,SID G2022-ICS,F:SID\G22,SID,20220214
SIDH2022,SID H2022-ICS,F:SID\H22,SID,20220314
SIDJ2022,SID J2022-ICS,F:SID\J22,SID,20220418
SIDK2022,SID K2022-ICS,F:SID\K22,SID,20220513
SIDM2022,SID M2022-ICS,F:SID\M22,SID,20220613
SIDN2022,SID N2022-ICS,F:SID\N22,SID,20220718
SIDQ2022,SID Q2022-ICS,F:SID\Q22,SID,20220815
SIDU2022,SID U2022-ICS,F:SID\U22,SID,20220919
SIDV2022,SID V2022-ICS,F:SID\V22,SID,20221017
SIDX2022,SID X2022-ICS,F:SID\X22,SID,20221114
SIDZ2022,SID Z2022-ICS,F:SID\Z22,SID,20221219
SIDF2023,SID F2023-ICS,F:SID\F23,SID,20230116
SIDG2023,SID G2023-ICS,F:SID\G23,SID,20230213
SIDH2023,SID H2023-ICS,F:SID\H23,SID,20230313
SIDJ2023,SID J2023-ICS,F:SID\J23,SID,20230417
SIDK2023,SID K2023-ICS,F:SID\K23,SID,20230515
SIDM2023,SID M2023-ICS,F:SID\M23,SID,20230619
SIDN2023,SID N2023-ICS,F:SID\N23,SID,20230717
SIDQ2023,SID Q2023-ICS,F:SID\Q23,SID,20230814
SIDU2023,SID U2023-ICS,F:SID\U23,SID,20230918
SIDV2023,SID V2023-ICS,F:SID\V23,SID,20231016
SIDX2023,SID X2023-ICS,F:SID\X23,SID,20231113
SIDZ2023,SID Z2023-ICS,F:SID\Z23,SID,20231218
SIDF2024,SID F2024-ICS,F:SID\F24,SID,20240115
SMDX2016,SMD X2016-ICS,F:SMD\X16,SMD,20161115
SMDZ2016,SMD Z2016-ICS,F:SMD\Z16,SMD,20161215
SMDF2017,SMD F2017-ICS,F:SMD\F17,SMD,20170113
SMDG2017,SMD G2017-ICS,F:SMD\G17,SMD,20170215
SMDH2017,SMD H2017-ICS,F:SMD\H17,SMD,20170315
SMDJ2017,SMD J2017-ICS,F:SMD\J17,SMD,20170413
SMDK2017,SMD K2017-ICS,F:SMD\K17,SMD,20170515
SMDM2017,SMD M2017-ICS,F:SMD\M17,SMD,20170615
SMDN2017,SMD N2017-ICS,F:SMD\N17,SMD,20170714
SMDQ2017,SMD Q2017-ICS,F:SMD\Q17,SMD,20170815
SMDU2017,SMD U2017-ICS,F:SMD\U17,SMD,20170915
SMDV2017,SMD V2017-ICS,F:SMD\V17,SMD,20171013
SMDX2017,SMD X2017-ICS,F:SMD\X17,SMD,20171115
SMDZ2017,SMD Z2017-ICS,F:SMD\Z17,SMD,20171215
SMDF2018,SMD F2018-ICS,F:SMD\F18,SMD,20180131
SMDG2018,SMD G2018-ICS,F:SMD\G18,SMD,20180228
SMDH2018,SMD H2018-ICS,F:SMD\H18,SMD,20180330
SMDJ2018,SMD J2018-ICS,F:SMD\J18,SMD,20180430
SMDK2018,SMD K2018-ICS,F:SMD\K18,SMD,20180531
SMDM2018,SMD M2018-ICS,F:SMD\M18,SMD,20180629
SMDN2018,SMD N2018-ICS,F:SMD\N18,SMD,20180731
SMDQ2018,SMD Q2018-ICS,F:SMD\Q18,SMD,20180815
SMDU2018,SMD U2018-ICS,F:SMD\U18,SMD,20180914
SMDV2018,SMD V2018-ICS,F:SMD\V18,SMD,20181015
SMDX2018,SMD X2018-ICS,F:SMD\X18,SMD,20181115
SMDZ2018,SMD Z2018-ICS,F:SMD\Z18,SMD,20181214
SMDF2019,SMD F2019-ICS,F:SMD\F19,SMD,20190115
SMDG2019,SMD G2019-ICS,F:SMD\G19,SMD,20190215
SMDH2019,SMD H2019-ICS,F:SMD\H19,SMD,20190315
SMDJ2019,SMD J2019-ICS,F:SMD\J19,SMD,20190415
SMDK2019,SMD K2019-ICS,F:SMD\K19,SMD,20190515
SMDM2019,SMD M2019-ICS,F:SMD\M19,SMD,20190614
SMDN2019,SMD N2019-ICS,F:SMD\N19,SMD,20190715
SMDQ2019,SMD Q2019-ICS,F:SMD\Q19,SMD,20190815
SMDU2019,SMD U2019-ICS,F:SMD\U19,SMD,20190913
SMDV2019,SMD V2019-ICS,F:SMD\V19,SMD,20191015
SMDX2019,SMD X2019-ICS,F:SMD\X19,SMD,20191115
SMDZ2019,SMD Z2019-ICS,F:SMD\Z19,SMD,20191213
SMDF2020,SMD F2020-ICS,F:SMD\F20,SMD,20200115
SMDG2020,SMD G2020-ICS,F:SMD\G20,SMD,20200214
SMDH2020,SMD H2020-ICS,F:SMD\H20,SMD,20200313
SMDJ2020,SMD J2020-ICS,F:SMD\J20,SMD,20200415
SMDK2020,SMD K2020-ICS,F:SMD\K20,SMD,20200515
SMDM2020,SMD M2020-ICS,F:SMD\M20,SMD,20200615
SMDN2020,SMD N2020-ICS,F:SMD\N20,SMD,20200715
SMDQ2020,SMD Q2020-ICS,F:SMD\Q20,SMD,20200814
SMDU2020,SMD U2020-ICS,F:SMD\U20,SMD,20200915
SMDV2020,SMD V2020-ICS,F:SMD\V20,SMD,20201015
SMDX2020,SMD X2020-ICS,F:SMD\X20,SMD,20201113
SMDZ2020,SMD Z2020-ICS,F:SMD\Z20,SMD,20201215
SMDF2021,SMD F2021-ICS,F:SMD\F21,SMD,20210115
SMDG2021,SMD G2021-ICS,F:SMD\G21,SMD,20210215
SMDH2021,SMD H2021-ICS,F:SMD\H21,SMD,20210315
SMDJ2021,SMD J2021-ICS,F:SMD\J21,SMD,20210415
SMDK2021,SMD K2021-ICS,F:SMD\K21,SMD,20210512
SMDM2021,SMD M2021-ICS,F:SMD\M21,SMD,20210615
SMDN2021,SMD N2021-ICS,F:SMD\N21,SMD,20210715
SMDQ2021,SMD Q2021-ICS,F:SMD\Q21,SMD,20210813
SMDU2021,SMD U2021-ICS,F:SMD\U21,SMD,20210915
SMDV2021,SMD V2021-ICS,F:SMD\V21,SMD,20211015
SMDX2021,SMD X2021-ICS,F:SMD\X21,SMD,20211115
SMDZ2021,SMD Z2021-ICS,F:SMD\Z21,SMD,20211215
SMDF2022,SMD F2022-ICS,F:SMD\F22,SMD,20220114
SMDG2022,SMD G2022-ICS,F:SMD\G22,SMD,20220215
SMDH2022,SMD H2022-ICS,F:SMD\H22,SMD,20220315
SMDJ2022,SMD J2022-ICS,F:SMD\J22,SMD,20220414
SMDK2022,SMD K2022-ICS,F:SMD\K22,SMD,20220513
SMDM2022,SMD M2022-ICS,F:SMD\M22,SMD,20220615
SMDN2022,SMD N2022-ICS,F:SMD\N22,SMD,20220715
SMDQ2022,SMD Q2022-ICS,F:SMD\Q22,SMD,20220815
SMDU2022,SMD U2022-ICS,F:SMD\U22,SMD,20220915
SMDV2022,SMD V2022-ICS,F:SMD\V22,SMD,20221014
SMDX2022,SMD X2022-ICS,F:SMD\X22,SMD,20221115
SMDZ2022,SMD Z2022-ICS,F:SMD\Z22,SMD,20221215
SMDF2023,SMD F2023-ICS,F:SMD\F23,SMD,20230113
SMDG2023,SMD G2023-ICS,F:SMD\G23,SMD,20230215
SMDH2023,SMD H2023-ICS,F:SMD\H23,SMD,20230315
SMDJ2023,SMD J2023-ICS,F:SMD\J23,SMD,20230414
SMDK2023,SMD K2023-ICS,F:SMD\K23,SMD,20230515
SMDM2023,SMD M2023-ICS,F:SMD\M23,SMD,20230615
SMDN2023,SMD N2023-ICS,F:SMD\N23,SMD,20230714
SMDQ2023,SMD Q2023-ICS,F:SMD\Q23,SMD,20230815
SMDU2023,SMD U2023-ICS,F:SMD\U23,SMD,20230915
SMDV2023,SMD V2023-ICS,F:SMD\V23,SMD,20231013
SMDX2023,SMD X2023-ICS,F:SMD\X23,SMD,20231115
SMDZ2023,SMD Z2023-ICS,F:SMD\Z23,SMD,20231215
SMDF2024,SMD F2024-ICS,F:SMD\F24,SMD,20240115
SMEZ2021,SME Z2021-ICS,F:SME\Z21,SME,20211217
SMEH2022,SME H2022-ICS,F:SME\H22,SME,20220318
SMEM2022,SME M2022-ICS,F:SME\M22,SME,20220617
SMEU2022,SME U2022-ICS,F:SME\U22,SME,20220916
SMEZ2022,SME Z2022-ICS,F:SME\Z22,SME,20221216
SMEH2023,SME H2023-ICS,F:SME\H23,SME,20230317
SMEM2023,SME M2023-ICS,F:SME\M23,SME,20230616
SMEU2023,SME U2023-ICS,F:SME\U23,SME,20230915
SMEZ2023,SME Z2023-ICS,F:SME\Z23,SME,20231215
SMEH2024,SME H2024-ICS,F:SME\H24,SME,20240315
SME.BZ2021,SME.B Z2021-ICS,F:SME.B\Z21,SME.B,20211217
SME.BH2022,SME.B H2022-ICS,F:SME.B\H22,SME.B,20220318
SME.BM2022,SME.B M2022-ICS,F:SME.B\M22,SME.B,20220617
SME.BU2022,SME.B U2022-ICS,F:SME.B\U22,SME.B,20220916
SME.BZ2022,SME.B Z22-ICS,F:SME.B\Z22,SME.B,20221216
SMUZ2021,SMU Z2021-ICS,F:SMU\Z21,SMU,20211217
SMUH2022,SMU H2022-ICS,F:SMU\H22,SMU,20220318
SMUM2022,SMU M2022-ICS,F:SMU\M22,SMU,20220617
SMUU2022,SMU U2022-ICS,F:SMU\U22,SMU,20220916
SMUZ2022,SMU Z2022-ICS,F:SMU\Z22,SMU,20221216
SMUH2023,SMU H2023-ICS,F:SMU\H23,SMU,20230317
SMUM2023,SMU M2023-ICS,F:SMU\M23,SMU,20230616
SMUU2023,SMU U2023-ICS,F:SMU\U23,SMU,20230915
SMUZ2023,SMU Z2023-ICS,F:SMU\Z23,SMU,20231215
SMUH2024,SMU H2024-ICS,F:SMU\H24,SMU,20240315
SMU.BZ2021,SMU.B Z2021-ICS,F:SMU.B\Z21,SMU.B,20211217
SMU.BH2022,SMU.B H2022-ICS,F:SMU.B\H22,SMU.B,20220318
SMU.BM2022,SMU.B M2022-ICS,F:SMU.B\M22,SMU.B,20220617
SMU.BU2022,SMU.B U2022-ICS,F:SMU.B\U22,SMU.B,20220916
SMU.BZ2022,SMU.B Z22-ICS,F:SMU.B\Z22,SMU.B,20221216
SNDK2017,SND K2017-ICS,F:SND\K17,SND,20170515
SNDM2017,SND M2017-ICS,F:SND\M17,SND,20170619
SNDN2017,SND N2017-ICS,F:SND\N17,SND,20170717
SNDQ2017,SND Q2017-ICS,F:SND\Q17,SND,20170814
SNDU2017,SND U2017-ICS,F:SND\U17,SND,20170918
SNDV2017,SND V2017-ICS,F:SND\V17,SND,20171016
SNDX2017,SND X2017-ICS,F:SND\X17,SND,20171113
SNDZ2017,SND Z2017-ICS,F:SND\Z17,SND,20171218
SNDF2018,SND F2018-ICS,F:SND\F18,SND,20180115
SNDG2018,SND G2018-ICS,F:SND\G18,SND,20180219
SNDH2018,SND H2018-ICS,F:SND\H18,SND,20180319
SNDJ2018,SND J2018-ICS,F:SND\J18,SND,20180416
SNDK2018,SND K2018-ICS,F:SND\K18,SND,20180514
SNDM2018,SND M2018-ICS,F:SND\M18,SND,20180618
SNDN2018,SND N2018-ICS,F:SND\N18,SND,20180716
SNDQ2018,SND Q2018-ICS,F:SND\Q18,SND,20180813
SNDU2018,SND U2018-ICS,F:SND\U18,SND,20180917
SNDV2018,SND V2018-ICS,F:SND\V18,SND,20181015
SNDX2018,SND X2018-ICS,F:SND\X18,SND,20181119
SNDZ2018,SND Z2018-ICS,F:SND\Z18,SND,20181217
SNDF2019,SND F2019-ICS,F:SND\F19,SND,20190114
SNDG2019,SND G2019-ICS,F:SND\G19,SND,20190218
SNDH2019,SND H2019-ICS,F:SND\H19,SND,20190329
SNDJ2019,SND J2019-ICS,F:SND\J19,SND,20190430
SNDK2019,SND K2019-ICS,F:SND\K19,SND,20190531
SNDM2019,SND M2019-ICS,F:SND\M19,SND,20190628
SNDN2019,SND N2019-ICS,F:SND\N19,SND,20190731
SNDQ2019,SND Q2019-ICS,F:SND\Q19,SND,20190830
SNDU2019,SND U2019-ICS,F:SND\U19,SND,20190930
SNDV2019,SND V2019-ICS,F:SND\V19,SND,20191031
SNDX2019,SND X2019-ICS,F:SND\X19,SND,20191129
SNDZ2019,SND Z2019-ICS,F:SND\Z19,SND,20191231
SNDF2020,SND F2020-ICS,F:SND\F20,SND,20200131
SNDG2020,SND G2020-ICS,F:SND\G20,SND,20200228
SNDH2020,SND H2020-ICS,F:SND\H20,SND,20200331
SNDJ2020,SND J2020-ICS,F:SND\J20,SND,20200430
SNDK2020,SND K2020-ICS,F:SND\K20,SND,20200529
SNDM2020,SND M2020-ICS,F:SND\M20,SND,20200630
SNDN2020,SND N2020-ICS,F:SND\N20,SND,20200731
SNDQ2020,SND Q2020-ICS,F:SND\Q20,SND,20200831
SNDU2020,SND U2020-ICS,F:SND\U20,SND,20200930
SNDV2020,SND V2020-ICS,F:SND\V20,SND,20201030
SNDX2020,SND X2020-ICS,F:SND\X20,SND,20201130
SNDZ2020,SND Z2020-ICS,F:SND\Z20,SND,20201231
SNDF2021,SND F2021-ICS,F:SND\F21,SND,20210129
SNDG2021,SND G2021-ICS,F:SND\G21,SND,20210226
SNDH2021,SND H2021-ICS,F:SND\H21,SND,20210331
SNDJ2021,SND J2021-ICS,F:SND\J21,SND,20210429
SNDK2021,SND K2021-ICS,F:SND\K21,SND,20210531
SNDM2021,SND M2021-ICS,F:SND\M21,SND,20210630
SNDN2021,SND N2021-ICS,F:SND\N21,SND,20210730
SNDQ2021,SND Q2021-ICS,F:SND\Q21,SND,20210831
SNDU2021,SND U2021-ICS,F:SND\U21,SND,20210930
SNDV2021,SND V2021-ICS,F:SND\V21,SND,20211029
SNDX2021,SND X2021-ICS,F:SND\X21,SND,20211130
SNDZ2021,SND Z2021-ICS,F:SND\Z21,SND,20211230
SNDF2022,SND F2022-ICS,F:SND\F22,SND,20220126
SNDG2022,SND G2022-ICS,F:SND\G22,SND,20220225
SNDH2022,SND H2022-ICS,F:SND\H22,SND,20220331
SNDJ2022,SND J2022-ICS,F:SND\J22,SND,20220429
SNDK2022,SND K2022-ICS,F:SND\K22,SND,20220531
SNDM2022,SND M2022-ICS,F:SND\M22,SND,20220630
SNDN2022,SND N2022-ICS,F:SND\N22,SND,20220729
SNDQ2022,SND Q2022-ICS,F:SND\Q22,SND,20220831
SNDU2022,SND U2022-ICS,F:SND\U22,SND,20220930
SNDV2022,SND V2022-ICS,F:SND\V22,SND,20221031
SNDX2022,SND X2022-ICS,F:SND\X22,SND,20221130
SNDZ2022,SND Z2022-ICS,F:SND\Z22,SND,20221230
SNDF2023,SND F2023-ICS,F:SND\F23,SND,20230131
SNDG2023,SND G2023-ICS,F:SND\G23,SND,20230224
SNDH2023,SND H2023-ICS,F:SND\H23,SND,20230331
SNDJ2023,SND J2023-ICS,F:SND\J23,SND,20230428
SNDK2023,SND K2023-ICS,F:SND\K23,SND,20230531
SNDM2023,SND M2023-ICS,F:SND\M23,SND,20230630
SNDN2023,SND N2023-ICS,F:SND\N23,SND,20230731
SNDQ2023,SND Q2023-ICS,F:SND\Q23,SND,20230831
SNDU2023,SND U2023-ICS,F:SND\U23,SND,20230928
SNDV2023,SND V2023-ICS,F:SND\V23,SND,20231031
SNDX2023,SND X2023-ICS,F:SND\X23,SND,20231130
SNDZ2023,SND Z2023-ICS,F:SND\Z23,SND,20231229
SPDK2017,SPD K2017-ICS,F:SPD\K17,SPD,20170515
SPDM2017,SPD M2017-ICS,F:SPD\M17,SPD,20170619
SPDN2017,SPD N2017-ICS,F:SPD\N17,SPD,20170717
SPDQ2017,SPD Q2017-ICS,F:SPD\Q17,SPD,20170814
SPDU2017,SPD U2017-ICS,F:SPD\U17,SPD,20170918
SPDV2017,SPD V2017-ICS,F:SPD\V17,SPD,20171016
SPDX2017,SPD X2017-ICS,F:SPD\X17,SPD,20171113
SPDZ2017,SPD Z2017-ICS,F:SPD\Z17,SPD,20171218
SPDF2018,SPD F2018-ICS,F:SPD\F18,SPD,20180115
SPDG2018,SPD G2018-ICS,F:SPD\G18,SPD,20180219
SPDH2018,SPD H2018-ICS,F:SPD\H18,SPD,20180319
SPDJ2018,SPD J2018-ICS,F:SPD\J18,SPD,20180416
SPDK2018,SPD K2018-ICS,F:SPD\K18,SPD,20180514
SPDM2018,SPD M2018-ICS,F:SPD\M18,SPD,20180618
SPDN2018,SPD N2018-ICS,F:SPD\N18,SPD,20180716
SPDQ2018,SPD Q2018-ICS,F:SPD\Q18,SPD,20180813
SPDU2018,SPD U2018-ICS,F:SPD\U18,SPD,20180917
SPDV2018,SPD V2018-ICS,F:SPD\V18,SPD,20181015
SPDX2018,SPD X2018-ICS,F:SPD\X18,SPD,20181119
SPDZ2018,SPD Z2018-ICS,F:SPD\Z18,SPD,20181217
SPDF2019,SPD F2019-ICS,F:SPD\F19,SPD,20190114
SPDG2019,SPD G2019-ICS,F:SPD\G19,SPD,20190218
SPDH2019,SPD H2019-ICS,F:SPD\H19,SPD,20190329
SPDJ2019,SPD J2019-ICS,F:SPD\J19,SPD,20190430
SPDK2019,SPD K2019-ICS,F:SPD\K19,SPD,20190531
SPDM2019,SPD M2019-ICS,F:SPD\M19,SPD,20190628
SPDN2019,SPD N2019-ICS,F:SPD\N19,SPD,20190731
SPDQ2019,SPD Q2019-ICS,F:SPD\Q19,SPD,20190830
SPDU2019,SPD U2019-ICS,F:SPD\U19,SPD,20190930
SPDV2019,SPD V2019-ICS,F:SPD\V19,SPD,20191031
SPDX2019,SPD X2019-ICS,F:SPD\X19,SPD,20191129
SPDZ2019,SPD Z2019-ICS,F:SPD\Z19,SPD,20191231
SPDF2020,SPD F2020-ICS,F:SPD\F20,SPD,20200131
SPDG2020,SPD G2020-ICS,F:SPD\G20,SPD,20200228
SPDH2020,SPD H2020-ICS,F:SPD\H20,SPD,20200331
SPDJ2020,SPD J2020-ICS,F:SPD\J20,SPD,20200430
SPDK2020,SPD K2020-ICS,F:SPD\K20,SPD,20200529
SPDM2020,SPD M2020-ICS,F:SPD\M20,SPD,20200630
SPDN2020,SPD N2020-ICS,F:SPD\N20,SPD,20200731
SPDQ2020,SPD Q2020-ICS,F:SPD\Q20,SPD,20200831
SPDU2020,SPD U2020-ICS,F:SPD\U20,SPD,20200930
SPDV2020,SPD V2020-ICS,F:SPD\V20,SPD,20201030
SPDX2020,SPD X2020-ICS,F:SPD\X20,SPD,20201127
SPDZ2020,SPD Z2020-ICS,F:SPD\Z20,SPD,20201229
SPDF2021,SPD F2021-ICS,F:SPD\F21,SPD,20210129
SPDG2021,SPD G2021-ICS,F:SPD\G21,SPD,20210226
SPDH2021,SPD H2021-ICS,F:SPD\H21,SPD,20210331
SPDJ2021,SPD J2021-ICS,F:SPD\J21,SPD,20210430
SPDK2021,SPD K2021-ICS,F:SPD\K21,SPD,20210531
SPDM2021,SPD M2021-ICS,F:SPD\M21,SPD,20210630
SPDN2021,SPD N2021-ICS,F:SPD\N21,SPD,20210730
SPDQ2021,SPD Q2021-ICS,F:SPD\Q21,SPD,20210831
SPDU2021,SPD U2021-ICS,F:SPD\U21,SPD,20210930
SPDV2021,SPD V2021-ICS,F:SPD\V21,SPD,20211029
SPDX2021,SPD X2021-ICS,F:SPD\X21,SPD,20211129
SPDZ2021,SPD Z2021-ICS,F:SPD\Z21,SPD,20211231
SPDF2022,SPD F2022-ICS,F:SPD\F22,SPD,20220131
SPDG2022,SPD G2022-ICS,F:SPD\G22,SPD,20220228
SPDH2022,SPD H2022-ICS,F:SPD\H22,SPD,20220331
SPDJ2022,SPD J2022-ICS,F:SPD\J22,SPD,20220429
SPDK2022,SPD K2022-ICS,F:SPD\K22,SPD,20220531
SPDM2022,SPD M2022-ICS,F:SPD\M22,SPD,20220630
SPDN2022,SPD N2022-ICS,F:SPD\N22,SPD,20220729
SPDQ2022,SPD Q2022-ICS,F:SPD\Q22,SPD,20220831
SPDU2022,SPD U2022-ICS,F:SPD\U22,SPD,20220930
SPDV2022,SPD V2022-ICS,F:SPD\V22,SPD,20221031
SPDX2022,SPD X2022-ICS,F:SPD\X22,SPD,20221129
SPDZ2022,SPD Z2022-ICS,F:SPD\Z22,SPD,20221229
SPDF2023,SPD F2023-ICS,F:SPD\F23,SPD,20230131
SPDG2023,SPD G2023-ICS,F:SPD\G23,SPD,20230228
SPDH2023,SPD H2023-ICS,F:SPD\H23,SPD,20230331
SPDJ2023,SPD J2023-ICS,F:SPD\J23,SPD,20230428
SPDK2023,SPD K2023-ICS,F:SPD\K23,SPD,20230531
SPDM2023,SPD M2023-ICS,F:SPD\M23,SPD,20230630
SPDN2023,SPD N2023-ICS,F:SPD\N23,SPD,20230731
SPDQ2023,SPD Q2023-ICS,F:SPD\Q23,SPD,20230831
SPDU2023,SPD U2023-ICS,F:SPD\U23,SPD,20230929
SPDV2023,SPD V2023-ICS,F:SPD\V23,SPD,20231031
SPDX2023,SPD X2023-ICS,F:SPD\X23,SPD,20231129
SPDZ2023,SPD Z2023-ICS,F:SPD\Z23,SPD,20231229
SWDK2017,SWD K2017-ICS,F:SWD\K17,SWD,20170531
SWDM2017,SWD M2017-ICS,F:SWD\M17,SWD,20170630
SWDN2017,SWD N2017-ICS,F:SWD\N17,SWD,20170731
SWDQ2017,SWD Q2017-ICS,F:SWD\Q17,SWD,20170831
SWDU2017,SWD U2017-ICS,F:SWD\U17,SWD,20170929
SWDV2017,SWD V2017-ICS,F:SWD\V17,SWD,20171031
SWDX2017,SWD X2017-ICS,F:SWD\X17,SWD,20171130
SWDZ2017,SWD Z2017-ICS,F:SWD\Z17,SWD,20171229
SWDF2018,SWD F2018-ICS,F:SWD\F18,SWD,20180131
SWDG2018,SWD G2018-ICS,F:SWD\G18,SWD,20180228
SWDH2018,SWD H2018-ICS,F:SWD\H18,SWD,20180330
SWDJ2018,SWD J2018-ICS,F:SWD\J18,SWD,20180430
SWDK2018,SWD K2018-ICS,F:SWD\K18,SWD,20180531
SWDM2018,SWD M2018-ICS,F:SWD\M18,SWD,20180629
SWDN2018,SWD N2018-ICS,F:SWD\N18,SWD,20180731
SWDQ2018,SWD Q2018-ICS,F:SWD\Q18,SWD,20180831
SWDU2018,SWD U2018-ICS,F:SWD\U18,SWD,20180928
SWDV2018,SWD V2018-ICS,F:SWD\V18,SWD,20181031
SWDX2018,SWD X2018-ICS,F:SWD\X18,SWD,20181130
SWDZ2018,SWD Z2018-ICS,F:SWD\Z18,SWD,20181231
SWDF2019,SWD F2019-ICS,F:SWD\F19,SWD,20190131
SWDG2019,SWD G2019-ICS,F:SWD\G19,SWD,20190228
SWDH2019,SWD H2019-ICS,F:SWD\H19,SWD,20190329
SWDJ2019,SWD J2019-ICS,F:SWD\J19,SWD,20190430
SWDK2019,SWD K2019-ICS,F:SWD\K19,SWD,20190531
SWDM2019,SWD M2019-ICS,F:SWD\M19,SWD,20190628
SWDN2019,SWD N2019-ICS,F:SWD\N19,SWD,20190731
SWDQ2019,SWD Q2019-ICS,F:SWD\Q19,SWD,20190830
SWDU2019,SWD U2019-ICS,F:SWD\U19,SWD,20190930
SWDV2019,SWD V2019-ICS,F:SWD\V19,SWD,20191031
SWDX2019,SWD X2019-ICS,F:SWD\X19,SWD,20191129
SWDZ2019,SWD Z2019-ICS,F:SWD\Z19,SWD,20191231
SWDF2020,SWD F2020-ICS,F:SWD\F20,SWD,20200131
SWDG2020,SWD G2020-ICS,F:SWD\G20,SWD,20200228
SWDH2020,SWD H2020-ICS,F:SWD\H20,SWD,20200331
SWDJ2020,SWD J2020-ICS,F:SWD\J20,SWD,20200430
SWDK2020,SWD K2020-ICS,F:SWD\K20,SWD,20200529
SWDM2020,SWD M2020-ICS,F:SWD\M20,SWD,20200630
SWDN2020,SWD N2020-ICS,F:SWD\N20,SWD,20200731
SWDQ2020,SWD Q2020-ICS,F:SWD\Q20,SWD,20200831
SWDU2020,SWD U2020-ICS,F:SWD\U20,SWD,20200929
SWDV2020,SWD V2020-ICS,F:SWD\V20,SWD,20201030
SWDX2020,SWD X2020-ICS,F:SWD\X20,SWD,20201130
SWDZ2020,SWD Z2020-ICS,F:SWD\Z20,SWD,20201230
SWDF2021,SWD F2021-ICS,F:SWD\F21,SWD,20210129
SWDG2021,SWD G2021-ICS,F:SWD\G21,SWD,20210226
SWDH2021,SWD H2021-ICS,F:SWD\H21,SWD,20210331
SWDJ2021,SWD J2021-ICS,F:SWD\J21,SWD,20210430
SWDK2021,SWD K2021-ICS,F:SWD\K21,SWD,20210531
SWDM2021,SWD M2021-ICS,F:SWD\M21,SWD,20210630
SWDN2021,SWD N2021-ICS,F:SWD\N21,SWD,20210730
SWDQ2021,SWD Q2021-ICS,F:SWD\Q21,SWD,20210831
SWDU2021,SWD U2021-ICS,F:SWD\U21,SWD,20210930
SWDV2021,SWD V2021-ICS,F:SWD\V21,SWD,20211029
SWDX2021,SWD X2021-ICS,F:SWD\X21,SWD,20211130
SWDZ2021,SWD Z2021-ICS,F:SWD\Z21,SWD,20211230
SWDF2022,SWD F2022-ICS,F:SWD\F22,SWD,20220128
SWDG2022,SWD G2022-ICS,F:SWD\G22,SWD,20220228
SWDH2022,SWD H2022-ICS,F:SWD\H22,SWD,20220331
SWDJ2022,SWD J2022-ICS,F:SWD\J22,SWD,20220429
SWDK2022,SWD K2022-ICS,F:SWD\K22,SWD,20220531
SWDM2022,SWD M2022-ICS,F:SWD\M22,SWD,20220630
SWDN2022,SWD N2022-ICS,F:SWD\N22,SWD,20220729
SWDQ2022,SWD Q2022-ICS,F:SWD\Q22,SWD,20220831
SWDU2022,SWD U2022-ICS,F:SWD\U22,SWD,20220930
SWDV2022,SWD V2022-ICS,F:SWD\V22,SWD,20221031
SWDX2022,SWD X2022-ICS,F:SWD\X22,SWD,20221130
SWDZ2022,SWD Z2022-ICS,F:SWD\Z22,SWD,20221229
SWDF2023,SWD F2023-ICS,F:SWD\F23,SWD,20230131
SWDG2023,SWD G2023-ICS,F:SWD\G23,SWD,20230228
SWDH2023,SWD H2023-ICS,F:SWD\H23,SWD,20230331
SWDJ2023,SWD J2023-ICS,F:SWD\J23,SWD,20230428
SWDK2023,SWD K2023-ICS,F:SWD\K23,SWD,20230531
SWDM2023,SWD M2023-ICS,F:SWD\M23,SWD,20230630
SWDN2023,SWD N2023-ICS,F:SWD\N23,SWD,20230731
SWDQ2023,SWD Q2023-ICS,F:SWD\Q23,SWD,20230831
SWDU2023,SWD U2023-ICS,F:SWD\U23,SWD,20230927
SWDV2023,SWD V2023-ICS,F:SWD\V23,SWD,20231031
SWDX2023,SWD X2023-ICS,F:SWD\X23,SWD,20231130
SWDZ2023,SWD Z2023-ICS,F:SWD\Z23,SWD,20231228
TMX2016,TM X2016-ICS,F:TM\X16,TM,20161019
TMZ2016,TM Z2016-ICS,F:TM\Z16,TM,20161118
TMF2017,TM F2017-ICS,F:TM\F17,TM,20161219
TMG2017,TM G2017-ICS,F:TM\G17,TM,20170119
TMH2017,TM H2017-ICS,F:TM\H17,TM,20170217
TMJ2017,TM J2017-ICS,F:TM\J17,TM,20170320
TMK2017,TM K2017-ICS,F:TM\K17,TM,20170419
TMM2017,TM M2017-ICS,F:TM\M17,TM,20170519
TMN2017,TM N2017-ICS,F:TM\N17,TM,20170619
TMQ2017,TM Q2017-ICS,F:TM\Q17,TM,20170719
TMU2017,TM U2017-ICS,F:TM\U17,TM,20170821
TMV2017,TM V2017-ICS,F:TM\V17,TM,20170919
TMX2017,TM X2017-ICS,F:TM\X17,TM,20171019
TMZ2017,TM Z2017-ICS,F:TM\Z17,TM,20171117
TMF2018,TM F2018-ICS,F:TM\F18,TM,20171218
TMG2018,TM G2018-ICS,F:TM\G18,TM,20180119
TMH2018,TM H2018-ICS,F:TM\H18,TM,20180216
TMJ2018,TM J2018-ICS,F:TM\J18,TM,20180319
TMK2018,TM K2018-ICS,F:TM\K18,TM,20180419
TMM2018,TM M2018-ICS,F:TM\M18,TM,20180521
TMN2018,TM N2018-ICS,F:TM\N18,TM,20180619
TMQ2018,TM Q2018-ICS,F:TM\Q18,TM,20180719
TMU2018,TM U2018-ICS,F:TM\U18,TM,20180820
TMV2018,TM V2018-ICS,F:TM\V18,TM,20180919
TMX2018,TM X2018-ICS,F:TM\X18,TM,20181019
TMZ2018,TM Z2018-ICS,F:TM\Z18,TM,20181116
TMF2019,TM F2019-ICS,F:TM\F19,TM,20181218
TMG2019,TM G2019-ICS,F:TM\G19,TM,20190118
TMH2019,TM H2019-ICS,F:TM\H19,TM,20190219
TMJ2019,TM J2019-ICS,F:TM\J19,TM,20190319
TMK2019,TM K2019-ICS,F:TM\K19,TM,20190418
TMM2019,TM M2019-ICS,F:TM\M19,TM,20190520
TMN2019,TM N2019-ICS,F:TM\N19,TM,20190619
TMQ2019,TM Q2019-ICS,F:TM\Q19,TM,20190719
TMU2019,TM U2019-ICS,F:TM\U19,TM,20190819
TMV2019,TM V2019-ICS,F:TM\V19,TM,20190919
TMX2019,TM X2019-ICS,F:TM\X19,TM,20191021
TMZ2019,TM Z2019-ICS,F:TM\Z19,TM,20191119
TMF2020,TM F2020-ICS,F:TM\F20,TM,20191218
TMG2020,TM G2020-ICS,F:TM\G20,TM,20200117
TMH2020,TM H2020-ICS,F:TM\H20,TM,20200219
TMJ2020,TM J2020-ICS,F:TM\J20,TM,20200319
TMK2020,TM K2020-ICS,F:TM\K20,TM,20200420
TMM2020,TM M2020-ICS,F:TM\M20,TM,20200518
TMN2020,TM N2020-ICS,F:TM\N20,TM,20200619
TMQ2020,TM Q2020-ICS,F:TM\Q20,TM,20200720
TMU2020,TM U2020-ICS,F:TM\U20,TM,20200819
TMV2020,TM V2020-ICS,F:TM\V20,TM,20200921
TMX2020,TM X2020-ICS,F:TM\X20,TM,20201019
TMZ2020,TM Z2020-ICS,F:TM\Z20,TM,20201119
TMF2021,TM F2021-ICS,F:TM\F21,TM,20201218
TMG2021,TM G2021-ICS,F:TM\G21,TM,20210119
TMH2021,TM H2021-ICS,F:TM\H21,TM,20210219
TMJ2021,TM J2021-ICS,F:TM\J21,TM,20210319
TMK2021,TM K2021-ICS,F:TM\K21,TM,20210419
TMM2021,TM M2021-ICS,F:TM\M21,TM,20210519
TMN2021,TM N2021-ICS,F:TM\N21,TM,20210621
TMQ2021,TM Q2021-ICS,F:TM\Q21,TM,20210719
TMU2021,TM U2021-ICS,F:TM\U21,TM,20210819
TMV2021,TM V2021-ICS,F:TM\V21,TM,20210920
TMX2021,TM X2021-ICS,F:TM\X21,TM,20211019
TMZ2021,TM Z2021-ICS,F:TM\Z21,TM,20211118
TMF2022,TM F2022-ICS,F:TM\F22,TM,20211217
TMG2022,TM G2022-ICS,F:TM\G22,TM,20220119
TMH2022,TM H2022-ICS,F:TM\H22,TM,20220218
TMJ2022,TM J2022-ICS,F:TM\J22,TM,20220321
TMK2022,TM K2022-ICS,F:TM\K22,TM,20220419
TMM2022,TM M2022-ICS,F:TM\M22,TM,20220519
TMN2022,TM N2022-ICS,F:TM\N22,TM,20220617
TMQ2022,TM Q2022-ICS,F:TM\Q22,TM,20220719
TMU2022,TM U2022-ICS,F:TM\U22,TM,20220819
TMV2022,TM V2022-ICS,F:TM\V22,TM,20220919
TMX2022,TM X2022-ICS,F:TM\X22,TM,20221019
TMZ2022,TM Z2022-ICS,F:TM\Z22,TM,20221118
TMF2023,TM F2023-ICS,F:TM\F23,TM,20221219
TMG2023,TM G2023-ICS,F:TM\G23,TM,20230119
TMH2023,TM H2023-ICS,F:TM\H23,TM,20230217
TMJ2023,TM J2023-ICS,F:TM\J23,TM,20230320
TMK2023,TM K2023-ICS,F:TM\K23,TM,20230419
TMM2023,TM M2023-ICS,F:TM\M23,TM,20230519
TMN2023,TM N2023-ICS,F:TM\N23,TM,20230616
TMQ2023,TM Q2023-ICS,F:TM\Q23,TM,20230719
TMU2023,TM U2023-ICS,F:TM\U23,TM,20230821
TMV2023,TM V2023-ICS,F:TM\V23,TM,20230919
TMX2023,TM X2023-ICS,F:TM\X23,TM,20231019
TMZ2023,TM Z2023-ICS,F:TM\Z23,TM,20231117
TMF2024,TM F2024-ICS,F:TM\F24,TM,20231218
TMG2024,TM G2024-ICS,F:TM\G24,TM,20240119
TMH2024,TM H2024-ICS,F:TM\H24,TM,20240216
TMJ2024,TM J2024-ICS,F:TM\J24,TM,20240319
TMK2024,TM K2024-ICS,F:TM\K24,TM,20240419
TMM2024,TM M2024-ICS,F:TM\M24,TM,20240520
TMN2024,TM N2024-ICS,F:TM\N24,TM,20240618
TMQ2024,TM Q2024-ICS,F:TM\Q24,TM,20240719
TMU2024,TM U2024-ICS,F:TM\U24,TM,20240819
TMV2024,TM V2024-ICS,F:TM\V24,TM,20240919
TMX2024,TM X2024-ICS,F:TM\X24,TM,20241021
TMZ2024,TM Z2024-ICS,F:TM\Z24,TM,20241119
TMF2025,TM F2025-ICS,F:TM\F25,TM,20241218
TMG2025,TM G2025-ICS,F:TM\G25,TM,20250117
TMH2025,TM H2025-ICS,F:TM\H25,TM,20250219
TMJ2025,TM J2025-ICS,F:TM\J25,TM,20250319
TMK2025,TM K2025-ICS,F:TM\K25,TM,20250421
TMM2025,TM M2025-ICS,F:TM\M25,TM,20250519
TMN2025,TM N2025-ICS,F:TM\N25,TM,20250618
TMQ2025,TM Q2025-ICS,F:TM\Q25,TM,20250721
TMU2025,TM U2025-ICS,F:TM\U25,TM,20250819
TMV2025,TM V2025-ICS,F:TM\V25,TM,20250919
TMX2025,TM X2025-ICS,F:TM\X25,TM,20251020
TMZ2025,TM Z2025-ICS,F:TM\Z25,TM,20251119
TMF2026,TM F2026-ICS,F:TM\F26,TM,20251218
TMG2026,TM G2026-ICS,F:TM\G26,TM,20260116
TMH2026,TM H2026-ICS,F:TM\H26,TM,20260219
TMJ2026,TM J2026-ICS,F:TM\J26,TM,20260319
TMK2026,TM K2026-ICS,F:TM\K26,TM,20260420
TMM2026,TM M2026-ICS,F:TM\M26,TM,20260518
TMN2026,TM N2026-ICS,F:TM\N26,TM,20260618
TMQ2026,TM Q2026-ICS,F:TM\Q26,TM,20260720
TMU2026,TM U2026-ICS,F:TM\U26,TM,20260819
TMV2026,TM V2026-ICS,F:TM\V26,TM,20260921
TMX2026,TM X2026-ICS,F:TM\X26,TM,20261019
TMZ2026,TM Z2026-ICS,F:TM\Z26,TM,20261119
TMF2027,TM F2027-ICS,F:TM\F27,TM,20261218
TMG2027,TM G2027-ICS,F:TM\G27,TM,20270119
TMH2027,TM H2027-ICS,F:TM\H27,TM,20270219
TMJ2027,TM J2027-ICS,F:TM\J27,TM,20270319
TMK2027,TM K2027-ICS,F:TM\K27,TM,20270419
TMM2027,TM M2027-ICS,F:TM\M27,TM,20270519
TMN2027,TM N2027-ICS,F:TM\N27,TM,20270621
TMQ2027,TM Q2027-ICS,F:TM\Q27,TM,20270719
TMU2027,TM U2027-ICS,F:TM\U27,TM,20270819
TMV2027,TM V2027-ICS,F:TM\V27,TM,20270920
TMX2027,TM X2027-ICS,F:TM\X27,TM,20271019
TMZ2027,TM Z2027-ICS,F:TM\Z27,TM,20271118
TMF2028,TM F2028-ICS,F:TM\F28,TM,20271217
TMG2028,TM G2028-ICS,F:TM\G28,TM,20280119
TMH2028,TM H2028-ICS,F:TM\H28,TM,20280218
TMJ2028,TM J2028-ICS,F:TM\J28,TM,20280320
TMK2028,TM K2028-ICS,F:TM\K28,TM,20280419
TMM2028,TM M2028-ICS,F:TM\M28,TM,20280519
TMN2028,TM N2028-ICS,F:TM\N28,TM,20280616
TMQ2028,TM Q2028-ICS,F:TM\Q28,TM,20280719
TMU2028,TM U2028-ICS,F:TM\U28,TM,20280821
TMV2028,TM V2028-ICS,F:TM\V28,TM,20280919
TMX2028,TM X2028-ICS,F:TM\X28,TM,20281019
TMZ2028,TM Z2028-ICS,F:TM\Z28,TM,20281117
TMF2029,TM F2029-ICS,F:TM\F29,TM,20281218
TMG2029,TM G2029-ICS,F:TM\G29,TM,20290119
TMH2029,TM H2029-ICS,F:TM\H29,TM,20290216
TMJ2029,TM J2029-ICS,F:TM\J29,TM,20290319
TMK2029,TM K2029-ICS,F:TM\K29,TM,20290419
TMM2029,TM M2029-ICS,F:TM\M29,TM,20290521
TMN2029,TM N2029-ICS,F:TM\N29,TM,20290618
TMQ2029,TM Q2029-ICS,F:TM\Q29,TM,20290719
TMU2029,TM U2029-ICS,F:TM\U29,TM,20290820
TMV2029,TM V2029-ICS,F:TM\V29,TM,20290919
TMX2029,TM X2029-ICS,F:TM\X29,TM,20291019
TMZ2029,TM Z2029-ICS,F:TM\Z29,TM,20291116
TMF2030,TM F2030-ICS,F:TM\F30,TM,20291218
TMG2030,TM G2030-ICS,F:TM\G30,TM,20300118
TMH2030,TM H2030-ICS,F:TM\H30,TM,20300219
TMJ2030,TM J2030-ICS,F:TM\J30,TM,20300319
TMK2030,TM K2030-ICS,F:TM\K30,TM,20300418
TMM2030,TM M2030-ICS,F:TM\M30,TM,20300520
TMN2030,TM N2030-ICS,F:TM\N30,TM,20300618
TMQ2030,TM Q2030-ICS,F:TM\Q30,TM,20300719
TMU2030,TM U2030-ICS,F:TM\U30,TM,20300819
TMV2030,TM V2030-ICS,F:TM\V30,TM,20300919
TMX2030,TM X2030-ICS,F:TM\X30,TM,20301021
TMZ2030,TM Z2030-ICS,F:TM\Z30,TM,20301119
TM.ZQ2021,TM.Z Q2021-ICS,F:TM.Z\Q21,TM.Z,20210719
TM.ZU2021,TM.Z U21-ICS,F:TM.Z\U21,TM.Z,20210819
TM.ZV2021,TM.Z V21-ICS,F:TM.Z\V21,TM.Z,20210920
TM.ZX2021,TM.Z X21-ICS,F:TM.Z\X21,TM.Z,20211019
