BTMU2019,BTM U2019-BKT,F:BTM\U19,BTM,20190919
BTMV2019,BTM V2019-BKT,F:BTM\V19,BTM,20191016
BTMX2019,BTM X2019-BKT,F:BTM\X19,BTM,20191113
BTMZ2019,BTM Z2019-BKT,F:BTM\Z19,BTM,20191218
BTMF2020,BTM F2020-BKT,F:BTM\F20,BTM,20200115
BTMG2020,BTM G2020-BKT,F:BTM\G20,BTM,20200219
BTMH2020,BTM H2020-BKT,F:BTM\H20,BTM,20200318
BTMJ2020,BTM J2020-BKT,F:BTM\J20,BTM,20200415
BTMK2020,BTM K2020-BKT,F:BTM\K20,BTM,20200513
BTMM2020,BTM M2020-BKT,F:BTM\M20,BTM,20200617
BTMN2020,BTM N2020-BKT,F:BTM\N20,BTM,20200715
BTMQ2020,BTM Q2020-BKT,F:BTM\Q20,BTM,20200819
BTMU2020,BTM U2020-BKT,F:BTM\U20,BTM,20200916
BTMV2020,BTM V2020-BKT,F:BTM\V20,BTM,20201015
BTMX2020,BTM X2020-BKT,F:BTM\X20,BTM,20201119
BTMZ2020,BTM Z2020-BKT,F:BTM\Z20,BTM,20201217
BTMF2021,BTM F2021-BKT,F:BTM\F21,BTM,20210114
BTMG2021,BTM G2021-BKT,F:BTM\G21,BTM,20210218
BTMH2021,BTM H2021-BKT,F:BTM\H21,BTM,20210318
BTMJ2021,BTM J2021-BKT,F:BTM\J21,BTM,20210415
BTMK2021,BTM K2021-BKT,F:BTM\K21,BTM,20210520
BTMM2021,BTM M2021-BKT,F:BTM\M21,BTM,20210617
BTMN2021,BTM N2021-BKT,F:BTM\N21,BTM,20210715
BTMQ2021,BTM Q2021-BKT,F:BTM\Q21,BTM,20210819
BTMU2021,BTM U2021-BKT,F:BTM\U21,BTM,20210916
BTMV2021,BTM V2021-BKT,F:BTM\V21,BTM,20211014
BTMX2021,BTM X2021-BKT,F:BTM\X21,BTM,20211118
BTMZ2021,BTM Z2021-BKT,F:BTM\Z21,BTM,20211216
BTMF2022,BTM F2022-BKT,F:BTM\F22,BTM,20220120
BTMG2022,BTM G2022-BKT,F:BTM\G22,BTM,20220224
BTMH2022,BTM H2022-BKT,F:BTM\H22,BTM,20220324
BTMJ2022,BTM J2022-BKT,F:BTM\J22,BTM,20220428
BTMK2022,BTM K2022-BKT,F:BTM\K22,BTM,20220526
BTMM2022,BTM M2022-BKT,F:BTM\M22,BTM,20220623
BTMN2022,BTM N2022-BKT,F:BTM\N22,BTM,20220728
BTMQ2022,BTM Q2022-BKT,F:BTM\Q22,BTM,20220825
BTMU2022,BTM U2022-BKT,F:BTM\U22,BTM,20220929
BTMV2022,BTM V2022-BKT,F:BTM\V22,BTM,20221027
BTMX2022,BTM X2022-BKT,F:BTM\X22,BTM,20221124
BTMZ2022,BTM Z2022-BKT,F:BTM\Z22,BTM,20221229
BTMF2023,BTM F2023-BKT,F:BTM\F23,BTM,20230126
BTMG2023,BTM G2023-BKT,F:BTM\G23,BTM,20230223
BTMH2023,BTM H2023-BKT,F:BTM\H23,BTM,20230330
BTMJ2023,BTM J2023-BKT,F:BTM\J23,BTM,20230427
BTMK2023,BTM K2023-BKT,F:BTM\K23,BTM,20230525
BTMM2023,BTM M2023-BKT,F:BTM\M23,BTM,20230629
BTMN2023,BTM N2023-BKT,F:BTM\N23,BTM,20230727
BTMQ2023,BTM Q2023-BKT,F:BTM\Q23,BTM,20230824
BTM.ZF2020,BTMZ F2020-BKT,F:BTM.Z\F20,BTM.Z,20200114
BTM.ZG2020,BTMZ G2020-BKT,F:BTM.Z\G20,BTM.Z,20200218
BTM.ZQ2020,BTMZ Q2020-BKT,F:BTM.Z\Q20,BTM.Z,20200818
BTM.ZU2020,BTMZ U2020-BKT,F:BTM.Z\U20,BTM.Z,20200915
BTM.ZV2020,BTMZ V2020-BKT,F:BTM.Z\V20,BTM.Z,20201014
BTM.ZX2020,BTMZ X2020-BKT,F:BTM.Z\X20,BTM.Z,20201118
BTM.ZZ2020,BTMZ Z2020-BKT,F:BTM.Z\Z20,BTM.Z,20201216
BTM.ZF2021,BTMZ F2021-BKT,F:BTM.Z\F21,BTM.Z,20210113
BTM.ZG2021,BTMZ G2021-BKT,F:BTM.Z\G21,BTM.Z,20210217
BTM.ZH2021,BTMZ H2021-BKT,F:BTM.Z\H21,BTM.Z,20210317
BTM.ZJ2021,BTMZ J2021-BKT,F:BTM.Z\J21,BTM.Z,20210414
BTM.ZK2021,BTMZ K2021-BKT,F:BTM.Z\K21,BTM.Z,20210519
BTM.ZM2021,BTMZ M2021-BKT,F:BTM.Z\M21,BTM.Z,20210616
BTM.ZN2021,BTMZ N2021-BKT,F:BTM.Z\N21,BTM.Z,20210714
BTM.ZQ2021,BTMZ Q2021-BKT,F:BTM.Z\Q21,BTM.Z,20210818
BTM.ZU2021,BTMZ U2021-BKT,F:BTM.Z\U21,BTM.Z,20210915
BTM.ZV2021,BTMZ V2021-BKT,F:BTM.Z\V21,BTM.Z,20211013
BTM.ZX2021,BTMZ X2021-BKT,F:BTM.Z\X21,BTM.Z,20211117
BTM.ZZ2021,BTMZ Z2021-BKT,F:BTM.Z\Z21,BTM.Z,20211215
BTM.ZF2022,BTMZ F2022-BKT,F:BTM.Z\F22,BTM.Z,20220119
BTM.ZG2022,BTMZ G2022-BKT,F:BTM.Z\G22,BTM.Z,20220223
BTM.ZH2022,BTMZ H2022-BKT,F:BTM.Z\H22,BTM.Z,20220323
BTM.ZJ2022,BTMZ J2022-BKT,F:BTM.Z\J22,BTM.Z,20220427
BTM.ZK2022,BTMZ K2022-BKT,F:BTM.Z\K22,BTM.Z,20220525
BTM.ZM2022,BTMZ M2022-BKT,F:BTM.Z\M22,BTM.Z,20220622
BTM.ZN2022,BTMZ N2022-BKT,F:BTM.Z\N22,BTM.Z,20220727
BTM.ZQ2022,BTMZ Q2022-BKT,F:BTM.Z\Q22,BTM.Z,20220824
BTM.ZU2022,BTMZ U2022-BKT,F:BTM.Z\U22,BTM.Z,20220928
BTM.ZV2022,BTMZ V2022-BKT,F:BTM.Z\V22,BTM.Z,20221026
