CNHG2021,CNH G2021-MTB=1,F2:CNH\G21,CNH,20210226
CNHH2021,CNH H2021-MTB=1,F2:CNH\H21,CNH,20210331
CNHJ2021,CNH J2021-MTB=1,F2:CNH\J21,CNH,20210430
CNHK2021,CNH K2021-MTB=1,F2:CNH\K21,CNH,20210531
CNHM2021,CNH M2021-MTB=1,F2:CNH\M21,CNH,20210630
CNHN2021,CNH N2021-MTB=1,F2:CNH\N21,CNH,20210730
CNHQ2021,CNH Q2021-MTB=1,F2:CNH\Q21,CNH,20210831
CNHU2021,CNH U2021-MTB=1,F2:CNH\U21,CNH,20210930
CNHV2021,CNH V2021-MTB=1,F2:CNH\V21,CNH,20211029
CNHX2021,CNH X2021-MTB=1,F2:CNH\X21,CNH,20211130
CNHZ2021,CNH Z2021-MTB=1,F2:CNH\Z21,CNH,20211230
CNHF2022,CNH F2022-MTB=1,F2:CNH\F22,CNH,20220131
CNHG2022,CNH G2022-MTB=1,F2:CNH\G22,CNH,20220225
CNHH2022,CNH H2022-MTB=1,F2:CNH\H22,CNH,20220331
CNHJ2022,CNH J2022-MTB=1,F2:CNH\J22,CNH,20220429
CNHK2022,CNH K2022-MTB=1,F2:CNH\K22,CNH,20220531
CNHM2022,CNH M2022-MTB=1,F2:CNH\M22,CNH,20220630
CNHN2022,CNH N22-MTB=1,F2:CNH\N22,CNH,20220729
CNH.MG2021,CNH.M G2021-MTB=1,F2:CNH-M\G21,CNH.M,20210226
CNH.MH2021,CNH_M H2021-MTB=1,F2:CNH-M\H21,CNH.M,20210331
CNH.MJ2021,CNH_M J2021-MTB=1,F2:CNH-M\J21,CNH.M,20210430
CNH.MK2021,CNH_M K2021-MTB=1,F2:CNH-M\K21,CNH.M,20210531
CNH.MM2021,CNH_M M2021-MTB=1,F2:CNH-M\M21,CNH.M,20210630
CNH.MN2021,CNH_M N2021-MTB=1,F2:CNH-M\N21,CNH.M,20210730
CNH.MQ2021,CNH_M Q2021-MTB=1,F2:CNH-M\Q21,CNH.M,20210831
CNH.MU2021,CNH_M U2021-MTB=1,F2:CNH-M\U21,CNH.M,20210930
CNH.MV2021,CNH_M V2021-MTB=1,F2:CNH-M\V21,CNH.M,20211029
CNH.MX2021,CNH_M X2021-MTB=1,F2:CNH-M\X21,CNH.M,20211130
CNH.MZ2021,CNH_M Z2021-MTB=1,F2:CNH-M\Z21,CNH.M,20211230
CNH.MF2022,CNH_M F2022-MTB=1,F2:CNH-M\F22,CNH.M,20220131
CNH.MG2022,CNH_M G2022-MTB=1,F2:CNH-M\G22,CNH.M,20220225
CNH.MH2022,CNH_M H2022-MTB=1,F2:CNH-M\H22,CNH.M,20220331
CNH.MJ2022,CNH_M J2022-MTB=1,F2:CNH-M\J22,CNH.M,20220429
CNH.MK2022,CNH_M K2022-MTB=1,F2:CNH-M\K22,CNH.M,20220531
CNH.MM2022,CNH_M M2022-MTB=1,F2:CNH-M\M22,CNH.M,20220630
CNH.MN2022,CNH_M N22-MTB=1,F2:CNH-M\N22,CNH.M,20220729
CRN.CMEM2019,CRN.CME M2019-MTB=1,F2:CRN.CME\M19,CRN.CME,20190627
CRN.CMEQ2019,CRN.CME Q2019-MTB=1,F2:CRN.CME\Q19,CRN.CME,20190823
CRN.CMEX2019,CRN.CME X2019-MTB=1,F2:CRN.CME\X19,CRN.CME,20191122
CRN.CMEG2020,CRN.CME G2020-MTB=1,F2:CRN.CME\G20,CRN.CME,20200221
CRN.CMEJ2020,CRN.CME J2020-MTB=1,F2:CRN.CME\J20,CRN.CME,20200424
CRN.CMEM2020,CRN.CME M2020-MTB=1,F2:CRN.CME\M20,CRN.CME,20200626
CRN.CMEQ2020,CRN.CME Q2020-MTB=1,F2:CRN.CME\Q20,CRN.CME,20200821
CRN.CMEX2020,CRN.CME X2020-MTB=1,F2:CRN.CME\X20,CRN.CME,20201120
CRN.CMEG2021,CRN.CME G2021-MTB=1,F2:CRN.CME\G21,CRN.CME,20210219
CRN.CMEJ2021,CRN.CME J2021-MTB=1,F2:CRN.CME\J21,CRN.CME,20210423
CRN.CMEM2021,CRN.CME M2021-MTB=1,F2:CRN.CME\M21,CRN.CME,20210625
CRN.CMEQ2021,CRN.CME Q2021-MTB=1,F2:CRN.CME\Q21,CRN.CME,20210827
CRN.CMEX2021,CRN.CME X2021-MTB=1,F2:CRN.CME\X21,CRN.CME,20211126
CRN.CMEG2022,CRN.CME G2022-MTB=1,F2:CRN.CME\G22,CRN.CME,20220218
CRN.CMEJ2022,CRN.CME J2022-MTB=1,F2:CRN.CME\J22,CRN.CME,20220422
CRN.CMEM2022,CRN.CME M2022-MTB=1,F2:CRN.CME\M22,CRN.CME,20220624
CRN.CMEQ2022,CRN.CME Q22-MTB=1,F2:CRN.CME\Q22,CRN.CME,20220826
CRN.CMEX2022,CRN.CME X22-MTB=1,F2:CRN.CME\X22,CRN.CME,20221125
CRN.CMEJ2023,CRN.CME J23-MTB=1,F2:CRN.CME\J23,CRN.CME,20230421
CRN.CMEM2023,CRN.CME M23-MTB=1,F2:CRN.CME\M23,CRN.CME,20230623
DLRN2021,DLR N2021-MTB=1,F2:DLR\N21,DLR,20210730
DLRQ2021,DLR Q2021-MTB=1,F2:DLR\Q21,DLR,20210831
DLRU2021,DLR U2021-MTB=1,F2:DLR\U21,DLR,20210930
DLRV2021,DLR V2021-MTB=1,F2:DLR\V21,DLR,20211029
DLRX2021,DLR X2021-MTB=1,F2:DLR\X21,DLR,20211130
DLRZ2021,DLR Z2021-MTB=1,F2:DLR\Z21,DLR,20211230
DLRF2022,DLR F2022-MTB=1,F2:DLR\F22,DLR,20220131
DLRG2022,DLR G2022-MTB=1,F2:DLR\G22,DLR,20220225
DLRH2022,DLR H2022-MTB=1,F2:DLR\H22,DLR,20220331
DLRJ2022,DLR J2022-MTB=1,F2:DLR\J22,DLR,20220429
DLRK2022,DLR K2022-MTB=1,F2:DLR\K22,DLR,20220531
DLRM2022,DLR M2022-MTB=1,F2:DLR\M22,DLR,20220630
DLRN2022,DLR N22-MTB=1,F2:DLR\N22,DLR,20220729
DLRQ2022,DLR Q22-MTB=1,F2:DLR\Q22,DLR,20220831
DLRU2022,DLR U22-MTB=1,F2:DLR\U22,DLR,20220930
DLRV2022,DLR V22-MTB=1,F2:DLR\V22,DLR,20221031
DLRX2022,DLR X22-MTB=1,F2:DLR\X22,DLR,20221130
DLRZ2022,DLR Z22-MTB=1,F2:DLR\Z22,DLR,20221230
DLRF2023,DLR F23-MTB=1,F2:DLR\F23,DLR,20230131
DLRG2023,DLR G23-MTB=1,F2:DLR\G23,DLR,20230228
DLRH2023,DLR H23-MTB=1,F2:DLR\H23,DLR,20230331
DLRJ2023,DLR J23-MTB=1,F2:DLR\J23,DLR,20230428
DLRK2023,DLR K23-MTB=1,F2:DLR\K23,DLR,20230531
DLRM2023,DLR M23-MTB=1,F2:DLR\M23,DLR,20230630
DLR.AN2021,DLR_A N2021-MTB=1,F2:DLR-A\N21,DLR.A,20210730
DLR.AQ2021,DLR_A Q2021-MTB=1,F2:DLR-A\Q21,DLR.A,20210831
DLR.AU2021,DLR_A U2021-MTB=1,F2:DLR-A\U21,DLR.A,20210930
DLR.AV2021,DLR_A V2021-MTB=1,F2:DLR-A\V21,DLR.A,20211029
DLR.AX2021,DLR_A X2021-MTB=1,F2:DLR-A\X21,DLR.A,20211130
DLR.AZ2021,DLR_A Z2021-MTB=1,F2:DLR-A\Z21,DLR.A,20211230
DLR.AF2022,DLR_A F2022-MTB=1,F2:DLR-A\F22,DLR.A,20220131
DLR.AG2022,DLR_A G2022-MTB=1,F2:DLR-A\G22,DLR.A,20220225
DLR.AH2022,DLR_A H2022-MTB=1,F2:DLR-A\H22,DLR.A,20220331
DLR.AJ2022,DLR_A J2022-MTB=1,F2:DLR-A\J22,DLR.A,20220429
DLR.AK2022,DLR_A K2022-MTB=1,F2:DLR-A\K22,DLR.A,20220531
DLR.AM2022,DLR_A M2022-MTB=1,F2:DLR-A\M22,DLR.A,20220630
DLR.AN2022,DLR_A N22-MTB=1,F2:DLR-A\N22,DLR.A,20220729
DLR.AQ2022,DLR_A Q22-MTB=1,F2:DLR-A\Q22,DLR.A,20220831
DLR.AU2022,DLR_A U22-MTB=1,F2:DLR-A\U22,DLR.A,20220930
DLR.AV2022,DLR_A V22-MTB=1,F2:DLR-A\V22,DLR.A,20221031
DLR.AX2022,DLR_A X22-MTB=1,F2:DLR-A\X22,DLR.A,20221130
DLR.AZ2022,DLR_A Z22-MTB=1,F2:DLR-A\Z22,DLR.A,20221230
DLR.AF2023,DLR_A F23-MTB=1,F2:DLR-A\F23,DLR.A,20230131
DLR.AG2023,DLR_A G23-MTB=1,F2:DLR-A\G23,DLR.A,20230228
DLR.AH2023,DLR_A H23-MTB=1,F2:DLR-A\H23,DLR.A,20230331
DLR.AJ2023,DLR_A J23-MTB=1,F2:DLR-A\J23,DLR.A,20230428
DLR.AK2023,DLR_A K23-MTB=1,F2:DLR-A\K23,DLR.A,20230531
DLR.AM2023,DLR_A M23-MTB=1,F2:DLR-A\M23,DLR.A,20230630
DOZ2002,DO Z2002-MTB=1,F2:DO\Z02,DO,20030102
DOF2003,DO F2003-MTB=1,F2:DO\F03,DO,20030131
DOG2003,DO G2003-MTB=1,F2:DO\G03,DO,20030228
DOH2003,DO H2003-MTB=1,F2:DO\H03,DO,20030401
DOJ2003,DO J2003-MTB=1,F2:DO\J03,DO,20030430
DOK2003,DO K2003-MTB=1,F2:DO\K03,DO,20030602
DOM2003,DO M2003-MTB=1,F2:DO\M03,DO,20030630
DON2003,DO N2003-MTB=1,F2:DO\N03,DO,20030731
DOQ2003,DO Q2003-MTB=1,F2:DO\Q03,DO,20030901
DOU2003,DO U2003-MTB=1,F2:DO\U03,DO,20030930
DOV2003,DO V2003-MTB=1,F2:DO\V03,DO,20031031
DOX2003,DO X2003-MTB=1,F2:DO\X03,DO,20031201
DOZ2003,DO Z2003-MTB=1,F2:DO\Z03,DO,20040102
DOF2004,DO F2004-MTB=1,F2:DO\F04,DO,20040202
DOG2004,DO G2004-MTB=1,F2:DO\G04,DO,20040301
DOH2004,DO H2004-MTB=1,F2:DO\H04,DO,20040331
DOJ2004,DO J2004-MTB=1,F2:DO\J04,DO,20040430
DOK2004,DO K2004-MTB=1,F2:DO\K04,DO,20040531
DOM2004,DO M2004-MTB=1,F2:DO\M04,DO,20040630
DON2004,DO N2004-MTB=1,F2:DO\N04,DO,20040802
DOQ2004,DO Q2004-MTB=1,F2:DO\Q04,DO,20040831
DOU2004,DO U2004-MTB=1,F2:DO\U04,DO,20040930
DOV2004,DO V2004-MTB=1,F2:DO\V04,DO,20041101
DOX2004,DO X2004-MTB=1,F2:DO\X04,DO,20041130
DOZ2004,DO Z2004-MTB=1,F2:DO\Z04,DO,20050103
DOF2005,DO F2005-MTB=1,F2:DO\F05,DO,20050131
DOG2005,DO G2005-MTB=1,F2:DO\G05,DO,20050228
DOH2005,DO H2005-MTB=1,F2:DO\H05,DO,20050331
DOJ2005,DO J2005-MTB=1,F2:DO\J05,DO,20050502
DOK2005,DO K2005-MTB=1,F2:DO\K05,DO,20050531
DOM2005,DO M2005-MTB=1,F2:DO\M05,DO,20050630
DON2005,DO N2005-MTB=1,F2:DO\N05,DO,20050801
DOQ2005,DO Q2005-MTB=1,F2:DO\Q05,DO,20050831
DOU2005,DO U2005-MTB=1,F2:DO\U05,DO,20050930
DOV2005,DO V2005-MTB=1,F2:DO\V05,DO,20051031
DOX2005,DO X2005-MTB=1,F2:DO\X05,DO,20051130
DOZ2005,DO Z2005-MTB=1,F2:DO\Z05,DO,20060102
DOF2006,DO F2006-MTB=1,F2:DO\F06,DO,20060131
DOG2006,DO G2006-MTB=1,F2:DO\G06,DO,20060228
DOH2006,DO H2006-MTB=1,F2:DO\H06,DO,20060331
DOJ2006,DO J2006-MTB=1,F2:DO\J06,DO,20060502
DOK2006,DO K2006-MTB=1,F2:DO\K06,DO,20060531
DOM2006,DO M2006-MTB=1,F2:DO\M06,DO,20060630
DON2006,DO N2006-MTB=1,F2:DO\N06,DO,20060731
DOQ2006,DO Q2006-MTB=1,F2:DO\Q06,DO,20060831
DOU2006,DO U2006-MTB=1,F2:DO\U06,DO,20061002
DOV2006,DO V2006-MTB=1,F2:DO\V06,DO,20061031
DOX2006,DO X2006-MTB=1,F2:DO\X06,DO,20061130
DOZ2006,DO Z2006-MTB=1,F2:DO\Z06,DO,20070102
DOF2007,DO F2007-MTB=1,F2:DO\F07,DO,20070131
DOG2007,DO G2007-MTB=1,F2:DO\G07,DO,20070228
DOH2007,DO H2007-MTB=1,F2:DO\H07,DO,20070403
DOJ2007,DO J2007-MTB=1,F2:DO\J07,DO,20070430
DOK2007,DO K2007-MTB=1,F2:DO\K07,DO,20070531
DOM2007,DO M2007-MTB=1,F2:DO\M07,DO,20070702
DON2007,DO N2007-MTB=1,F2:DO\N07,DO,20070731
DOQ2007,DO Q2007-MTB=1,F2:DO\Q07,DO,20070831
DOU2007,DO U2007-MTB=1,F2:DO\U07,DO,20071001
DOV2007,DO V2007-MTB=1,F2:DO\V07,DO,20071031
DOX2007,DO X2007-MTB=1,F2:DO\X07,DO,20071130
DOZ2007,DO Z2007-MTB=1,F2:DO\Z07,DO,20071228
DOF2008,DO F2008-MTB=1,F2:DO\F08,DO,20080131
DOG2008,DO G2008-MTB=1,F2:DO\G08,DO,20080229
DOH2008,DO H2008-MTB=1,F2:DO\H08,DO,20080331
DOJ2008,DO J2008-MTB=1,F2:DO\J08,DO,20080430
DOK2008,DO K2008-MTB=1,F2:DO\K08,DO,20080602
DOM2008,DO M2008-MTB=1,F2:DO\M08,DO,20080630
DON2008,DO N2008-MTB=1,F2:DO\N08,DO,20080731
DOQ2008,DO Q2008-MTB=1,F2:DO\Q08,DO,20080901
DOU2008,DO U2008-MTB=1,F2:DO\U08,DO,20080930
DOV2008,DO V2008-MTB=1,F2:DO\V08,DO,20081031
DOX2008,DO X2008-MTB=1,F2:DO\X08,DO,20081201
DOZ2008,DO Z2008-MTB=1,F2:DO\Z08,DO,20090102
DOF2009,DO F2009-MTB=1,F2:DO\F09,DO,20090202
DOG2009,DO G2009-MTB=1,F2:DO\G09,DO,20090302
DOH2009,DO H2009-MTB=1,F2:DO\H09,DO,20090331
DOJ2009,DO J2009-MTB=1,F2:DO\J09,DO,20090430
DOK2009,DO K2009-MTB=1,F2:DO\K09,DO,20090601
DOM2009,DO M2009-MTB=1,F2:DO\M09,DO,20090630
DON2009,DO N2009-MTB=1,F2:DO\N09,DO,20090731
DOQ2009,DO Q2009-MTB=1,F2:DO\Q09,DO,20090831
DOU2009,DO U2009-MTB=1,F2:DO\U09,DO,20090930
DOV2009,DO V2009-MTB=1,F2:DO\V09,DO,20091102
DOX2009,DO X2009-MTB=1,F2:DO\X09,DO,20091130
DOZ2009,DO Z2009-MTB=1,F2:DO\Z09,DO,20091230
DOF2010,DO F2010-MTB=1,F2:DO\F10,DO,20100129
DOG2010,DO G2010-MTB=1,F2:DO\G10,DO,20100226
DOH2010,DO H2010-MTB=1,F2:DO\H10,DO,20100331
DOJ2010,DO J2010-MTB=1,F2:DO\J10,DO,20100430
DOK2010,DO K2010-MTB=1,F2:DO\K10,DO,20100531
DOM2010,DO M2010-MTB=1,F2:DO\M10,DO,20100630
DON2010,DO N2010-MTB=1,F2:DO\N10,DO,20100730
DOQ2010,DO Q2010-MTB=1,F2:DO\Q10,DO,20100831
DOU2010,DO U2010-MTB=1,F2:DO\U10,DO,20100930
DOV2010,DO V2010-MTB=1,F2:DO\V10,DO,20101029
DOX2010,DO X2010-MTB=1,F2:DO\X10,DO,20101130
DOZ2010,DO Z2010-MTB=1,F2:DO\Z10,DO,20101230
DOF2011,DO F2011-MTB=1,F2:DO\F11,DO,20110131
DOG2011,DO G2011-MTB=1,F2:DO\G11,DO,20110228
DOH2011,DO H2011-MTB=1,F2:DO\H11,DO,20110331
DOJ2011,DO J2011-MTB=1,F2:DO\J11,DO,20110429
DOK2011,DO K2011-MTB=1,F2:DO\K11,DO,20110531
DOM2011,DO M2011-MTB=1,F2:DO\M11,DO,20110630
DON2011,DO N2011-MTB=1,F2:DO\N11,DO,20110729
DOQ2011,DO Q2011-MTB=1,F2:DO\Q11,DO,20110831
DOU2011,DO U2011-MTB=1,F2:DO\U11,DO,20110930
DOV2011,DO V2011-MTB=1,F2:DO\V11,DO,20111031
DOX2011,DO X2011-MTB=1,F2:DO\X11,DO,20111130
DOZ2011,DO Z2011-MTB=1,F2:DO\Z11,DO,20111229
DOF2012,DO F2012-MTB=1,F2:DO\F12,DO,20120131
DOG2012,DO G2012-MTB=1,F2:DO\G12,DO,20120229
DOH2012,DO H2012-MTB=1,F2:DO\H12,DO,20120330
DOJ2012,DO J2012-MTB=1,F2:DO\J12,DO,20120502
DOK2012,DO K2012-MTB=1,F2:DO\K12,DO,20120531
DOM2012,DO M2012-MTB=1,F2:DO\M12,DO,20120629
DON2012,DO N2012-MTB=1,F2:DO\N12,DO,20120731
DOQ2012,DO Q2012-MTB=1,F2:DO\Q12,DO,20120831
DOU2012,DO U2012-MTB=1,F2:DO\U12,DO,20120928
DOV2012,DO V2012-MTB=1,F2:DO\V12,DO,20121031
DOX2012,DO X2012-MTB=1,F2:DO\X12,DO,20121130
DOZ2012,DO Z2012-MTB=1,F2:DO\Z12,DO,20121228
DOF2013,DO F2013-MTB=1,F2:DO\F13,DO,20130201
DOG2013,DO G2013-MTB=1,F2:DO\G13,DO,20130228
DOH2013,DO H2013-MTB=1,F2:DO\H13,DO,20130327
DOJ2013,DO J2013-MTB=1,F2:DO\J13,DO,20130430
DOK2013,DO K2013-MTB=1,F2:DO\K13,DO,20130531
DOM2013,DO M2013-MTB=1,F2:DO\M13,DO,20130628
DON2013,DO N2013-MTB=1,F2:DO\N13,DO,20130731
DOQ2013,DO Q2013-MTB=1,F2:DO\Q13,DO,20130830
DOU2013,DO U2013-MTB=1,F2:DO\U13,DO,20130930
DOV2013,DO V2013-MTB=1,F2:DO\V13,DO,20131031
DOX2013,DO X2013-MTB=1,F2:DO\X13,DO,20131129
DOZ2013,DO Z2013-MTB=1,F2:DO\Z13,DO,20131230
DOF2014,DO F2014-MTB=1,F2:DO\F14,DO,20140130
DOG2014,DO G2014-MTB=1,F2:DO\G14,DO,20140228
DOH2014,DO H2014-MTB=1,F2:DO\H14,DO,20140331
DOJ2014,DO J2014-MTB=1,F2:DO\J14,DO,20140430
DOK2014,DO K2014-MTB=1,F2:DO\K14,DO,20140530
DOM2014,DO M2014-MTB=1,F2:DO\M14,DO,20140630
DON2014,DO N2014-MTB=1,F2:DO\N14,DO,20140731
DOQ2014,DO Q2014-MTB=1,F2:DO\Q14,DO,20140829
DOU2014,DO U2014-MTB=1,F2:DO\U14,DO,20140930
DOV2014,DO V2014-MTB=1,F2:DO\V14,DO,20141031
DOX2014,DO X2014-MTB=1,F2:DO\X14,DO,20141128
DOZ2014,DO Z2014-MTB=1,F2:DO\Z14,DO,20141230
DOF2015,DO F2015-MTB=1,F2:DO\F15,DO,20150130
DOG2015,DO G2015-MTB=1,F2:DO\G15,DO,20150227
DOH2015,DO H2015-MTB=1,F2:DO\H15,DO,20150331
DOJ2015,DO J2015-MTB=1,F2:DO\J15,DO,20150430
DOK2015,DO K2015-MTB=1,F2:DO\K15,DO,20150529
DOM2015,DO M2015-MTB=1,F2:DO\M15,DO,20150630
DON2015,DO N2015-MTB=1,F2:DO\N15,DO,20150731
DOU2015,DO U2015-MTB=1,F2:DO\U15,DO,20150930
DOX2015,DO X2015-MTB=1,F2:DO\X15,DO,20151030
DOZ2015,DO Z2015-MTB=1,F2:DO\Z15,DO,20151230
DOF2016,DO F2016-MTB=1,F2:DO\F16,DO,20160129
DOG2016,DO G2016-MTB=1,F2:DO\G16,DO,20160229
DOH2016,DO H2016-MTB=1,F2:DO\H16,DO,20160331
DOJ2016,DO J2016-MTB=1,F2:DO\J16,DO,20160429
DOK2016,DO K2016-MTB=1,F2:DO\K16,DO,20160531
DOM2016,DO M2016-MTB=1,F2:DO\M16,DO,20160630
DON2016,DO N2016-MTB=1,F2:DO\N16,DO,20160729
DOQ2016,DO Q2016-MTB=1,F2:DO\Q16,DO,20160831
DOU2016,DO U2016-MTB=1,F2:DO\U16,DO,20160930
DOV2016,DO V2016-MTB=1,F2:DO\V16,DO,20161031
DOX2016,DO X2016-MTB=1,F2:DO\X16,DO,20161130
DOZ2016,DO Z2016-MTB=1,F2:DO\Z16,DO,20161230
DOF2017,DO F2017-MTB=1,F2:DO\F17,DO,20170131
DOG2017,DO G2017-MTB=1,F2:DO\G17,DO,20170224
DOH2017,DO H2017-MTB=1,F2:DO\H17,DO,20170331
DOJ2017,DO J2017-MTB=1,F2:DO\J17,DO,20170428
DOK2017,DO K2017-MTB=1,F2:DO\K17,DO,20170531
DOM2017,DO M2017-MTB=1,F2:DO\M17,DO,20170630
DON2017,DO N2017-MTB=1,F2:DO\N17,DO,20170731
DOQ2017,DO Q2017-MTB=1,F2:DO\Q17,DO,20170831
DOU2017,DO U2017-MTB=1,F2:DO\U17,DO,20170929
DOV2017,DO V2017-MTB=1,F2:DO\V17,DO,20171031
DOX2017,DO X2017-MTB=1,F2:DO\X17,DO,20171130
DOZ2017,DO Z2017-MTB=1,F2:DO\Z17,DO,20171229
DOF2018,DO F2018-MTB=1,F2:DO\F18,DO,20180131
DOG2018,DO G2018-MTB=1,F2:DO\G18,DO,20180228
DOH2018,DO H2018-MTB=1,F2:DO\H18,DO,20180328
DOJ2018,DO J2018-MTB=1,F2:DO\J18,DO,20180502
DOK2018,DO K2018-MTB=1,F2:DO\K18,DO,20180531
DOM2018,DO M2018-MTB=1,F2:DO\M18,DO,20180629
DON2018,DO N2018-MTB=1,F2:DO\N18,DO,20180731
DOQ2018,DO Q2018-MTB=1,F2:DO\Q18,DO,20180831
DOU2018,DO U2018-MTB=1,F2:DO\U18,DO,20180928
DOV2018,DO V2018-MTB=1,F2:DO\V18,DO,20181031
DOX2018,DO X2018-MTB=1,F2:DO\X18,DO,20181203
DOZ2018,DO Z2018-MTB=1,F2:DO\Z18,DO,20181228
DOF2019,DO F2019-MTB=1,F2:DO\F19,DO,20190131
DOG2019,DO G2019-MTB=1,F2:DO\G19,DO,20190228
DOH2019,DO H2019-MTB=1,F2:DO\H19,DO,20190329
DOJ2019,DO J2019-MTB=1,F2:DO\J19,DO,20190430
DOK2019,DO K2019-MTB=1,F2:DO\K19,DO,20190531
DOM2019,DO M2019-MTB=1,F2:DO\M19,DO,20190628
DON2019,DO N2019-MTB=1,F2:DO\N19,DO,20190731
DOQ2019,DO Q2019-MTB=1,F2:DO\Q19,DO,20190830
DOU2019,DO U2019-MTB=1,F2:DO\U19,DO,20190930
DOV2019,DO V2019-MTB=1,F2:DO\V19,DO,20191031
DOX2019,DO X2019-MTB=1,F2:DO\X19,DO,20191129
DOZ2019,DO Z2019-MTB=1,F2:DO\Z19,DO,20191230
DOF2020,DO F2020-MTB=1,F2:DO\F20,DO,20200131
DOG2020,DO G2020-MTB=1,F2:DO\G20,DO,20200228
DOH2020,DO H2020-MTB=1,F2:DO\H20,DO,20200401
DOJ2020,DO J2020-MTB=1,F2:DO\J20,DO,20200430
DOK2020,DO K2020-MTB=1,F2:DO\K20,DO,20200529
DOM2020,DO M2020-MTB=1,F2:DO\M20,DO,20200630
DON2020,DO N2020-MTB=1,F2:DO\N20,DO,20200731
DOQ2020,DO Q2020-MTB=1,F2:DO\Q20,DO,20200831
DOU2020,DO U2020-MTB=1,F2:DO\U20,DO,20200930
DOV2020,DO V2020-MTB=1,F2:DO\V20,DO,20201030
DOX2020,DO X2020-MTB=1,F2:DO\X20,DO,20201130
DOZ2020,DO Z2020-MTB=1,F2:DO\Z20,DO,20201230
DOF2021,DO F2021-MTB=1,F2:DO\F21,DO,20210129
DOG2021,DO G2021-MTB=1,F2:DO\G21,DO,20210226
DOH2021,DO H2021-MTB=1,F2:DO\H21,DO,20210331
DOJ2021,DO J2021-MTB=1,F2:DO\J21,DO,20210430
DOK2021,DO K2021-MTB=1,F2:DO\K21,DO,20210531
DOM2021,DO M2021-MTB=1,F2:DO\M21,DO,20210630
DON2021,DO N2021-MTB=1,F2:DO\N21,DO,20210730
DOQ2021,DO Q21-MTB=1,F2:DO\Q21,DO,20210831
DOU2021,DO U21-MTB=1,F2:DO\U21,DO,20210930
DOV2021,DO V21-MTB=1,F2:DO\V21,DO,20211029
DOX2021,DO X21-MTB=1,F2:DO\X21,DO,20211130
DOZ2021,DO Z21-MTB=1,F2:DO\Z21,DO,20211230
DOF2022,DO F22-MTB=1,F2:DO\F22,DO,20220131
DOG2022,DO G22-MTB=1,F2:DO\G22,DO,20220225
DOH2022,DO H22-MTB=1,F2:DO\H22,DO,20220331
DOJ2022,DO J22-MTB=1,F2:DO\J22,DO,20220429
DOK2022,DO K22-MTB=1,F2:DO\K22,DO,20220531
DOM2022,DO M22-MTB=1,F2:DO\M22,DO,20220630
DO.AZ2002,DO_A Z2002-MTB=1,F2:DO-A\Z02,DO.A,20030102
DO.AF2003,DO_A F2003-MTB=1,F2:DO-A\F03,DO.A,20030131
DO.AG2003,DO_A G2003-MTB=1,F2:DO-A\G03,DO.A,20030228
DO.AH2003,DO_A H2003-MTB=1,F2:DO-A\H03,DO.A,20030401
DO.AJ2003,DO_A J2003-MTB=1,F2:DO-A\J03,DO.A,20030430
DO.AK2003,DO_A K2003-MTB=1,F2:DO-A\K03,DO.A,20030602
DO.AM2003,DO_A M2003-MTB=1,F2:DO-A\M03,DO.A,20030630
DO.AN2003,DO_A N2003-MTB=1,F2:DO-A\N03,DO.A,20030731
DO.AQ2003,DO_A Q2003-MTB=1,F2:DO-A\Q03,DO.A,20030901
DO.AU2003,DO_A U2003-MTB=1,F2:DO-A\U03,DO.A,20030930
DO.AV2003,DO_A V2003-MTB=1,F2:DO-A\V03,DO.A,20031031
DO.AX2003,DO_A X2003-MTB=1,F2:DO-A\X03,DO.A,20031201
DO.AZ2003,DO_A Z2003-MTB=1,F2:DO-A\Z03,DO.A,20040102
DO.AF2004,DO_A F2004-MTB=1,F2:DO-A\F04,DO.A,20040202
DO.AG2004,DO_A G2004-MTB=1,F2:DO-A\G04,DO.A,20040301
DO.AH2004,DO_A H2004-MTB=1,F2:DO-A\H04,DO.A,20040331
DO.AJ2004,DO_A J2004-MTB=1,F2:DO-A\J04,DO.A,20040430
DO.AK2004,DO_A K2004-MTB=1,F2:DO-A\K04,DO.A,20040531
DO.AM2004,DO_A M2004-MTB=1,F2:DO-A\M04,DO.A,20040630
DO.AN2004,DO_A N2004-MTB=1,F2:DO-A\N04,DO.A,20040802
DO.AQ2004,DO_A Q2004-MTB=1,F2:DO-A\Q04,DO.A,20040831
DO.AU2004,DO_A U2004-MTB=1,F2:DO-A\U04,DO.A,20040930
DO.AV2004,DO_A V2004-MTB=1,F2:DO-A\V04,DO.A,20041101
DO.AX2004,DO_A X2004-MTB=1,F2:DO-A\X04,DO.A,20041130
DO.AZ2004,DO_A Z2004-MTB=1,F2:DO-A\Z04,DO.A,20050103
DO.AF2005,DO_A F2005-MTB=1,F2:DO-A\F05,DO.A,20050131
DO.AG2005,DO_A G2005-MTB=1,F2:DO-A\G05,DO.A,20050228
DO.AH2005,DO_A H2005-MTB=1,F2:DO-A\H05,DO.A,20050331
DO.AJ2005,DO_A J2005-MTB=1,F2:DO-A\J05,DO.A,20050502
DO.AK2005,DO_A K2005-MTB=1,F2:DO-A\K05,DO.A,20050531
DO.AM2005,DO_A M2005-MTB=1,F2:DO-A\M05,DO.A,20050630
DO.AN2005,DO_A N2005-MTB=1,F2:DO-A\N05,DO.A,20050801
DO.AQ2005,DO_A Q2005-MTB=1,F2:DO-A\Q05,DO.A,20050831
DO.AU2005,DO_A U2005-MTB=1,F2:DO-A\U05,DO.A,20050930
DO.AV2005,DO_A V2005-MTB=1,F2:DO-A\V05,DO.A,20051031
DO.AX2005,DO_A X2005-MTB=1,F2:DO-A\X05,DO.A,20051130
DO.AZ2005,DO_A Z2005-MTB=1,F2:DO-A\Z05,DO.A,20060102
DO.AF2006,DO_A F2006-MTB=1,F2:DO-A\F06,DO.A,20060131
DO.AG2006,DO_A G2006-MTB=1,F2:DO-A\G06,DO.A,20060228
DO.AH2006,DO_A H2006-MTB=1,F2:DO-A\H06,DO.A,20060331
DO.AJ2006,DO_A J2006-MTB=1,F2:DO-A\J06,DO.A,20060502
DO.AK2006,DO_A K2006-MTB=1,F2:DO-A\K06,DO.A,20060531
DO.AM2006,DO_A M2006-MTB=1,F2:DO-A\M06,DO.A,20060630
DO.AN2006,DO_A N2006-MTB=1,F2:DO-A\N06,DO.A,20060731
DO.AQ2006,DO_A Q2006-MTB=1,F2:DO-A\Q06,DO.A,20060831
DO.AU2006,DO_A U2006-MTB=1,F2:DO-A\U06,DO.A,20061002
DO.AV2006,DO_A V2006-MTB=1,F2:DO-A\V06,DO.A,20061031
DO.AX2006,DO_A X2006-MTB=1,F2:DO-A\X06,DO.A,20061130
DO.AZ2006,DO_A Z2006-MTB=1,F2:DO-A\Z06,DO.A,20070102
DO.AF2007,DO_A F2007-MTB=1,F2:DO-A\F07,DO.A,20070131
DO.AG2007,DO_A G2007-MTB=1,F2:DO-A\G07,DO.A,20070228
DO.AH2007,DO_A H2007-MTB=1,F2:DO-A\H07,DO.A,20070403
DO.AJ2007,DO_A J2007-MTB=1,F2:DO-A\J07,DO.A,20070430
DO.AK2007,DO_A K2007-MTB=1,F2:DO-A\K07,DO.A,20070531
DO.AM2007,DO_A M2007-MTB=1,F2:DO-A\M07,DO.A,20070702
DO.AN2007,DO_A N2007-MTB=1,F2:DO-A\N07,DO.A,20070731
DO.AQ2007,DO_A Q2007-MTB=1,F2:DO-A\Q07,DO.A,20070831
DO.AU2007,DO_A U2007-MTB=1,F2:DO-A\U07,DO.A,20071001
DO.AV2007,DO_A V2007-MTB=1,F2:DO-A\V07,DO.A,20071031
DO.AX2007,DO_A X2007-MTB=1,F2:DO-A\X07,DO.A,20071130
DO.AZ2007,DO_A Z2007-MTB=1,F2:DO-A\Z07,DO.A,20071228
DO.AF2008,DO_A F2008-MTB=1,F2:DO-A\F08,DO.A,20080131
DO.AG2008,DO_A G2008-MTB=1,F2:DO-A\G08,DO.A,20080229
DO.AH2008,DO_A H2008-MTB=1,F2:DO-A\H08,DO.A,20080331
DO.AJ2008,DO_A J2008-MTB=1,F2:DO-A\J08,DO.A,20080430
DO.AK2008,DO_A K2008-MTB=1,F2:DO-A\K08,DO.A,20080602
DO.AM2008,DO_A M2008-MTB=1,F2:DO-A\M08,DO.A,20080630
DO.AN2008,DO_A N2008-MTB=1,F2:DO-A\N08,DO.A,20080731
DO.AQ2008,DO_A Q2008-MTB=1,F2:DO-A\Q08,DO.A,20080901
DO.AU2008,DO_A U2008-MTB=1,F2:DO-A\U08,DO.A,20080930
DO.AV2008,DO_A V2008-MTB=1,F2:DO-A\V08,DO.A,20081031
DO.AX2008,DO_A X2008-MTB=1,F2:DO-A\X08,DO.A,20081201
DO.AZ2008,DO_A Z2008-MTB=1,F2:DO-A\Z08,DO.A,20090102
DO.AF2009,DO_A F2009-MTB=1,F2:DO-A\F09,DO.A,20090202
DO.AG2009,DO_A G2009-MTB=1,F2:DO-A\G09,DO.A,20090302
DO.AH2009,DO_A H2009-MTB=1,F2:DO-A\H09,DO.A,20090331
DO.AJ2009,DO_A J2009-MTB=1,F2:DO-A\J09,DO.A,20090430
DO.AK2009,DO_A K2009-MTB=1,F2:DO-A\K09,DO.A,20090601
DO.AM2009,DO_A M2009-MTB=1,F2:DO-A\M09,DO.A,20090630
DO.AN2009,DO_A N2009-MTB=1,F2:DO-A\N09,DO.A,20090731
DO.AQ2009,DO_A Q2009-MTB=1,F2:DO-A\Q09,DO.A,20090831
DO.AU2009,DO_A U2009-MTB=1,F2:DO-A\U09,DO.A,20090930
DO.AV2009,DO_A V2009-MTB=1,F2:DO-A\V09,DO.A,20091102
DO.AX2009,DO_A X2009-MTB=1,F2:DO-A\X09,DO.A,20091130
DO.AZ2009,DO_A Z2009-MTB=1,F2:DO-A\Z09,DO.A,20091230
DO.AF2010,DO_A F2010-MTB=1,F2:DO-A\F10,DO.A,20100129
DO.AG2010,DO_A G2010-MTB=1,F2:DO-A\G10,DO.A,20100226
DO.AH2010,DO_A H2010-MTB=1,F2:DO-A\H10,DO.A,20100331
DO.AJ2010,DO_A J2010-MTB=1,F2:DO-A\J10,DO.A,20100430
DO.AK2010,DO_A K2010-MTB=1,F2:DO-A\K10,DO.A,20100531
DO.AM2010,DO_A M2010-MTB=1,F2:DO-A\M10,DO.A,20100630
DO.AN2010,DO_A N2010-MTB=1,F2:DO-A\N10,DO.A,20100730
DO.AQ2010,DO_A Q2010-MTB=1,F2:DO-A\Q10,DO.A,20100831
DO.AU2010,DO_A U2010-MTB=1,F2:DO-A\U10,DO.A,20100930
DO.AV2010,DO_A V2010-MTB=1,F2:DO-A\V10,DO.A,20101029
DO.AX2010,DO_A X2010-MTB=1,F2:DO-A\X10,DO.A,20101130
DO.AZ2010,DO_A Z2010-MTB=1,F2:DO-A\Z10,DO.A,20101230
DO.AF2011,DO_A F2011-MTB=1,F2:DO-A\F11,DO.A,20110131
DO.AG2011,DO_A G2011-MTB=1,F2:DO-A\G11,DO.A,20110228
DO.AH2011,DO_A H2011-MTB=1,F2:DO-A\H11,DO.A,20110331
DO.AJ2011,DO_A J2011-MTB=1,F2:DO-A\J11,DO.A,20110429
DO.AK2011,DO_A K2011-MTB=1,F2:DO-A\K11,DO.A,20110531
DO.AM2011,DO_A M2011-MTB=1,F2:DO-A\M11,DO.A,20110630
DO.AN2011,DO_A N2011-MTB=1,F2:DO-A\N11,DO.A,20110729
DO.AQ2011,DO_A Q2011-MTB=1,F2:DO-A\Q11,DO.A,20110831
DO.AU2011,DO_A U2011-MTB=1,F2:DO-A\U11,DO.A,20110930
DO.AV2011,DO_A V2011-MTB=1,F2:DO-A\V11,DO.A,20111031
DO.AX2011,DO_A X2011-MTB=1,F2:DO-A\X11,DO.A,20111130
DO.AZ2011,DO_A Z2011-MTB=1,F2:DO-A\Z11,DO.A,20111229
DO.AF2012,DO_A F2012-MTB=1,F2:DO-A\F12,DO.A,20120131
DO.AG2012,DO_A G2012-MTB=1,F2:DO-A\G12,DO.A,20120229
DO.AH2012,DO_A H2012-MTB=1,F2:DO-A\H12,DO.A,20120330
DO.AJ2012,DO_A J2012-MTB=1,F2:DO-A\J12,DO.A,20120502
DO.AK2012,DO_A K2012-MTB=1,F2:DO-A\K12,DO.A,20120531
DO.AM2012,DO_A M2012-MTB=1,F2:DO-A\M12,DO.A,20120629
DO.AN2012,DO_A N2012-MTB=1,F2:DO-A\N12,DO.A,20120731
DO.AQ2012,DO_A Q2012-MTB=1,F2:DO-A\Q12,DO.A,20120831
DO.AU2012,DO_A U2012-MTB=1,F2:DO-A\U12,DO.A,20120928
DO.AV2012,DO_A V2012-MTB=1,F2:DO-A\V12,DO.A,20121031
DO.AX2012,DO_A X2012-MTB=1,F2:DO-A\X12,DO.A,20121130
DO.AZ2012,DO_A Z2012-MTB=1,F2:DO-A\Z12,DO.A,20121228
DO.AF2013,DO_A F2013-MTB=1,F2:DO-A\F13,DO.A,20130201
DO.AG2013,DO_A G2013-MTB=1,F2:DO-A\G13,DO.A,20130228
DO.AH2013,DO_A H2013-MTB=1,F2:DO-A\H13,DO.A,20130327
DO.AJ2013,DO_A J2013-MTB=1,F2:DO-A\J13,DO.A,20130430
DO.AK2013,DO_A K2013-MTB=1,F2:DO-A\K13,DO.A,20130531
DO.AM2013,DO_A M2013-MTB=1,F2:DO-A\M13,DO.A,20130628
DO.AN2013,DO_A N2013-MTB=1,F2:DO-A\N13,DO.A,20130731
DO.AQ2013,DO_A Q2013-MTB=1,F2:DO-A\Q13,DO.A,20130830
DO.AU2013,DO_A U2013-MTB=1,F2:DO-A\U13,DO.A,20130930
DO.AV2013,DO_A V2013-MTB=1,F2:DO-A\V13,DO.A,20131031
DO.AX2013,DO_A X2013-MTB=1,F2:DO-A\X13,DO.A,20131129
DO.AZ2013,DO_A Z2013-MTB=1,F2:DO-A\Z13,DO.A,20131230
DO.AF2014,DO_A F2014-MTB=1,F2:DO-A\F14,DO.A,20140130
DO.AG2014,DO_A G2014-MTB=1,F2:DO-A\G14,DO.A,20140228
DO.AH2014,DO_A H2014-MTB=1,F2:DO-A\H14,DO.A,20140331
DO.AJ2014,DO_A J2014-MTB=1,F2:DO-A\J14,DO.A,20140430
DO.AK2014,DO_A K2014-MTB=1,F2:DO-A\K14,DO.A,20140530
DO.AM2014,DO_A M2014-MTB=1,F2:DO-A\M14,DO.A,20140630
DO.AN2014,DO_A N2014-MTB=1,F2:DO-A\N14,DO.A,20140731
DO.AQ2014,DO_A Q2014-MTB=1,F2:DO-A\Q14,DO.A,20140829
DO.AU2014,DO_A U2014-MTB=1,F2:DO-A\U14,DO.A,20140930
DO.AV2014,DO_A V2014-MTB=1,F2:DO-A\V14,DO.A,20141031
DO.AX2014,DO_A X2014-MTB=1,F2:DO-A\X14,DO.A,20141128
DO.AZ2014,DO_A Z2014-MTB=1,F2:DO-A\Z14,DO.A,20141230
DO.AF2015,DO_A F2015-MTB=1,F2:DO-A\F15,DO.A,20150130
DO.AG2015,DO_A G2015-MTB=1,F2:DO-A\G15,DO.A,20150227
DO.AH2015,DO_A H2015-MTB=1,F2:DO-A\H15,DO.A,20150331
DO.AJ2015,DO_A J2015-MTB=1,F2:DO-A\J15,DO.A,20150430
DO.AK2015,DO_A K2015-MTB=1,F2:DO-A\K15,DO.A,20150529
DO.AM2015,DO_A M2015-MTB=1,F2:DO-A\M15,DO.A,20150630
DO.AN2015,DO_A N2015-MTB=1,F2:DO-A\N15,DO.A,20150731
DO.AU2015,DO_A U2015-MTB=1,F2:DO-A\U15,DO.A,20150930
DO.AX2015,DO_A X2015-MTB=1,F2:DO-A\X15,DO.A,20151030
DO.AZ2015,DO_A Z2015-MTB=1,F2:DO-A\Z15,DO.A,20151230
DO.AF2016,DO_A F2016-MTB=1,F2:DO-A\F16,DO.A,20160129
DO.AG2016,DO_A G2016-MTB=1,F2:DO-A\G16,DO.A,20160229
DO.AH2016,DO_A H2016-MTB=1,F2:DO-A\H16,DO.A,20160331
DO.AJ2016,DO_A J2016-MTB=1,F2:DO-A\J16,DO.A,20160429
DO.AK2016,DO_A K2016-MTB=1,F2:DO-A\K16,DO.A,20160531
DO.AM2016,DO_A M2016-MTB=1,F2:DO-A\M16,DO.A,20160630
DO.AN2016,DO_A N2016-MTB=1,F2:DO-A\N16,DO.A,20160729
DO.AQ2016,DO_A Q2016-MTB=1,F2:DO-A\Q16,DO.A,20160831
DO.AU2016,DO_A U2016-MTB=1,F2:DO-A\U16,DO.A,20160930
DO.AV2016,DO_A V2016-MTB=1,F2:DO-A\V16,DO.A,20161031
DO.AX2016,DO_A X2016-MTB=1,F2:DO-A\X16,DO.A,20161130
DO.AZ2016,DO_A Z2016-MTB=1,F2:DO-A\Z16,DO.A,20161230
DO.AF2017,DO_A F2017-MTB=1,F2:DO-A\F17,DO.A,20170131
DO.AG2017,DO_A G2017-MTB=1,F2:DO-A\G17,DO.A,20170224
DO.AH2017,DO_A H2017-MTB=1,F2:DO-A\H17,DO.A,20170331
DO.AJ2017,DO_A J2017-MTB=1,F2:DO-A\J17,DO.A,20170428
DO.AK2017,DO_A K2017-MTB=1,F2:DO-A\K17,DO.A,20170531
DO.AM2017,DO_A M2017-MTB=1,F2:DO-A\M17,DO.A,20170630
DO.AN2017,DO_A N2017-MTB=1,F2:DO-A\N17,DO.A,20170731
DO.AQ2017,DO_A Q2017-MTB=1,F2:DO-A\Q17,DO.A,20170831
DO.AU2017,DO_A U2017-MTB=1,F2:DO-A\U17,DO.A,20170929
DO.AV2017,DO_A V2017-MTB=1,F2:DO-A\V17,DO.A,20171031
DO.AX2017,DO_A X2017-MTB=1,F2:DO-A\X17,DO.A,20171130
DO.AZ2017,DO_A Z2017-MTB=1,F2:DO-A\Z17,DO.A,20171229
DO.AF2018,DO_A F2018-MTB=1,F2:DO-A\F18,DO.A,20180131
DO.AG2018,DO_A G2018-MTB=1,F2:DO-A\G18,DO.A,20180228
DO.AH2018,DO_A H2018-MTB=1,F2:DO-A\H18,DO.A,20180328
DO.AJ2018,DO_A J2018-MTB=1,F2:DO-A\J18,DO.A,20180502
DO.AK2018,DO_A K2018-MTB=1,F2:DO-A\K18,DO.A,20180531
DO.AM2018,DO_A M2018-MTB=1,F2:DO-A\M18,DO.A,20180629
DO.AN2018,DO_A N2018-MTB=1,F2:DO-A\N18,DO.A,20180731
DO.AQ2018,DO_A Q2018-MTB=1,F2:DO-A\Q18,DO.A,20180831
DO.AU2018,DO_A U2018-MTB=1,F2:DO-A\U18,DO.A,20180928
DO.AV2018,DO_A V2018-MTB=1,F2:DO-A\V18,DO.A,20181031
DO.AX2018,DO_A X2018-MTB=1,F2:DO-A\X18,DO.A,20181203
DO.AZ2018,DO_A Z2018-MTB=1,F2:DO-A\Z18,DO.A,20181228
DO.AF2019,DO_A F2019-MTB=1,F2:DO-A\F19,DO.A,20190131
DO.AG2019,DO_A G2019-MTB=1,F2:DO-A\G19,DO.A,20190228
DO.AH2019,DO_A H2019-MTB=1,F2:DO-A\H19,DO.A,20190329
DO.AJ2019,DO_A J2019-MTB=1,F2:DO-A\J19,DO.A,20190430
DO.AK2019,DO_A K2019-MTB=1,F2:DO-A\K19,DO.A,20190531
DO.AM2019,DO_A M2019-MTB=1,F2:DO-A\M19,DO.A,20190628
DO.AN2019,DO_A N2019-MTB=1,F2:DO-A\N19,DO.A,20190731
DO.AQ2019,DO_A Q2019-MTB=1,F2:DO-A\Q19,DO.A,20190830
DO.AU2019,DO_A U2019-MTB=1,F2:DO-A\U19,DO.A,20190930
DO.AV2019,DO_A V2019-MTB=1,F2:DO-A\V19,DO.A,20191031
DO.AX2019,DO_A X2019-MTB=1,F2:DO-A\X19,DO.A,20191129
DO.AZ2019,DO_A Z2019-MTB=1,F2:DO-A\Z19,DO.A,20191230
DO.AF2020,DO_A F2020-MTB=1,F2:DO-A\F20,DO.A,20200131
DO.AG2020,DO_A G2020-MTB=1,F2:DO-A\G20,DO.A,20200228
DO.AH2020,DO_A H2020-MTB=1,F2:DO-A\H20,DO.A,20200401
DO.AJ2020,DO_A J2020-MTB=1,F2:DO-A\J20,DO.A,20200430
DO.AK2020,DO_A K2020-MTB=1,F2:DO-A\K20,DO.A,20200529
DO.AM2020,DO_A M2020-MTB=1,F2:DO-A\M20,DO.A,20200630
DO.AN2020,DO_A N2020-MTB=1,F2:DO-A\N20,DO.A,20200731
DO.AQ2020,DO_A Q2020-MTB=1,F2:DO-A\Q20,DO.A,20200831
DO.AU2020,DO_A U2020-MTB=1,F2:DO-A\U20,DO.A,20200930
DO.AV2020,DO_A V2020-MTB=1,F2:DO-A\V20,DO.A,20201030
DO.AX2020,DO_A X2020-MTB=1,F2:DO-A\X20,DO.A,20201130
DO.AZ2020,DO_A Z2020-MTB=1,F2:DO-A\Z20,DO.A,20201230
DO.AF2021,DO_A F2021-MTB=1,F2:DO-A\F21,DO.A,20210129
DO.AG2021,DO_A G2021-MTB=1,F2:DO-A\G21,DO.A,20210226
DO.AH2021,DO_A H2021-MTB=1,F2:DO-A\H21,DO.A,20210331
DO.AJ2021,DO_A J2021-MTB=1,F2:DO-A\J21,DO.A,20210430
DO.AK2021,DO_A K2021-MTB=1,F2:DO-A\K21,DO.A,20210531
DO.AM2021,DO_A M2021-MTB=1,F2:DO-A\M21,DO.A,20210630
DO.AN2021,DO_A N2021-MTB=1,F2:DO-A\N21,DO.A,20210730
DO.AQ2021,DO_A Q21-MTB=1,F2:DO-A\Q21,DO.A,20210831
DO.AU2021,DO_A U21-MTB=1,F2:DO-A\U21,DO.A,20210930
DO.AV2021,DO_A V21-MTB=1,F2:DO-A\V21,DO.A,20211029
DO.AX2021,DO_A X21-MTB=1,F2:DO-A\X21,DO.A,20211130
DO.AZ2021,DO_A Z21-MTB=1,F2:DO-A\Z21,DO.A,20211230
DO.AF2022,DO_A F22-MTB=1,F2:DO-A\F22,DO.A,20220131
DO.AG2022,DO_A G22-MTB=1,F2:DO-A\G22,DO.A,20220225
DO.AH2022,DO_A H22-MTB=1,F2:DO-A\H22,DO.A,20220331
DO.AJ2022,DO_A J22-MTB=1,F2:DO-A\J22,DO.A,20220429
DO.AK2022,DO_A K22-MTB=1,F2:DO-A\K22,DO.A,20220531
DO.AM2022,DO_A M22-MTB=1,F2:DO-A\M22,DO.A,20220630
GGALH2019,GGAL H2019-MTB=1,F2:GGAL\H19,GGAL,20190329
GGALM2019,GGAL M2019-MTB=1,F2:GGAL\M19,GGAL,20190628
GGALU2019,GGAL U2019-MTB=1,F2:GGAL\U19,GGAL,20190930
GGALV2019,GGAL V2019-MTB=1,F2:GGAL\V19,GGAL,20191031
GGALZ2019,GGAL Z2019-MTB=1,F2:GGAL\Z19,GGAL,20191230
GGALG2020,GGAL G2020-MTB=1,F2:GGAL\G20,GGAL,20200228
GGALJ2020,GGAL J2020-MTB=1,F2:GGAL\J20,GGAL,20200430
GGALM2020,GGAL M2020-MTB=1,F2:GGAL\M20,GGAL,20200630
GGALQ2020,GGAL Q2020-MTB=1,F2:GGAL\Q20,GGAL,20200831
GGALV2020,GGAL V2020-MTB=1,F2:GGAL\V20,GGAL,20201030
GGALZ2020,GGAL Z2020-MTB=1,F2:GGAL\Z20,GGAL,20201230
GGALG2021,GGAL G2021-MTB=1,F2:GGAL\G21,GGAL,20210226
GGALJ2021,GGAL J2021-MTB=1,F2:GGAL\J21,GGAL,20210430
GGALM2021,GGAL M2021-MTB=1,F2:GGAL\M21,GGAL,20210630
GGALQ2021,GGAL Q2021-MTB=1,F2:GGAL\Q21,GGAL,20210831
GGALV2021,GGAL V2021-MTB=1,F2:GGAL\V21,GGAL,20211029
GGALZ2021,GGAL Z2021-MTB=1,F2:GGAL\Z21,GGAL,20211230
GGALG2022,GGAL G2022-MTB=1,F2:GGAL\G22,GGAL,20220225
GGALJ2022,GGAL J2022-MTB=1,F2:GGAL\J22,GGAL,20220429
GGALM2022,GGAL M2022-MTB=1,F2:GGAL\M22,GGAL,20220630
GGALQ2022,GGAL Q22-MTB=1,F2:GGAL\Q22,GGAL,20220831
GGALV2022,GGAL V22-MTB=1,F2:GGAL\V22,GGAL,20221031
GIR.ROSH2021,GIR.ROS H21-MTB=1,F2:GIR.ROS\H21,GIR.ROS,20210323
MAI.BA.BSJ2021,MAI.BA.BS J21-MTB=1,F2:MAI.BA.BS\J21,MAI.BA.BS,20210423
MAI.CHA.BSJ2021,MAI.CHA.BS J2021-MTB=1,F2:MAI.CHA.BS\J21,MAI.CHA.BS,20210423
MAI.CHA.BSK2021,MAI.CHA.BS K21-MTB=1,F2:MAI.CHA.BS\K21,MAI.CHA.BS,20210423
MAI.CHA.BSN2021,MAI.CHA.BS N2021-MTB=1,F2:MAI.CHA.BS\N21,MAI.CHA.BS,20210723
MAI.CHA.BSJ2022,MAI.CHA.BS J22-MTB=1,F2:MAI.CHA.BS\J22,MAI.CHA.BS,20220422
MAI.IW.BSN2021,MAI.IW.BS N2021-MTB=1,F2:MAI.IW.BS\N21,MAI.IW.BS,20210723
MAI.IW.BSU2021,MAI.IW.BS U2021-MTB=1,F2:MAI.IW.BS\U21,MAI.IW.BS,20210923
MAI.IW.BSJ2022,MAI.IW.BS J22-MTB=1,F2:MAI.IW.BS\J22,MAI.IW.BS,20220422
MAI.MINJ2019,MAI.MIN J2019-MTB=1,F2:MAI.MIN\J19,MAI.MIN,20190329
MAI.MINN2019,MAI.MIN N2019-MTB=1,F2:MAI.MIN\N19,MAI.MIN,20190701
MAI.MINZ2019,MAI.MIN Z2019-MTB=1,F2:MAI.MIN\Z19,MAI.MIN,20191202
MAI.MINJ2020,MAI.MIN J2020-MTB=1,F2:MAI.MIN\J20,MAI.MIN,20200401
MAI.MINN2020,MAI.MIN N2020-MTB=1,F2:MAI.MIN\N20,MAI.MIN,20200630
MAI.MINZ2020,MAI.MIN Z2020-MTB=1,F2:MAI.MIN\Z20,MAI.MIN,20201130
MAI.MINJ2021,MAI.MIN J2021-MTB=1,F2:MAI.MIN\J21,MAI.MIN,20210331
MAI.MINN2021,MAI.MIN N2021-MTB=1,F2:MAI.MIN\N21,MAI.MIN,20210630
MAI.MINZ2021,MAI.MIN Z2021-MTB=1,F2:MAI.MIN\Z21,MAI.MIN,20211130
MAI.MINJ2022,MAI.MIN J2022-MTB=1,F2:MAI.MIN\J22,MAI.MIN,20220331
MAI.MINN2022,MAI.MIN N2022-MTB=1,F2:MAI.MIN\N22,MAI.MIN,20220630
MAI.MINZ2022,MAI.MIN Z22-MTB=1,F2:MAI.MIN\Z22,MAI.MIN,20221130
MAI.MINJ2023,MAI.MIN J23-MTB=1,F2:MAI.MIN\J23,MAI.MIN,20230331
MAI.MINN2023,MAI.MIN N23-MTB=1,F2:MAI.MIN\N23,MAI.MIN,20230630
MAI.ROSF2019,MAI.ROS F2019-MTB=1,F2:MAI.ROS\F19,MAI.ROS,20190124
MAI.ROSH2019,MAI.ROS H2019-MTB=1,F2:MAI.ROS\H19,MAI.ROS,20190322
MAI.ROSJ2019,MAI.ROS J2019-MTB=1,F2:MAI.ROS\J19,MAI.ROS,20190423
MAI.ROSM2019,MAI.ROS M2019-MTB=1,F2:MAI.ROS\M19,MAI.ROS,20190621
MAI.ROSN2019,MAI.ROS N2019-MTB=1,F2:MAI.ROS\N19,MAI.ROS,20190724
MAI.ROSQ2019,MAI.ROS Q2019-MTB=1,F2:MAI.ROS\Q19,MAI.ROS,20190823
MAI.ROSU2019,MAI.ROS U2019-MTB=1,F2:MAI.ROS\U19,MAI.ROS,20190923
MAI.ROSV2019,MAI.ROS V2019-MTB=1,F2:MAI.ROS\V19,MAI.ROS,20191024
MAI.ROSX2019,MAI.ROS X2019-MTB=1,F2:MAI.ROS\X19,MAI.ROS,20191122
MAI.ROSZ2019,MAI.ROS Z2019-MTB=1,F2:MAI.ROS\Z19,MAI.ROS,20191219
MAI.ROSF2020,MAI.ROS F2020-MTB=1,F2:MAI.ROS\F20,MAI.ROS,20200124
MAI.ROSG2020,MAI.ROS G2020-MTB=1,F2:MAI.ROS\G20,MAI.ROS,20200219
MAI.ROSH2020,MAI.ROS H2020-MTB=1,F2:MAI.ROS\H20,MAI.ROS,20200320
MAI.ROSJ2020,MAI.ROS J2020-MTB=1,F2:MAI.ROS\J20,MAI.ROS,20200423
MAI.ROSK2020,MAI.ROS K2020-MTB=1,F2:MAI.ROS\K20,MAI.ROS,20200521
MAI.ROSM2020,MAI.ROS M2020-MTB=1,F2:MAI.ROS\M20,MAI.ROS,20200623
MAI.ROSN2020,MAI.ROS N2020-MTB=1,F2:MAI.ROS\N20,MAI.ROS,20200724
MAI.ROSQ2020,MAI.ROS Q2020-MTB=1,F2:MAI.ROS\Q20,MAI.ROS,20200824
MAI.ROSU2020,MAI.ROS U2020-MTB=1,F2:MAI.ROS\U20,MAI.ROS,20200923
MAI.ROSV2020,MAI.ROS V2020-MTB=1,F2:MAI.ROS\V20,MAI.ROS,20201023
MAI.ROSX2020,MAI.ROS X2020-MTB=1,F2:MAI.ROS\X20,MAI.ROS,20201120
MAI.ROSZ2020,MAI.ROS Z2020-MTB=1,F2:MAI.ROS\Z20,MAI.ROS,20201221
MAI.ROSF2021,MAI.ROS F2021-MTB=1,F2:MAI.ROS\F21,MAI.ROS,20210122
MAI.ROSG2021,MAI.ROS G2021-MTB=1,F2:MAI.ROS\G21,MAI.ROS,20210219
MAI.ROSH2021,MAI.ROS H2021-MTB=1,F2:MAI.ROS\H21,MAI.ROS,20210323
MAI.ROSJ2021,MAI.ROS J2021-MTB=1,F2:MAI.ROS\J21,MAI.ROS,20210423
MAI.ROSK2021,MAI.ROS K2021-MTB=1,F2:MAI.ROS\K21,MAI.ROS,20210520
MAI.ROSM2021,MAI.ROS M2021-MTB=1,F2:MAI.ROS\M21,MAI.ROS,20210623
MAI.ROSN2021,MAI.ROS N2021-MTB=1,F2:MAI.ROS\N21,MAI.ROS,20210723
MAI.ROSQ2021,MAI.ROS Q2021-MTB=1,F2:MAI.ROS\Q21,MAI.ROS,20210824
MAI.ROSU2021,MAI.ROS U2021-MTB=1,F2:MAI.ROS\U21,MAI.ROS,20210923
MAI.ROSV2021,MAI.ROS V2021-MTB=1,F2:MAI.ROS\V21,MAI.ROS,20211022
MAI.ROSX2021,MAI.ROS X2021-MTB=1,F2:MAI.ROS\X21,MAI.ROS,20211123
MAI.ROSZ2021,MAI.ROS Z2021-MTB=1,F2:MAI.ROS\Z21,MAI.ROS,20211222
MAI.ROSF2022,MAI.ROS F2022-MTB=1,F2:MAI.ROS\F22,MAI.ROS,20220124
MAI.ROSG2022,MAI.ROS G2022-MTB=1,F2:MAI.ROS\G22,MAI.ROS,20220218
MAI.ROSH2022,MAI.ROS H2022-MTB=1,F2:MAI.ROS\H22,MAI.ROS,20220323
MAI.ROSJ2022,MAI.ROS J2022-MTB=1,F2:MAI.ROS\J22,MAI.ROS,20220422
MAI.ROSK2022,MAI.ROS K2022-MTB=1,F2:MAI.ROS\K22,MAI.ROS,20220523
MAI.ROSM2022,MAI.ROS M2022-MTB=1,F2:MAI.ROS\M22,MAI.ROS,20220623
MAI.ROSN2022,MAI.ROS N2022-MTB=1,F2:MAI.ROS\N22,MAI.ROS,20220722
MAI.ROSQ2022,MAI.ROS Q22-MTB=1,F2:MAI.ROS\Q22,MAI.ROS,20220824
MAI.ROSU2022,MAI.ROS U22-MTB=1,F2:MAI.ROS\U22,MAI.ROS,20220923
MAI.ROSZ2022,MAI.ROS Z22-MTB=1,F2:MAI.ROS\Z22,MAI.ROS,20221223
MAI.ROSF2023,MAI.ROS F23-MTB=1,F2:MAI.ROS\F23,MAI.ROS,20230124
MAI.ROSG2023,MAI.ROS G23-MTB=1,F2:MAI.ROS\G23,MAI.ROS,20230217
MAI.ROSJ2023,MAI.ROS J23-MTB=1,F2:MAI.ROS\J23,MAI.ROS,20230421
MAI.ROSN2023,MAI.ROS N23-MTB=1,F2:MAI.ROS\N23,MAI.ROS,20230724
MAI.ROS.MH2021,MAI.ROS_M H2021-MTB=1,F2:MAI.ROS-M\H21,MAI.ROS.M,20210422
MAI.ROS.MJ2021,MAI.ROS_M J2021-MTB=1,F2:MAI.ROS-M\J21,MAI.ROS.M,20210423
MAI.ROS.MM2021,MAI.ROS.M M2021,F:MAI.ROS-M\M21,MAI.ROS.M,20210623
MAI.ROS.MN2021,MAI.ROS_M N2021-MTB=1,F2:MAI.ROS-M\N21,MAI.ROS.M,20210723
MAI.ROS.MZ2021,MAI.ROS_M Z2021-MTB=1,F2:MAI.ROS-M\Z21,MAI.ROS.M,20211222
MAI.ROS.MJ2022,MAI.ROS_M J2022-MTB=1,F2:MAI.ROS-M\J22,MAI.ROS.M,20220422
MAI.ROS.MN2022,MAI.ROS_M N2022-MTB=1,F2:MAI.ROS-M\N22,MAI.ROS.M,20220722
MAI.ROS.MU2022,MAI.ROS_M U22-MTB=1,F2:MAI.ROS-M\U22,MAI.ROS.M,20220923
MAI.ROS.MZ2022,MAI.ROS_M Z22-MTB=1,F2:MAI.ROS-M\Z22,MAI.ROS.M,20221223
MAI.ROS.MJ2023,MAI.ROS_M J23-MTB=1,F2:MAI.ROS-M\J23,MAI.ROS.M,20230421
MAI.ROS.MN2023,MAI.ROS_M N23-MTB=1,F2:MAI.ROS-M\N23,MAI.ROS.M,20230724
NOV.DF2019,NOV.D F2019-MTB=1,F2:NOV.D\F19,NOV.D,20190125
NOV.DQ2019,NOV.D Q2019-MTB=1,F2:NOV.D\Q19,NOV.D,20190830
NOV.DG2021,NOV.D G2021-MTB=1,F2:NOV.D\G21,NOV.D,20210226
NOV.DH2021,NOV.D H2021-MTB=1,F2:NOV.D\H21,NOV.D,20210326
NOV.DJ2021,NOV.D J2021-MTB=1,F2:NOV.D\J21,NOV.D,20210430
NOV.DK2021,NOV.D K2021-MTB=1,F2:NOV.D\K21,NOV.D,20210528
NOV.DM2021,NOV.D M2021-MTB=1,F2:NOV.D\M21,NOV.D,20210625
NOV.DN2021,NOV.D N2021-MTB=1,F2:NOV.D\N21,NOV.D,20210730
NOV.DQ2021,NOV.D Q2021-MTB=1,F2:NOV.D\Q21,NOV.D,20210827
NOV.DU2021,NOV.D U2021-MTB=1,F2:NOV.D\U21,NOV.D,20210924
NOV.DV2021,NOV.D V21-MTB=1,F2:NOV.D\V21,NOV.D,20211029
NOV.PF2019,NOV.P F2019-MTB=1,F2:NOV.P\F19,NOV.P,20190125
NOV.PG2019,NOV.P G2019-MTB=1,F2:NOV.P\G19,NOV.P,20190222
NOV.PH2019,NOV.P H2019-MTB=1,F2:NOV.P\H19,NOV.P,20190329
NOV.PJ2019,NOV.P J2019-MTB=1,F2:NOV.P\J19,NOV.P,20190430
NOV.PK2019,NOV.P K2019-MTB=1,F2:NOV.P\K19,NOV.P,20190531
NOV.PM2019,NOV.P M2019-MTB=1,F2:NOV.P\M19,NOV.P,20190628
NOV.PN2019,NOV.P N2019-MTB=1,F2:NOV.P\N19,NOV.P,20190731
NOV.PQ2019,NOV.P Q2019-MTB=1,F2:NOV.P\Q19,NOV.P,20190830
NOV.PU2019,NOV.P U2019-MTB=1,F2:NOV.P\U19,NOV.P,20190930
NOV.PZ2019,NOV.P Z2019-MTB=1,F2:NOV.P\Z19,NOV.P,20191230
NOV.PG2020,NOV.P G2020-MTB=1,F2:NOV.P\G20,NOV.P,20200228
NOV.PJ2020,NOV.P J2020-MTB=1,F2:NOV.P\J20,NOV.P,20200424
NOV.PK2020,NOV.P K2020-MTB=1,F2:NOV.P\K20,NOV.P,20200529
NOV.PM2020,NOV.P M2020-MTB=1,F2:NOV.P\M20,NOV.P,20200626
NOV.PV2020,NOV.P V2020-MTB=1,F2:NOV.P\V20,NOV.P,20201030
NOV.PX2020,NOV.P X2020-MTB=1,F2:NOV.P\X20,NOV.P,20201130
NOV.PF2021,NOV.P F2021-MTB=1,F2:NOV.P\F21,NOV.P,20210129
NOV.PG2021,NOV.P G2021-MTB=1,F2:NOV.P\G21,NOV.P,20210226
NOV.PH2021,NOV.P H2021-MTB=1,F2:NOV.P\H21,NOV.P,20210326
NOV.PJ2021,NOV.P J2021-MTB=1,F2:NOV.P\J21,NOV.P,20210430
NOV.PK2021,NOV.P K2021-MTB=1,F2:NOV.P\K21,NOV.P,20210528
NOV.PM2021,NOV.P M2021-MTB=1,F2:NOV.P\M21,NOV.P,20210625
NOV.PN2021,NOV.P N2021-MTB=1,F2:NOV.P\N21,NOV.P,20210730
NOV.PQ2021,NOV.P Q2021-MTB=1,F2:NOV.P\Q21,NOV.P,20210827
NOV.PU2021,NOV.P U2021-MTB=1,F2:NOV.P\U21,NOV.P,20210924
NOV.PV2021,NOV.P V21-MTB=1,F2:NOV.P\V21,NOV.P,20211029
OROZ2010,ORO Z2010-MTB=1,F2:ORO\Z10,ORO,20101229
OROM2011,ORO M2011-MTB=1,F2:ORO\M11,ORO,20110630
OROZ2011,ORO Z2011-MTB=1,F2:ORO\Z11,ORO,20111230
OROH2012,ORO H2012-MTB=1,F2:ORO\H12,ORO,20120105
OROM2012,ORO M2012-MTB=1,F2:ORO\M12,ORO,20120629
OROZ2012,ORO Z2012-MTB=1,F2:ORO\Z12,ORO,20121227
OROJ2013,ORO J2013-MTB=1,F2:ORO\J13,ORO,20130423
OROM2013,ORO M2013-MTB=1,F2:ORO\M13,ORO,20130628
OROU2013,ORO U2013-MTB=1,F2:ORO\U13,ORO,20130925
OROZ2013,ORO Z2013-MTB=1,F2:ORO\Z13,ORO,20131227
OROM2014,ORO M2014-MTB=1,F2:ORO\M14,ORO,20140627
OROX2014,ORO X2014-MTB=1,F2:ORO\X14,ORO,20141113
OROK2015,ORO K2015-MTB=1,F2:ORO\K15,ORO,20150519
OROX2015,ORO X2015-MTB=1,F2:ORO\X15,ORO,20151119
OROH2016,ORO H2016-MTB=1,F2:ORO\H16,ORO,20160317
OROK2016,ORO K2016-MTB=1,F2:ORO\K16,ORO,20160524
ORON2016,ORO N2016-MTB=1,F2:ORO\N16,ORO,20160721
OROU2016,ORO U2016-MTB=1,F2:ORO\U16,ORO,20160926
OROX2016,ORO X2016-MTB=1,F2:ORO\X16,ORO,20161121
OROF2017,ORO F2017-MTB=1,F2:ORO\F17,ORO,20170125
OROH2017,ORO H2017-MTB=1,F2:ORO\H17,ORO,20170322
OROK2017,ORO K2017-MTB=1,F2:ORO\K17,ORO,20170524
ORON2017,ORO N2017-MTB=1,F2:ORO\N17,ORO,20170725
OROU2017,ORO U2017-MTB=1,F2:ORO\U17,ORO,20170925
OROX2017,ORO X2017-MTB=1,F2:ORO\X17,ORO,20171122
OROF2018,ORO F2018-MTB=1,F2:ORO\F18,ORO,20180124
OROH2018,ORO H2018-MTB=1,F2:ORO\H18,ORO,20180323
OROK2018,ORO K2018-MTB=1,F2:ORO\K18,ORO,20180524
ORON2018,ORO N2018-MTB=1,F2:ORO\N18,ORO,20180725
OROU2018,ORO U2018-MTB=1,F2:ORO\U18,ORO,20180925
OROX2018,ORO X2018-MTB=1,F2:ORO\X18,ORO,20181127
OROF2019,ORO F2019-MTB=1,F2:ORO\F19,ORO,20190128
OROH2019,ORO H2019-MTB=1,F2:ORO\H19,ORO,20190326
OROK2019,ORO K2019-MTB=1,F2:ORO\K19,ORO,20190528
ORON2019,ORO N2019-MTB=1,F2:ORO\N19,ORO,20190725
OROU2019,ORO U2019-MTB=1,F2:ORO\U19,ORO,20190925
OROX2019,ORO X2019-MTB=1,F2:ORO\X19,ORO,20191125
OROF2020,ORO F2020-MTB=1,F2:ORO\F20,ORO,20200128
OROH2020,ORO H2020-MTB=1,F2:ORO\H20,ORO,20200326
OROK2020,ORO K2020-MTB=1,F2:ORO\K20,ORO,20200526
ORON2020,ORO N2020-MTB=1,F2:ORO\N20,ORO,20200728
OROU2020,ORO U2020-MTB=1,F2:ORO\U20,ORO,20200924
OROX2020,ORO X2020-MTB=1,F2:ORO\X20,ORO,20201124
OROF2021,ORO F2021-MTB=1,F2:ORO\F21,ORO,20210126
OROH2021,ORO H2021-MTB=1,F2:ORO\H21,ORO,20210325
OROK2021,ORO K2021-MTB=1,F2:ORO\K21,ORO,20210521
ORON2021,ORO N2021-MTB=1,F2:ORO\N21,ORO,20210727
OROU2021,ORO U2021-MTB=1,F2:ORO\U21,ORO,20210927
OROX2021,ORO X2021-MTB=1,F2:ORO\X21,ORO,20211123
OROF2022,ORO F2022-MTB=1,F2:ORO\F22,ORO,20220126
OROH2022,ORO H2022-MTB=1,F2:ORO\H22,ORO,20220328
OROK2022,ORO K2022-MTB=1,F2:ORO\K22,ORO,20220524
ORON2022,ORO N2022-MTB=1,F2:ORO\N22,ORO,20220726
OROU2022,ORO U22-MTB=1,F2:ORO\U22,ORO,20220927
OROX2022,ORO X22-MTB=1,F2:ORO\X22,ORO,20221122
OROF2023,ORO F23-MTB=1,F2:ORO\F23,ORO,20230126
PAMPV2020,PAMP V2020-MTB=1,F2:PAMP\V20,PAMP,20201030
PAMPZ2020,PAMP Z2020-MTB=1,F2:PAMP\Z20,PAMP,20201230
PAMPG2021,PAMP G2021-MTB=1,F2:PAMP\G21,PAMP,20210226
PAMPJ2021,PAMP J2021-MTB=1,F2:PAMP\J21,PAMP,20210430
PAMPM2021,PAMP M2021-MTB=1,F2:PAMP\M21,PAMP,20210630
PAMPQ2021,PAMP Q2021-MTB=1,F2:PAMP\Q21,PAMP,20210831
PAMPV2021,PAMP V2021-MTB=1,F2:PAMP\V21,PAMP,20211029
PAMPZ2021,PAMP Z2021-MTB=1,F2:PAMP\Z21,PAMP,20211230
PAMPG2022,PAMP G2022-MTB=1,F2:PAMP\G22,PAMP,20220225
PAMPJ2022,PAMP J2022-MTB=1,F2:PAMP\J22,PAMP,20220429
PAMPM2022,PAMP M2022-MTB=1,F2:PAMP\M22,PAMP,20220630
PAMPQ2022,PAMP Q22-MTB=1,F2:PAMP\Q22,PAMP,20220831
PAMPV2022,PAMP V22-MTB=1,F2:PAMP\V22,PAMP,20221031
RFX20M2018,RFX20 M2018-MTB=1,F2:RFX20\M18,RFX20,20180629
RFX20U2018,RFX20 U2018-MTB=1,F2:RFX20\U18,RFX20,20180928
RFX20Z2018,RFX20 Z2018-MTB=1,F2:RFX20\Z18,RFX20,20181228
RFX20H2019,RFX20 H2019-MTB=1,F2:RFX20\H19,RFX20,20190329
RFX20M2019,RFX20 M2019-MTB=1,F2:RFX20\M19,RFX20,20190628
RFX20U2019,RFX20 U2019-MTB=1,F2:RFX20\U19,RFX20,20190930
RFX20Z2019,RFX20 Z2019-MTB=1,F2:RFX20\Z19,RFX20,20191230
RFX20H2020,RFX20 H2020-MTB=1,F2:RFX20\H20,RFX20,20200401
RFX20M2020,RFX20 M2020-MTB=1,F2:RFX20\M20,RFX20,20200630
RFX20U2020,RFX20 U2020-MTB=1,F2:RFX20\U20,RFX20,20200930
RFX20Z2020,RFX20 Z2020-MTB=1,F2:RFX20\Z20,RFX20,20201230
RFX20H2021,RFX20 H2021-MTB=1,F2:RFX20\H21,RFX20,20210331
RFX20J2021,RFX20 J2021-MTB=1,F2:RFX20\J21,RFX20,20210430
RFX20M2021,RFX20 M2021-MTB=1,F2:RFX20\M21,RFX20,20210630
RFX20Q2021,RFX20 Q2021-MTB=1,F2:RFX20\Q21,RFX20,20210831
RFX20V2021,RFX20 V2021-MTB=1,F2:RFX20\V21,RFX20,20211029
RFX20Z2021,RFX20 Z2021-MTB=1,F2:RFX20\Z21,RFX20,20211230
RFX20G2022,RFX20 G2022-MTB=1,F2:RFX20\G22,RFX20,20220225
RFX20J2022,RFX20 J2022-MTB=1,F2:RFX20\J22,RFX20,20220429
RFX20M2022,RFX20 M2022-MTB=1,F2:RFX20\M22,RFX20,20220630
RFX20Q2022,RFX20 Q22-MTB=1,F2:RFX20\Q22,RFX20,20220831
RFX20V2022,RFX20 V22-MTB=1,F2:RFX20\V22,RFX20,20221031
S28F2X2021,S28F2 X2021-MTB=1,F2:S28F2\X21,S28F2,20211130
S28F2Z2021,S28F2 Z21-MTB=1,F2:S28F2\Z21,S28F2,20211230
S29A2H2022,S29A2 H22-MTB=1,F2:S29A2\H22,S29A2,20220331
S29L2M2022,S29L2 M22-MTB=1,F2:S29L2\M22,S29L2,20220630
S29O1Q2021,S29O1 Q2021-MTB=1,F2:S29O1\Q21,S29O1,20210831
S29O1U2021,S29O1 U21-MTB=1,F2:S29O1\U21,S29O1,20210930
S30J2J2022,S30J2 J2022-MTB=1,F2:S30J2\J22,S30J2,20220429
S30J2K2022,S30J2 K22-MTB=1,F2:S30J2\K22,S30J2,20220531
S30N1Q2021,S30N1 Q2021-MTB=1,F2:S30N1\Q21,S30N1,20210831
S30N1U2021,S30N1 U2021-MTB=1,F2:S30N1\U21,S30N1,20210930
S30N1V2021,S30N1 V21-MTB=1,F2:S30N1\V21,S30N1,20211029
S31D1X2021,S31D1 X21-MTB=1,F2:S31D1\X21,S31D1,20211130
S31E2V2021,S31E2 V2021-MTB=1,F2:S31E2\V21,S31E2,20211029
S31E2X2021,S31E2 X2021-MTB=1,F2:S31E2\X21,S31E2,20211130
S31E2Z2021,S31E2 Z21-MTB=1,F2:S31E2\Z21,S31E2,20211230
S31G2M2022,S31G2 M2022-MTB=1,F2:S31G2\M22,S31G2,20220630
S31G2N2022,S31G2 N22-MTB=1,F2:S31G2\N22,S31G2,20220729
S31O2Q2022,S31O2 Q22-MTB=1,F2:S31O2\Q22,S31O2,20220831
S31Y2H2022,S31Y2 H2022-MTB=1,F2:S31Y2\H22,S31Y2,20220331
S31Y2J2022,S31Y2 J22-MTB=1,F2:S31Y2\J22,S31Y2,20220429
SEF.ROSF2019,SEF.ROS F2019-MTB=1,F2:SEF.ROS\F19,SEF.ROS,20190124
SEF.ROSG2019,SEF.ROS G2019-MTB=1,F2:SEF.ROS\G19,SEF.ROS,20190221
SEF.ROSJ2019,SEF.ROS J2019-MTB=1,F2:SEF.ROS\J19,SEF.ROS,20190423
SEF.ROSK2019,SEF.ROS K2019-MTB=1,F2:SEF.ROS\K19,SEF.ROS,20190524
SEF.ROSN2019,SEF.ROS N2019-MTB=1,F2:SEF.ROS\N19,SEF.ROS,20190724
SEF.ROSQ2019,SEF.ROS Q2019-MTB=1,F2:SEF.ROS\Q19,SEF.ROS,20190823
SEF.ROSX2019,SEF.ROS X2019-MTB=1,F2:SEF.ROS\X19,SEF.ROS,20191122
SEF.ROSF2020,SEF.ROS F2020-MTB=1,F2:SEF.ROS\F20,SEF.ROS,20200124
SEF.ROSK2020,SEF.ROS K2020-MTB=1,F2:SEF.ROS\K20,SEF.ROS,20200521
SEF.ROSN2020,SEF.ROS N2020-MTB=1,F2:SEF.ROS\N20,SEF.ROS,20200724
SEF.ROSQ2020,SEF.ROS Q2020-MTB=1,F2:SEF.ROS\Q20,SEF.ROS,20200824
SEF.ROSX2020,SEF.ROS X2020-MTB=1,F2:SEF.ROS\X20,SEF.ROS,20201120
SEF.ROSJ2021,SEF.ROS J2021-MTB=1,F2:SEF.ROS\J21,SEF.ROS,20210520
SEF.ROSK2021,SEF.ROS K21-MTB=1,F2:SEF.ROS\K21,SEF.ROS,20210520
SEF.ROSN2021,SEF.ROS N2021-MTB=1,F2:SEF.ROS\N21,SEF.ROS,20210723
SEF.ROSQ2021,SEF.ROS Q2021-MTB=1,F2:SEF.ROS\Q21,SEF.ROS,20210824
SEF.ROSU2021,SEF.ROS U21-MTB=1,F2:SEF.ROS\U21,SEF.ROS,20210923
SFA.FAN.BSQ2021,SFA.FAN.BS Q2021-MTB=1,F2:SFA.FAN.BS\Q21,SFA.FAN.BS,20210824
SFA.FAN.BSU2021,SFA.FAN.BS U2021-MTB=1,F2:SFA.FAN.BS\U21,SFA.FAN.BS,20210923
SFA.FAN.BSX2021,SFA.FAN.BS X21-MTB=1,F2:SFA.FAN.BS\X21,SFA.FAN.BS,20211123
SOJ.CHA.BSJ2019,SOJ.CHA.BS J2019-MTB=1,F2:SOJ.CHA.BS\J19,SOJ.CHA.BS,20190423
SOJ.CHA.BSN2019,SOJ.CHA.BS N2019-MTB=1,F2:SOJ.CHA.BS\N19,SOJ.CHA.BS,20190724
SOJ.CHA.BSQ2019,SOJ.CHA.BS Q2019-MTB=1,F2:SOJ.CHA.BS\Q19,SOJ.CHA.BS,20190823
SOJ.CHA.BSU2019,SOJ.CHA.BS U2019-MTB=1,F2:SOJ.CHA.BS\U19,SOJ.CHA.BS,20190923
SOJ.CHA.BSX2019,SOJ.CHA.BS X2019-MTB=1,F2:SOJ.CHA.BS\X19,SOJ.CHA.BS,20191122
SOJ.CHA.BSN2021,SOJ.CHA.BS N21-MTB=1,F2:SOJ.CHA.BS\N21,SOJ.CHA.BS,20210723
SOJ.IWK2019,SOJ.IW K2019-MTB=1,F2:SOJ.IW\K19,SOJ.IW,20190524
SOJ.IWK2021,SOJ.IW K21-MTB=1,F2:SOJ.IW\K21,SOJ.IW,20210520
SOJ.MINK2019,SOJ.MIN K2019-MTB=1,F2:SOJ.MIN\K19,SOJ.MIN,20190430
SOJ.MINN2019,SOJ.MIN N2019-MTB=1,F2:SOJ.MIN\N19,SOJ.MIN,20190701
SOJ.MINX2019,SOJ.MIN X2019-MTB=1,F2:SOJ.MIN\X19,SOJ.MIN,20191122
SOJ.MINK2020,SOJ.MIN K2020-MTB=1,F2:SOJ.MIN\K20,SOJ.MIN,20200430
SOJ.MINN2020,SOJ.MIN N2020-MTB=1,F2:SOJ.MIN\N20,SOJ.MIN,20200630
SOJ.MINX2020,SOJ.MIN X2020-MTB=1,F2:SOJ.MIN\X20,SOJ.MIN,20201102
SOJ.MINF2021,SOJ.MIN F2021-MTB=1,F2:SOJ.MIN\F21,SOJ.MIN,20201230
SOJ.MINH2021,SOJ.MIN H2021-MTB=1,F2:SOJ.MIN\H21,SOJ.MIN,20210429
SOJ.MINK2021,SOJ.MIN K2021-MTB=1,F2:SOJ.MIN\K21,SOJ.MIN,20210430
SOJ.MINN2021,SOJ.MIN N2021-MTB=1,F2:SOJ.MIN\N21,SOJ.MIN,20210630
SOJ.MINX2021,SOJ.MIN X2021-MTB=1,F2:SOJ.MIN\X21,SOJ.MIN,20211029
SOJ.MINF2022,SOJ.MIN F2022-MTB=1,F2:SOJ.MIN\F22,SOJ.MIN,20211230
SOJ.MINK2022,SOJ.MIN K2022-MTB=1,F2:SOJ.MIN\K22,SOJ.MIN,20220429
SOJ.MINN2022,SOJ.MIN N2022-MTB=1,F2:SOJ.MIN\N22,SOJ.MIN,20220630
SOJ.MINX2022,SOJ.MIN X22-MTB=1,F2:SOJ.MIN\X22,SOJ.MIN,20221031
SOJ.MINK2023,SOJ.MIN K23-MTB=1,F2:SOJ.MIN\K23,SOJ.MIN,20230428
SOJ.MINN2023,SOJ.MIN N23-MTB=1,F2:SOJ.MIN\N23,SOJ.MIN,20230630
SOJ.ROSF2019,SOJ.ROS F2019-MTB=1,F2:SOJ.ROS\F19,SOJ.ROS,20190124
SOJ.ROSJ2019,SOJ.ROS J2019-MTB=1,F2:SOJ.ROS\J19,SOJ.ROS,20190423
SOJ.ROSK2019,SOJ.ROS K2019-MTB=1,F2:SOJ.ROS\K19,SOJ.ROS,20190524
SOJ.ROSM2019,SOJ.ROS M2019-MTB=1,F2:SOJ.ROS\M19,SOJ.ROS,20190621
SOJ.ROSN2019,SOJ.ROS N2019-MTB=1,F2:SOJ.ROS\N19,SOJ.ROS,20190724
SOJ.ROSQ2019,SOJ.ROS Q2019-MTB=1,F2:SOJ.ROS\Q19,SOJ.ROS,20190823
SOJ.ROSU2019,SOJ.ROS U2019-MTB=1,F2:SOJ.ROS\U19,SOJ.ROS,20190923
SOJ.ROSV2019,SOJ.ROS V2019-MTB=1,F2:SOJ.ROS\V19,SOJ.ROS,20191024
SOJ.ROSX2019,SOJ.ROS X2019-MTB=1,F2:SOJ.ROS\X19,SOJ.ROS,20191122
SOJ.ROSF2020,SOJ.ROS F2020-MTB=1,F2:SOJ.ROS\F20,SOJ.ROS,20200124
SOJ.ROSG2020,SOJ.ROS G2020-MTB=1,F2:SOJ.ROS\G20,SOJ.ROS,20200219
SOJ.ROSH2020,SOJ.ROS H2020-MTB=1,F2:SOJ.ROS\H20,SOJ.ROS,20200320
SOJ.ROSJ2020,SOJ.ROS J2020-MTB=1,F2:SOJ.ROS\J20,SOJ.ROS,20200423
SOJ.ROSK2020,SOJ.ROS K2020-MTB=1,F2:SOJ.ROS\K20,SOJ.ROS,20200521
SOJ.ROSM2020,SOJ.ROS M2020-MTB=1,F2:SOJ.ROS\M20,SOJ.ROS,20200623
SOJ.ROSN2020,SOJ.ROS N2020-MTB=1,F2:SOJ.ROS\N20,SOJ.ROS,20200724
SOJ.ROSQ2020,SOJ.ROS Q2020-MTB=1,F2:SOJ.ROS\Q20,SOJ.ROS,20200824
SOJ.ROSU2020,SOJ.ROS U2020-MTB=1,F2:SOJ.ROS\U20,SOJ.ROS,20200923
SOJ.ROSV2020,SOJ.ROS V2020-MTB=1,F2:SOJ.ROS\V20,SOJ.ROS,20201023
SOJ.ROSX2020,SOJ.ROS X2020-MTB=1,F2:SOJ.ROS\X20,SOJ.ROS,20201120
SOJ.ROSZ2020,SOJ.ROS Z2020-MTB=1,F2:SOJ.ROS\Z20,SOJ.ROS,20201221
SOJ.ROSF2021,SOJ.ROS F2021-MTB=1,F2:SOJ.ROS\F21,SOJ.ROS,20210122
SOJ.ROSG2021,SOJ.ROS G2021-MTB=1,F2:SOJ.ROS\G21,SOJ.ROS,20210219
SOJ.ROSH2021,SOJ.ROS H2021-MTB=1,F2:SOJ.ROS\H21,SOJ.ROS,20210323
SOJ.ROSJ2021,SOJ.ROS J2021-MTB=1,F2:SOJ.ROS\J21,SOJ.ROS,20210423
SOJ.ROSK2021,SOJ.ROS K2021-MTB=1,F2:SOJ.ROS\K21,SOJ.ROS,20210520
SOJ.ROSM2021,SOJ.ROS M2021-MTB=1,F2:SOJ.ROS\M21,SOJ.ROS,20210623
SOJ.ROSN2021,SOJ.ROS N2021-MTB=1,F2:SOJ.ROS\N21,SOJ.ROS,20210723
SOJ.ROSQ2021,SOJ.ROS Q2021-MTB=1,F2:SOJ.ROS\Q21,SOJ.ROS,20210824
SOJ.ROSU2021,SOJ.ROS U2021-MTB=1,F2:SOJ.ROS\U21,SOJ.ROS,20210923
SOJ.ROSV2021,SOJ.ROS V2021-MTB=1,F2:SOJ.ROS\V21,SOJ.ROS,20211022
SOJ.ROSX2021,SOJ.ROS X2021-MTB=1,F2:SOJ.ROS\X21,SOJ.ROS,20211123
SOJ.ROSZ2021,SOJ.ROS Z2021-MTB=1,F2:SOJ.ROS\Z21,SOJ.ROS,20211222
SOJ.ROSF2022,SOJ.ROS F2022-MTB=1,F2:SOJ.ROS\F22,SOJ.ROS,20220124
SOJ.ROSG2022,SOJ.ROS G2022-MTB=1,F2:SOJ.ROS\G22,SOJ.ROS,20220218
SOJ.ROSH2022,SOJ.ROS H2022-MTB=1,F2:SOJ.ROS\H22,SOJ.ROS,20220323
SOJ.ROSJ2022,SOJ.ROS J2022-MTB=1,F2:SOJ.ROS\J22,SOJ.ROS,20220422
SOJ.ROSK2022,SOJ.ROS K2022-MTB=1,F2:SOJ.ROS\K22,SOJ.ROS,20220523
SOJ.ROSM2022,SOJ.ROS M2022-MTB=1,F2:SOJ.ROS\M22,SOJ.ROS,20220623
SOJ.ROSN2022,SOJ.ROS N2022-MTB=1,F2:SOJ.ROS\N22,SOJ.ROS,20220722
SOJ.ROSQ2022,SOJ.ROS Q22-MTB=1,F2:SOJ.ROS\Q22,SOJ.ROS,20220824
SOJ.ROSU2022,SOJ.ROS U22-MTB=1,F2:SOJ.ROS\U22,SOJ.ROS,20220923
SOJ.ROSX2022,SOJ.ROS X22-MTB=1,F2:SOJ.ROS\X22,SOJ.ROS,20221123
SOJ.ROSF2023,SOJ.ROS F23-MTB=1,F2:SOJ.ROS\F23,SOJ.ROS,20230124
SOJ.ROSH2023,SOJ.ROS H23-MTB=1,F2:SOJ.ROS\H23,SOJ.ROS,20230323
SOJ.ROSK2023,SOJ.ROS K23-MTB=1,F2:SOJ.ROS\K23,SOJ.ROS,20230523
SOJ.ROSN2023,SOJ.ROS N23-MTB=1,F2:SOJ.ROS\N23,SOJ.ROS,20230724
SOJ.ROSX2023,SOJ.ROS X23-MTB=1,F2:SOJ.ROS\X23,SOJ.ROS,20231123
SOJ.ROS.MK2021,SOJ.ROS_M K2021-MTB=1,F2:SOJ.ROS-M\K21,SOJ.ROS.M,20210520
SOJ.ROS.MN2021,SOJ.ROS_M N2021-MTB=1,F2:SOJ.ROS-M\N21,SOJ.ROS.M,20210723
SOJ.ROS.MX2021,SOJ.ROS_M X2021-MTB=1,F2:SOJ.ROS-M\X21,SOJ.ROS.M,20211123
SOJ.ROS.MF2022,SOJ.ROS_M F2022-MTB=1,F2:SOJ.ROS-M\F22,SOJ.ROS.M,20220124
SOJ.ROS.MJ2022,SOJ.ROS_M J2022-MTB=1,F2:SOJ.ROS-M\J22,SOJ.ROS.M,20220422
SOJ.ROS.MK2022,SOJ.ROS_M K2022-MTB=1,F2:SOJ.ROS-M\K22,SOJ.ROS.M,20220523
SOJ.ROS.MN2022,SOJ.ROS_M N2022-MTB=1,F2:SOJ.ROS-M\N22,SOJ.ROS.M,20220722
SOJ.ROS.MX2022,SOJ.ROS_M X22-MTB=1,F2:SOJ.ROS-M\X22,SOJ.ROS.M,20221123
SOJ.ROS.MK2023,SOJ.ROS_M K23-MTB=1,F2:SOJ.ROS-M\K23,SOJ.ROS.M,20230523
SOR.ROSH2021,SOR.ROS H2021-MTB=1,F2:SOR.ROS\H21,SOR.ROS,20210323
SOR.ROSJ2021,SOR.ROS J21-MTB=1,F2:SOR.ROS\J21,SOR.ROS,20210423
SOY.CMEG2019,SOY.CME G2019-MTB=1,F2:SOY.CME\G19,SOY.CME,20190222
SOY.CMEM2019,SOY.CME M2019-MTB=1,F2:SOY.CME\M19,SOY.CME,20190627
SOY.CMEQ2019,SOY.CME Q2019-MTB=1,F2:SOY.CME\Q19,SOY.CME,20190823
SOY.CMEV2019,SOY.CME V2019-MTB=1,F2:SOY.CME\V19,SOY.CME,20191031
SOY.CMEG2020,SOY.CME G2020-MTB=1,F2:SOY.CME\G20,SOY.CME,20200221
SOY.CMEJ2020,SOY.CME J2020-MTB=1,F2:SOY.CME\J20,SOY.CME,20200424
SOY.CMEM2020,SOY.CME M2020-MTB=1,F2:SOY.CME\M20,SOY.CME,20200626
SOY.CMEQ2020,SOY.CME Q2020-MTB=1,F2:SOY.CME\Q20,SOY.CME,20200821
SOY.CMEV2020,SOY.CME V2020-MTB=1,F2:SOY.CME\V20,SOY.CME,20201023
SOY.CMEZ2020,SOY.CME Z2020-MTB=1,F2:SOY.CME\Z20,SOY.CME,20201223
SOY.CMEJ2021,SOY.CME J2021-MTB=1,F2:SOY.CME\J21,SOY.CME,20210423
SOY.CMEM2021,SOY.CME M2021-MTB=1,F2:SOY.CME\M21,SOY.CME,20210625
SOY.CMEV2021,SOY.CME V2021-MTB=1,F2:SOY.CME\V21,SOY.CME,20211022
SOY.CMEZ2021,SOY.CME Z2021-MTB=1,F2:SOY.CME\Z21,SOY.CME,20211223
SOY.CMEJ2022,SOY.CME J2022-MTB=1,F2:SOY.CME\J22,SOY.CME,20220422
SOY.CMEM2022,SOY.CME M2022-MTB=1,F2:SOY.CME\M22,SOY.CME,20220624
SOY.CMEV2022,SOY.CME V22-MTB=1,F2:SOY.CME\V22,SOY.CME,20221021
SOY.CMEZ2022,SOY.CME Z22-MTB=1,F2:SOY.CME\Z22,SOY.CME,20221223
SOY.CMEJ2023,SOY.CME J23-MTB=1,F2:SOY.CME\J23,SOY.CME,20230421
SOY.CMEM2023,SOY.CME M23-MTB=1,F2:SOY.CME\M23,SOY.CME,20230623
TER.DG2021,TER.D G2021-MTB=1,F2:TER.D\G21,TER.D,20210210
TER.DH2021,TER.D H2021-MTB=1,F2:TER.D\H21,TER.D,20210310
TER.DJ2021,TER.D J2021-MTB=1,F2:TER.D\J21,TER.D,20210406
TER.DK2021,TER.D K2021-MTB=1,F2:TER.D\K21,TER.D,20210512
TER.DM2021,TER.D M2021-MTB=1,F2:TER.D\M21,TER.D,20210609
TER.DN2021,TER.D N2021-MTB=1,F2:TER.D\N21,TER.D,20210707
TER.DQ2021,TER.D Q2021-MTB=1,F2:TER.D\Q21,TER.D,20210811
TER.DU2021,TER.D U2021-MTB=1,F2:TER.D\U21,TER.D,20210908
TER.DV2021,TER.D V21-MTB=1,F2:TER.D\V21,TER.D,20211013
TER.PG2019,TER.P G2019-MTB=1,F2:TER.P\G19,TER.P,20190207
TER.PH2019,TER.P H2019-MTB=1,F2:TER.P\H19,TER.P,20190311
TER.PJ2019,TER.P J2019-MTB=1,F2:TER.P\J19,TER.P,20190411
TER.PM2019,TER.P M2019-MTB=1,F2:TER.P\M19,TER.P,20190619
TER.PN2019,TER.P N2019-MTB=1,F2:TER.P\N19,TER.P,20190715
TER.PQ2019,TER.P Q2019-MTB=1,F2:TER.P\Q19,TER.P,20190823
TER.PG2020,TER.P G2020-MTB=1,F2:TER.P\G20,TER.P,20200219
TER.PZ2020,TER.P Z2020-MTB=1,F2:TER.P\Z20,TER.P,20201210
TER.PG2021,TER.P G2021-MTB=1,F2:TER.P\G21,TER.P,20210210
TER.PH2021,TER.P H2021-MTB=1,F2:TER.P\H21,TER.P,20210310
TER.PJ2021,TER.P J2021-MTB=1,F2:TER.P\J21,TER.P,20210406
TER.PK2021,TER.P K2021-MTB=1,F2:TER.P\K21,TER.P,20210512
TER.PM2021,TER.P M2021-MTB=1,F2:TER.P\M21,TER.P,20210609
TER.PN2021,TER.P N2021-MTB=1,F2:TER.P\N21,TER.P,20210707
TER.PQ2021,TER.P Q2021-MTB=1,F2:TER.P\Q21,TER.P,20210811
TER.PU2021,TER.P U2021-MTB=1,F2:TER.P\U21,TER.P,20210908
TER.PV2021,TER.P V21-MTB=1,F2:TER.P\V21,TER.P,20211013
TRI.BAF2019,TRI.BA F2019-MTB=1,F2:TRI.BA\F19,TRI.BA,20190124
TRI.BAG2019,TRI.BA G2019-MTB=1,F2:TRI.BA\G19,TRI.BA,20190221
TRI.BAH2019,TRI.BA H2019-MTB=1,F2:TRI.BA\H19,TRI.BA,20190322
TRI.BAK2019,TRI.BA K2019-MTB=1,F2:TRI.BA\K19,TRI.BA,20190524
TRI.BAM2019,TRI.BA M2019-MTB=1,F2:TRI.BA\M19,TRI.BA,20190621
TRI.BAN2019,TRI.BA N2019-MTB=1,F2:TRI.BA\N19,TRI.BA,20190724
TRI.BAQ2019,TRI.BA Q2019-MTB=1,F2:TRI.BA\Q19,TRI.BA,20190823
TRI.BAU2019,TRI.BA U2019-MTB=1,F2:TRI.BA\U19,TRI.BA,20190923
TRI.BAX2019,TRI.BA X2019-MTB=1,F2:TRI.BA\X19,TRI.BA,20191122
TRI.BAZ2019,TRI.BA Z2019-MTB=1,F2:TRI.BA\Z19,TRI.BA,20191219
TRI.BAF2020,TRI.BA F2020-MTB=1,F2:TRI.BA\F20,TRI.BA,20200124
TRI.BAG2020,TRI.BA G2020-MTB=1,F2:TRI.BA\G20,TRI.BA,20200219
TRI.BAH2020,TRI.BA H2020-MTB=1,F2:TRI.BA\H20,TRI.BA,20200320
TRI.BAJ2020,TRI.BA J2020-MTB=1,F2:TRI.BA\J20,TRI.BA,20200423
TRI.BAK2020,TRI.BA K2020-MTB=1,F2:TRI.BA\K20,TRI.BA,20200521
TRI.BAM2020,TRI.BA M2020-MTB=1,F2:TRI.BA\M20,TRI.BA,20200623
TRI.BAN2020,TRI.BA N2020-MTB=1,F2:TRI.BA\N20,TRI.BA,20200724
TRI.BAQ2020,TRI.BA Q2020-MTB=1,F2:TRI.BA\Q20,TRI.BA,20200824
TRI.BAU2020,TRI.BA U2020-MTB=1,F2:TRI.BA\U20,TRI.BA,20200923
TRI.BAV2020,TRI.BA V2020-MTB=1,F2:TRI.BA\V20,TRI.BA,20201023
TRI.BAX2020,TRI.BA X2020-MTB=1,F2:TRI.BA\X20,TRI.BA,20201120
TRI.BAF2021,TRI.BA F2021-MTB=1,F2:TRI.BA\F21,TRI.BA,20210122
TRI.BAH2021,TRI.BA H2021-MTB=1,F2:TRI.BA\H21,TRI.BA,20210323
TRI.BAK2021,TRI.BA K2021-MTB=1,F2:TRI.BA\K21,TRI.BA,20210520
TRI.BAM2021,TRI.BA M2021-MTB=1,F2:TRI.BA\M21,TRI.BA,20210623
TRI.BAN2021,TRI.BA N2021-MTB=1,F2:TRI.BA\N21,TRI.BA,20210723
TRI.BAQ2021,TRI.BA Q2021-MTB=1,F2:TRI.BA\Q21,TRI.BA,20210824
TRI.BAU2021,TRI.BA U2021-MTB=1,F2:TRI.BA\U21,TRI.BA,20210923
TRI.BAZ2021,TRI.BA Z2021-MTB=1,F2:TRI.BA\Z21,TRI.BA,20211222
TRI.BAF2022,TRI.BA F2022-MTB=1,F2:TRI.BA\F22,TRI.BA,20220124
TRI.BAG2022,TRI.BA G2022-MTB=1,F2:TRI.BA\G22,TRI.BA,20220218
TRI.BAH2022,TRI.BA H2022-MTB=1,F2:TRI.BA\H22,TRI.BA,20220323
TRI.BAK2022,TRI.BA K2022-MTB=1,F2:TRI.BA\K22,TRI.BA,20220523
TRI.BAN2022,TRI.BA N22-MTB=1,F2:TRI.BA\N22,TRI.BA,20220722
TRI.IW.BSZ2021,TRI.IW.BS Z2021-MTB=1,F2:TRI.IW.BS\Z21,TRI.IW.BS,20211222
TRI.IW.BSF2022,TRI.IW.BS F2022-MTB=1,F2:TRI.IW.BS\F22,TRI.IW.BS,20220124
TRI.IW.BSH2022,TRI.IW.BS H22-MTB=1,F2:TRI.IW.BS\H22,TRI.IW.BS,20220323
TRI.MINF2019,TRI.MIN F2019-MTB=1,F2:TRI.MIN\F19,TRI.MIN,20190102
TRI.MINH2019,TRI.MIN H2019-MTB=1,F2:TRI.MIN\H19,TRI.MIN,20190228
TRI.MINN2019,TRI.MIN N2019-MTB=1,F2:TRI.MIN\N19,TRI.MIN,20190701
TRI.MINF2020,TRI.MIN F2020-MTB=1,F2:TRI.MIN\F20,TRI.MIN,20200109
TRI.MINH2020,TRI.MIN H2020-MTB=1,F2:TRI.MIN\H20,TRI.MIN,20200228
TRI.MINN2020,TRI.MIN N2020-MTB=1,F2:TRI.MIN\N20,TRI.MIN,20200630
TRI.MINF2021,TRI.MIN F2021-MTB=1,F2:TRI.MIN\F21,TRI.MIN,20201230
TRI.MING2021,TRI.MIN G2021-MTB=1,F2:TRI.MIN\G21,TRI.MIN,20210226
TRI.MINH2021,TRI.MIN H2021-MTB=1,F2:TRI.MIN\H21,TRI.MIN,20210331
TRI.MINN2021,TRI.MIN N2021-MTB=1,F2:TRI.MIN\N21,TRI.MIN,20210731
TRI.MINZ2021,TRI.MIN Z2021-MTB=1,F2:TRI.MIN\Z21,TRI.MIN,20211130
TRI.MINF2022,TRI.MIN F2022-MTB=1,F2:TRI.MIN\F22,TRI.MIN,20220131
TRI.MINH2022,TRI.MIN H2022-MTB=1,F2:TRI.MIN\H22,TRI.MIN,20220225
TRI.MINN2022,TRI.MIN N2022-MTB=1,F2:TRI.MIN\N22,TRI.MIN,20220630
TRI.MINZ2022,TRI.MIN Z22-MTB=1,F2:TRI.MIN\Z22,TRI.MIN,20221130
TRI.MINF2023,TRI.MIN F23-MTB=1,F2:TRI.MIN\F23,TRI.MIN,20221230
TRI.MINH2023,TRI.MIN H23-MTB=1,F2:TRI.MIN\H23,TRI.MIN,20230228
TRI.MINN2023,TRI.MIN N23-MTB=1,F2:TRI.MIN\N23,TRI.MIN,20230630
TTRI.MINZ2021,TRI.MIN Z21-MTB=1,F2:TRI.MIN\Z21,TRI.MIN,delete
TRI.QQ.BSH2021,TRI.QQ.BS H2021-MTB=1,F2:TRI.QQ.BS\H21,TRI.QQ.BS,20210323
TRI.QQ.BSZ2021,TRI.QQ.BS Z2021-MTB=1,F2:TRI.QQ.BS\Z21,TRI.QQ.BS,20211222
TRI.QQ.BSF2022,TRI.QQ.BS F2022-MTB=1,F2:TRI.QQ.BS\F22,TRI.QQ.BS,20220124
TRI.QQ.BSH2022,TRI.QQ.BS H22-MTB=1,F2:TRI.QQ.BS\H22,TRI.QQ.BS,20220323
TRI.QQ.BSEH2021,TRI.QQ.BSE H21-MTB=1,F2:TRI.QQ.BSE\H21,TRI.QQ.BSE,20210324
TRI.ROSF2019,TRI.ROS F2019-MTB=1,F2:TRI.ROS\F19,TRI.ROS,20190124
TRI.ROSG2019,TRI.ROS G2019-MTB=1,F2:TRI.ROS\G19,TRI.ROS,20190221
TRI.ROSH2019,TRI.ROS H2019-MTB=1,F2:TRI.ROS\H19,TRI.ROS,20190322
TRI.ROSJ2019,TRI.ROS J2019-MTB=1,F2:TRI.ROS\J19,TRI.ROS,20190423
TRI.ROSK2019,TRI.ROS K2019-MTB=1,F2:TRI.ROS\K19,TRI.ROS,20190524
TRI.ROSN2019,TRI.ROS N2019-MTB=1,F2:TRI.ROS\N19,TRI.ROS,20190724
TRI.ROSU2019,TRI.ROS U2019-MTB=1,F2:TRI.ROS\U19,TRI.ROS,20190923
TRI.ROSX2019,TRI.ROS X2019-MTB=1,F2:TRI.ROS\X19,TRI.ROS,20191122
TRI.ROSZ2019,TRI.ROS Z2019-MTB=1,F2:TRI.ROS\Z19,TRI.ROS,20191219
TRI.ROSF2020,TRI.ROS F2020-MTB=1,F2:TRI.ROS\F20,TRI.ROS,20200124
TRI.ROSG2020,TRI.ROS G2020-MTB=1,F2:TRI.ROS\G20,TRI.ROS,20200219
TRI.ROSH2020,TRI.ROS H2020-MTB=1,F2:TRI.ROS\H20,TRI.ROS,20200320
TRI.ROSJ2020,TRI.ROS J2020-MTB=1,F2:TRI.ROS\J20,TRI.ROS,20200423
TRI.ROSK2020,TRI.ROS K2020-MTB=1,F2:TRI.ROS\K20,TRI.ROS,20200521
TRI.ROSM2020,TRI.ROS M2020-MTB=1,F2:TRI.ROS\M20,TRI.ROS,20200623
TRI.ROSN2020,TRI.ROS N2020-MTB=1,F2:TRI.ROS\N20,TRI.ROS,20200724
TRI.ROSQ2020,TRI.ROS Q2020-MTB=1,F2:TRI.ROS\Q20,TRI.ROS,20200824
TRI.ROSU2020,TRI.ROS U2020-MTB=1,F2:TRI.ROS\U20,TRI.ROS,20200923
TRI.ROSX2020,TRI.ROS X2020-MTB=1,F2:TRI.ROS\X20,TRI.ROS,20201120
TRI.ROSZ2020,TRI.ROS Z2020-MTB=1,F2:TRI.ROS\Z20,TRI.ROS,20201221
TRI.ROSF2021,TRI.ROS F2021-MTB=1,F2:TRI.ROS\F21,TRI.ROS,20210122
TRI.ROSG2021,TRI.ROS G2021-MTB=1,F2:TRI.ROS\G21,TRI.ROS,20210219
TRI.ROSH2021,TRI.ROS H2021-MTB=1,F2:TRI.ROS\H21,TRI.ROS,20210323
TRI.ROSJ2021,TRI.ROS J2021-MTB=1,F2:TRI.ROS\J21,TRI.ROS,20210423
TRI.ROSK2021,TRI.ROS K2021-MTB=1,F2:TRI.ROS\K21,TRI.ROS,20210520
TRI.ROSM2021,TRI.ROS M2021-MTB=1,F2:TRI.ROS\M21,TRI.ROS,20210623
TRI.ROSN2021,TRI.ROS N2021-MTB=1,F2:TRI.ROS\N21,TRI.ROS,20210723
TRI.ROSU2021,TRI.ROS U2021-MTB=1,F2:TRI.ROS\U21,TRI.ROS,20210923
TRI.ROSV2021,TRI.ROS V2021-MTB=1,F2:TRI.ROS\V21,TRI.ROS,20211022
TRI.ROSX2021,TRI.ROS X2021-MTB=1,F2:TRI.ROS\X21,TRI.ROS,20211123
TRI.ROSZ2021,TRI.ROS Z2021-MTB=1,F2:TRI.ROS\Z21,TRI.ROS,20211222
TRI.ROSF2022,TRI.ROS F2022-MTB=1,F2:TRI.ROS\F22,TRI.ROS,20220124
TRI.ROSG2022,TRI.ROS G2022-MTB=1,F2:TRI.ROS\G22,TRI.ROS,20220218
TRI.ROSH2022,TRI.ROS H2022-MTB=1,F2:TRI.ROS\H22,TRI.ROS,20220323
TRI.ROSJ2022,TRI.ROS J2022-MTB=1,F2:TRI.ROS\J22,TRI.ROS,20220422
TRI.ROSK2022,TRI.ROS K2022-MTB=1,F2:TRI.ROS\K22,TRI.ROS,20220523
TRI.ROSM2022,TRI.ROS M2022-MTB=1,F2:TRI.ROS\M22,TRI.ROS,20220623
TRI.ROSN2022,TRI.ROS N2022-MTB=1,F2:TRI.ROS\N22,TRI.ROS,20220722
TRI.ROSQ2022,TRI.ROS Q22-MTB=1,F2:TRI.ROS\Q22,TRI.ROS,20220824
TRI.ROSU2022,TRI.ROS U22-MTB=1,F2:TRI.ROS\U22,TRI.ROS,20220923
TRI.ROSX2022,TRI.ROS X22-MTB=1,F2:TRI.ROS\X22,TRI.ROS,20221123
TRI.ROSZ2022,TRI.ROS Z22-MTB=1,F2:TRI.ROS\Z22,TRI.ROS,20221223
TRI.ROSF2023,TRI.ROS F23-MTB=1,F2:TRI.ROS\F23,TRI.ROS,20230124
TRI.ROSG2023,TRI.ROS G23-MTB=1,F2:TRI.ROS\G23,TRI.ROS,20230217
TRI.ROSH2023,TRI.ROS H23-MTB=1,F2:TRI.ROS\H23,TRI.ROS,20230323
TRI.ROSN2023,TRI.ROS N23-MTB=1,F2:TRI.ROS\N23,TRI.ROS,20230724
TRI.ROS.MH2021,TRI.ROS_M H2021-MTB=1,F2:TRI.ROS-M\H21,TRI.ROS.M,20210323
TRI.ROS.MN2021,TRI.ROS_M N2021-MTB=1,F2:TRI.ROS-M\N21,TRI.ROS.M,20210723
TRI.ROS.MZ2021,TRI.ROS_M Z2021-MTB=1,F2:TRI.ROS-M\Z21,TRI.ROS.M,20211222
TRI.ROS.MF2022,TRI.ROS_M F2022-MTB=1,F2:TRI.ROS-M\F22,TRI.ROS.M,20220124
TRI.ROS.MN2022,TRI.ROS_M N2022-MTB=1,F2:TRI.ROS-M\N22,TRI.ROS.M,20220722
TRI.ROS.MZ2022,TRI.ROS_M Z22-MTB=1,F2:TRI.ROS-M\Z22,TRI.ROS.M,20221223
TRI.ROS.MF2023,TRI.ROS_M F23-MTB=1,F2:TRI.ROS-M\F23,TRI.ROS.M,20230124
WTIX2011,WTI X2011-MTB=1,F2:WTI\X11,WTI,20111117
WTIK2012,WTI K2012-MTB=1,F2:WTI\K12,WTI,20120517
WTIX2012,WTI X2012-MTB=1,F2:WTI\X12,WTI,20121115
WTIK2013,WTI K2013-MTB=1,F2:WTI\K13,WTI,20130521
WTIX2013,WTI X2013-MTB=1,F2:WTI\X13,WTI,20131119
WTIG2014,WTI G2014-MTB=1,F2:WTI\G14,WTI,20140207
WTIK2014,WTI K2014-MTB=1,F2:WTI\K14,WTI,20140514
WTIQ2014,WTI Q2014-MTB=1,F2:WTI\Q14,WTI,20140814
WTIX2014,WTI X2014-MTB=1,F2:WTI\X14,WTI,20141119
WTIK2015,WTI K2015-MTB=1,F2:WTI\K15,WTI,20150519
WTIX2015,WTI X2015-MTB=1,F2:WTI\X15,WTI,20151119
WTIG2016,WTI G2016-MTB=1,F2:WTI\G16,WTI,20160219
WTIH2016,WTI H2016-MTB=1,F2:WTI\H16,WTI,20160321
WTIK2016,WTI K2016-MTB=1,F2:WTI\K16,WTI,20160519
WTIN2016,WTI N2016-MTB=1,F2:WTI\N16,WTI,20160719
WTIU2016,WTI U2016-MTB=1,F2:WTI\U16,WTI,20160919
WTIX2016,WTI X2016-MTB=1,F2:WTI\X16,WTI,20161118
WTIF2017,WTI F2017-MTB=1,F2:WTI\F17,WTI,20170119
WTIH2017,WTI H2017-MTB=1,F2:WTI\H17,WTI,20170320
WTIK2017,WTI K2017-MTB=1,F2:WTI\K17,WTI,20170519
WTIN2017,WTI N2017-MTB=1,F2:WTI\N17,WTI,20170719
WTIU2017,WTI U2017-MTB=1,F2:WTI\U17,WTI,20170919
WTIX2017,WTI X2017-MTB=1,F2:WTI\X17,WTI,20171117
WTIF2018,WTI F2018-MTB=1,F2:WTI\F18,WTI,20180119
WTIH2018,WTI H2018-MTB=1,F2:WTI\H18,WTI,20180315
WTIK2018,WTI K2018-MTB=1,F2:WTI\K18,WTI,20180517
WTIN2018,WTI N2018-MTB=1,F2:WTI\N18,WTI,20180717
WTIU2018,WTI U2018-MTB=1,F2:WTI\U18,WTI,20180917
WTIX2018,WTI X2018-MTB=1,F2:WTI\X18,WTI,20181114
WTIF2019,WTI F2019-MTB=1,F2:WTI\F19,WTI,20190116
WTIH2019,WTI H2019-MTB=1,F2:WTI\H19,WTI,20190315
WTIK2019,WTI K2019-MTB=1,F2:WTI\K19,WTI,20190516
WTIN2019,WTI N2019-MTB=1,F2:WTI\N19,WTI,20190717
WTIU2019,WTI U2019-MTB=1,F2:WTI\U19,WTI,20190917
WTIX2019,WTI X2019-MTB=1,F2:WTI\X19,WTI,20191115
WTIH2020,WTI H2020-MTB=1,F2:WTI\H20,WTI,20200317
WTIK2020,WTI K2020-MTB=1,F2:WTI\K20,WTI,20200514
WTIN2020,WTI N2020-MTB=1,F2:WTI\N20,WTI,20200716
WTIU2020,WTI U2020-MTB=1,F2:WTI\U20,WTI,20200917
WTIX2020,WTI X2020-MTB=1,F2:WTI\X20,WTI,20201117
WTIF2021,WTI F2021-MTB=1,F2:WTI\F21,WTI,20210114
WTIH2021,WTI H2021-MTB=1,F2:WTI\H21,WTI,20210317
WTIK2021,WTI K2021-MTB=1,F2:WTI\K21,WTI,20210517
WTIN2021,WTI N2021-MTB=1,F2:WTI\N21,WTI,20210715
WTIU2021,WTI U2021-MTB=1,F2:WTI\U21,WTI,20210916
WTIX2021,WTI X2021-MTB=1,F2:WTI\X21,WTI,20211116
WTIF2022,WTI F2022-MTB=1,F2:WTI\F22,WTI,20220114
WTIH2022,WTI H2022-MTB=1,F2:WTI\H22,WTI,20220317
WTIK2022,WTI K2022-MTB=1,F2:WTI\K22,WTI,20220517
WTIN2022,WTI N2022-MTB=1,F2:WTI\N22,WTI,20220715
WTIU2022,WTI U22-MTB=1,F2:WTI\U22,WTI,20220915
WTIX2022,WTI X22-MTB=1,F2:WTI\X22,WTI,20221116
WTIF2023,WTI F23-MTB=1,F2:WTI\F23,WTI,20230117
YPFDV2020,YPFD V2020-MTB=1,F2:YPFD\V20,YPFD,20201030
YPFDZ2020,YPFD Z2020-MTB=1,F2:YPFD\Z20,YPFD,20201230
YPFDG2021,YPFD G2021-MTB=1,F2:YPFD\G21,YPFD,20210226
YPFDJ2021,YPFD J2021-MTB=1,F2:YPFD\J21,YPFD,20210430
YPFDM2021,YPFD M2021-MTB=1,F2:YPFD\M21,YPFD,20210630
YPFDQ2021,YPFD Q2021-MTB=1,F2:YPFD\Q21,YPFD,20210831
YPFDV2021,YPFD V2021-MTB=1,F2:YPFD\V21,YPFD,20211029
YPFDZ2021,YPFD Z2021-MTB=1,F2:YPFD\Z21,YPFD,20211230
YPFDG2022,YPFD G2022-MTB=1,F2:YPFD\G22,YPFD,20220225
YPFDJ2022,YPFD J2022-MTB=1,F2:YPFD\J22,YPFD,20220429
YPFDM2022,YPFD M2022-MTB=1,F2:YPFD\M22,YPFD,20220630
YPFDQ2022,YPFD Q22-MTB=1,F2:YPFD\Q22,YPFD,20220831
YPFDV2022,YPFD V22-MTB=1,F2:YPFD\V22,YPFD,20221031
