0619GS2034Q2023,0619GS2034 2023Q31-MSX,F:0619GS2034\Q2331,0619GS2034,20230831
0654GS2032Q2023,0654GS2032 2023Q31-MSX,F:0654GS2032\Q2331,0654GS2032,20230831
0654GS2032U2023,0654GS2032 2023U28-MSX,F:0654GS2032\U2328,0654GS2032,20230928
0654GS2032V2023,0654GS2032 2023V26-MSX,F:0654GS2032\V2326,0654GS2032,20231026
0654GS2032Z2023,0654GS2032 2023Z28-MSX,F:0654GS2032\Z2328,0654GS2032,20231228
664GS2035Q2023,664GS2035 2023Q31-MSX,F:664GS2035\Q2331,664GS2035,20230831
664GS2035U2023,664GS2035 2023U28-MSX,F:664GS2035\U2327,664GS2035,20230928
664GS2035V2023,664GS2035 2023V26-MSX,F:664GS2035\V2326,664GS2035,20231026
664GS2035Z2023,664GS2035 2023Z28-MSX,F:664GS2035\Z2328,664GS2035,20231228
664GS2035H2024,664GS2035 2024H28-MSX,F:664GS2035\H2428,664GS2035,20240328
667GS2035Q2023,667GS2035 2023Q31-MSX,F:667GS2035\Q2331,667GS2035,20230831
667GS2035U2023,667GS2035 2023U28-MSX,F:667GS2035\U2327,667GS2035,20230928
667GS2035V2023,667GS2035 2023V26-MSX,F:667GS2035\V2326,667GS2035,20231026
667GS2035Z2023,667GS2035 2023Z28-MSX,F:667GS2035\Z2328,667GS2035,20231228
667GS2035H2024,667GS2035 2024H28-MSX,F:667GS2035\H2428,667GS2035,20240328
667GS2035M2024,667GS2035 2024M27-MSX,F:667GS2035\M2427,667GS2035,20240627
726GS2032Q2023,726GS2032 2023Q31-MSX,F:726GS2032\Q2331,726GS2032,20230831
726GS2032U2023,726GS2032 2023U27-MSX,F:726GS2032\U2328,726GS2032,20230927
726GS2032V2023,726GS2032 2023V26-MSX,F:726GS2032\V2326,726GS2032,20231026
726GS2032Z2023,726GS2032 2023Z28-MSX,F:726GS2032\Z2328,726GS2032,20231228
726GS2032H2024,726GS2032 2024H28-MSX,F:726GS2032\H2428,726GS2032,20240328
726GS2032M2024,726GS2032 2024M27-MSX,F:726GS2032\M2427,726GS2032,20240627
726GS2033Q2023,726GS2033 2023Q31-MSX,F:726GS2033\Q2331,726GS2033,20230831
726GS2033U2023,726GS2033 2023U27-MSX,F:726GS2033\U2327,726GS2033,20230927
726GS2033V2023,726GS2033 2023V26-MSX,F:726GS2033\V2326,726GS2033,20231026
726GS2033Z2023,726GS2033 2023Z28-MSX,F:726GS2033\Z2328,726GS2033,20231228
726GS2033H2024,726GS2033 2024H28-MSX,F:726GS2033\H2428,726GS2033,20240328
726GS2033M2024,726GS2033 2024M27-MSX,F:726GS2033\M2427,726GS2033,20240627
741GS2036Q2023,741GS2036 2023Q31-MSX,F:741GS2036\Q2331,741GS2036,20230831
741GS2036U2023,741GS2036 2023U27-MSX,F:741GS2036\U2327,741GS2036,20230927
741GS2036V2023,741GS2036 2023V26-MSX,F:741GS2036\V2326,741GS2036,20231026
741GS2036Z2023,741GS2036 2023Z28-MSX,F:741GS2036\Z2328,741GS2036,20231228
741GS2036H2024,741GS2036 2024H28-MSX,F:741GS2036\H2428,741GS2036,20240328
741GS2036M2024,741GS2036 2024M27-MSX,F:741GS2036\M2427,741GS2036,20240627
754GS2036Q2023,754GS2036 2023Q31-MSX,F:754GS2036\Q2331,754GS2036,20230831
754GS2036U2023,754GS2036 2023U28-MSX,F:754GS2036\U2328,754GS2036,20230928
754GS2036V2023,754GS2036 2023V26-MSX,F:754GS2036\V2326,754GS2036,20231026
754GS2036Z2023,754GS2036 2023Z28-MSX,F:754GS2036\Z2328,754GS2036,20231228
754GS2036H2024,754GS2036 2024H28-MSX,F:754GS2036\H2428,754GS2036,20240328
754GS2036M2024,754GS2036 2024M27-MSX,F:754GS2036\M2427,754GS2036,20240627
EURINRG2010,EURINR G2010-MSX,F:EURINR\G10,EURINR,20100226
EURINRH2010,EURINR H2010-MSX,F:EURINR\H10,EURINR,20100331
EURINRJ2010,EURINR J2010-MSX,F:EURINR\J10,EURINR,20100430
EURINRK2010,EURINR K2010-MSX,F:EURINR\K10,EURINR,20100528
EURINRM2010,EURINR M2010-MSX,F:EURINR\M10,EURINR,20100628
EURINRN2010,EURINR N2010-MSX,F:EURINR\N10,EURINR,20100728
EURINRQ2010,EURINR Q2010-MSX,F:EURINR\Q10,EURINR,20100827
EURINRU2010,EURINR U2010-MSX,F:EURINR\U10,EURINR,20100928
EURINRV2010,EURINR V2010-MSX,F:EURINR\V10,EURINR,20101027
EURINRX2010,EURINR X2010-MSX,F:EURINR\X10,EURINR,20101126
EURINRZ2010,EURINR Z2010-MSX,F:EURINR\Z10,EURINR,20101229
EURINRF2011,EURINR F2011-MSX,F:EURINR\F11,EURINR,20110127
EURINRG2011,EURINR G2011-MSX,F:EURINR\G11,EURINR,20110224
EURINRH2011,EURINR H2011-MSX,F:EURINR\H11,EURINR,20110329
EURINRJ2011,EURINR J2011-MSX,F:EURINR\J11,EURINR,20110427
EURINRK2011,EURINR K2011-MSX,F:EURINR\K11,EURINR,20110527
EURINRM2011,EURINR M2011-MSX,F:EURINR\M11,EURINR,20110628
EURINRN2011,EURINR N2011-MSX,F:EURINR\N11,EURINR,20110727
EURINRQ2011,EURINR Q2011-MSX,F:EURINR\Q11,EURINR,20110829
EURINRU2011,EURINR U2011-MSX,F:EURINR\U11,EURINR,20110928
EURINRV2011,EURINR V2011-MSX,F:EURINR\V11,EURINR,20111027
EURINRX2011,EURINR X2011-MSX,F:EURINR\X11,EURINR,20111128
EURINRZ2011,EURINR Z2011-MSX,F:EURINR\Z11,EURINR,20111228
EURINRF2012,EURINR F2012-MSX,F:EURINR\F12,EURINR,20120127
EURINRG2012,EURINR G2012-MSX,F:EURINR\G12,EURINR,20120227
EURINRH2012,EURINR H2012-MSX,F:EURINR\H12,EURINR,20120328
EURINRJ2012,EURINR J2012-MSX,F:EURINR\J12,EURINR,20120426
EURINRK2012,EURINR K2012-MSX,F:EURINR\K12,EURINR,20120529
EURINRM2012,EURINR M2012-MSX,F:EURINR\M12,EURINR,20120627
EURINRN2012,EURINR N2012-MSX,F:EURINR\N12,EURINR,20120727
EURINRQ2012,EURINR Q2012-MSX,F:EURINR\Q12,EURINR,20120829
EURINRU2012,EURINR U2012-MSX,F:EURINR\U12,EURINR,20120926
EURINRV2012,EURINR V2012-MSX,F:EURINR\V12,EURINR,20121029
EURINRX2012,EURINR X2012-MSX,F:EURINR\X12,EURINR,20121128
EURINRZ2012,EURINR Z2012-MSX,F:EURINR\Z12,EURINR,20121227
EURINRF2013,EURINR F2013-MSX,F:EURINR\F13,EURINR,20130129
EURINRG2013,EURINR G2013-MSX,F:EURINR\G13,EURINR,20130226
EURINRH2013,EURINR H2013-MSX,F:EURINR\H13,EURINR,20130327
EURINRJ2013,EURINR J2013-MSX,F:EURINR\J13,EURINR,20130426
EURINRK2013,EURINR K2013-MSX,F:EURINR\K13,EURINR,20130529
EURINRM2013,EURINR M2013-MSX,F:EURINR\M13,EURINR,20130626
EURINRN2013,EURINR N2013-MSX,F:EURINR\N13,EURINR,20130729
EURINRQ2013,EURINR Q2013-MSX,F:EURINR\Q13,EURINR,20130828
EURINRU2013,EURINR U2013-MSX,F:EURINR\U13,EURINR,20130926
EURINRV2013,EURINR V2013-MSX,F:EURINR\V13,EURINR,20131029
EURINRX2013,EURINR X2013-MSX,F:EURINR\X13,EURINR,20131127
EURINRZ2013,EURINR Z2013-MSX,F:EURINR\Z13,EURINR,20131227
EURINRF2014,EURINR F2014-MSX,F:EURINR\F14,EURINR,20140129
EURINRG2014,EURINR G2014-MSX,F:EURINR\G14,EURINR,20140226
EURINRH2014,EURINR H2014-MSX,F:EURINR\H14,EURINR,20140327
EURINRJ2014,EURINR J2014-MSX,F:EURINR\J14,EURINR,20140428
EURINRK2014,EURINR K2014-MSX,F:EURINR\K14,EURINR,20140528
EURINRM2014,EURINR M2014-MSX,F:EURINR\M14,EURINR,20140626
EURINRN2014,EURINR N2014-MSX,F:EURINR\N14,EURINR,20140729
EURINRQ2014,EURINR Q2014-MSX,F:EURINR\Q14,EURINR,20140827
EURINRU2014,EURINR U2014-MSX,F:EURINR\U14,EURINR,20140926
EURINRV2014,EURINR V2014-MSX,F:EURINR\V14,EURINR,20141029
EURINRX2014,EURINR X2014-MSX,F:EURINR\X14,EURINR,20141126
EURINRZ2014,EURINR Z2014-MSX,F:EURINR\Z14,EURINR,20141229
EURINRF2015,EURINR F2015-MSX,F:EURINR\F15,EURINR,20150128
EURINRG2015,EURINR G2015-MSX,F:EURINR\G15,EURINR,20150225
EURINRH2015,EURINR H2015-MSX,F:EURINR\H15,EURINR,20150327
EURINRJ2015,EURINR J2015-MSX,F:EURINR\J15,EURINR,20150428
EURINRK2015,EURINR K2015-MSX,F:EURINR\K15,EURINR,20150527
EURINRM2015,EURINR M2015-MSX,F:EURINR\M15,EURINR,20150626
EURINRN2015,EURINR N2015-MSX,F:EURINR\N15,EURINR,20150729
EURINRQ2015,EURINR Q2015-MSX,F:EURINR\Q15,EURINR,20150827
EURINRU2015,EURINR U2015-MSX,F:EURINR\U15,EURINR,20150928
EURINRV2015,EURINR V2015-MSX,F:EURINR\V15,EURINR,20151028
EURINRX2015,EURINR X2015-MSX,F:EURINR\X15,EURINR,20151126
EURINRZ2015,EURINR Z2015-MSX,F:EURINR\Z15,EURINR,20151229
EURINRF2016,EURINR F2016-MSX,F:EURINR\F16,EURINR,20160127
EURINRG2016,EURINR G2016-MSX,F:EURINR\G16,EURINR,20160225
EURINRH2016,EURINR H2016-MSX,F:EURINR\H16,EURINR,20160329
EURINRJ2016,EURINR J2016-MSX,F:EURINR\J16,EURINR,20160427
EURINRK2016,EURINR K2016-MSX,F:EURINR\K16,EURINR,20160527
EURINRM2016,EURINR M2016-MSX,F:EURINR\M16,EURINR,20160628
EURINRN2016,EURINR N2016-MSX,F:EURINR\N16,EURINR,20160727
EURINRQ2016,EURINR Q2016-MSX,F:EURINR\Q16,EURINR,20160829
EURINRU2016,EURINR U2016-MSX,F:EURINR\U16,EURINR,20160928
EURINRV2016,EURINR V2016-MSX,F:EURINR\V16,EURINR,20161027
EURINRX2016,EURINR X2016-MSX,F:EURINR\X16,EURINR,20161128
EURINRZ2016,EURINR Z2016-MSX,F:EURINR\Z16,EURINR,20161228
EURINRF2017,EURINR F2017-MSX,F:EURINR\F17,EURINR,20170127
EURINRG2017,EURINR G2017-MSX,F:EURINR\G17,EURINR,20170224
EURINRH2017,EURINR H2017-MSX,F:EURINR\H17,EURINR,20170329
EURINRJ2017,EURINR J2017-MSX,F:EURINR\J17,EURINR,20170426
EURINRK2017,EURINR K2017-MSX,F:EURINR\K17,EURINR,20170529
EURINRM2017,EURINR M2017-MSX,F:EURINR\M17,EURINR,20170628
EURINRN2017,EURINR N2017-MSX,F:EURINR\N17,EURINR,20170727
EURINRQ2017,EURINR Q2017-MSX,F:EURINR\Q17,EURINR,20170829
EURINRU2017,EURINR U2017-MSX,F:EURINR\U17,EURINR,20170927
EURINRV2017,EURINR V2017-MSX,F:EURINR\V17,EURINR,20171027
EURINRX2017,EURINR X2017-MSX,F:EURINR\X17,EURINR,20171128
EURINRZ2017,EURINR Z2017-MSX,F:EURINR\Z17,EURINR,20171227
EURINRF2018,EURINR F2018-MSX,F:EURINR\F18,EURINR,20180129
EURINRG2018,EURINR G2018-MSX,F:EURINR\G18,EURINR,20180226
EURINRH2018,EURINR H2018-MSX,F:EURINR\H18,EURINR,20180326
EURINRJ2018,EURINR J2018-MSX,F:EURINR\J18,EURINR,20180426
EURINRK2018,EURINR K2018-MSX,F:EURINR\K18,EURINR,20180529
EURINRM2018,EURINR M2018-MSX,F:EURINR\M18,EURINR,20180627
EURINRN2018,EURINR N2018-MSX,F:EURINR\N18,EURINR,20180727
EURINRQ2018,EURINR Q2018-MSX,F:EURINR\Q18,EURINR,20180829
EURINRU2018,EURINR U2018-MSX,F:EURINR\U18,EURINR,20180926
EURINRV2018,EURINR V2018-MSX,F:EURINR\V18,EURINR,20181029
EURINRX2018,EURINR X2018-MSX,F:EURINR\X18,EURINR,20181128
EURINRZ2018,EURINR Z2018-MSX,F:EURINR\Z18,EURINR,20181227
EURINRF2019,EURINR F2019-MSX,F:EURINR\F19,EURINR,20190129
EURINRG2019,EURINR G2019-MSX,F:EURINR\G19,EURINR,20190226
EURINRH2019,EURINR H2019-MSX,F:EURINR\H19,EURINR,20190327
EURINRJ2019,EURINR J2019-MSX,F:EURINR\J19,EURINR,20190426
EURINRK2019,EURINR K2019-MSX,F:EURINR\K19,EURINR,20190529
EURINRM2019,EURINR M2019-MSX,F:EURINR\M19,EURINR,20190626
EURINRN2019,EURINR N2019-MSX,F:EURINR\N19,EURINR,20190729
EURINRQ2019,EURINR Q2019-MSX,F:EURINR\Q19,EURINR,20190828
EURINRU2019,EURINR U2019-MSX,F:EURINR\U19,EURINR,20190926
EURINRV2019,EURINR V2019-MSX,F:EURINR\V19,EURINR,20191029
EURINRX2019,EURINR X2019-MSX,F:EURINR\X19,EURINR,20191127
EURINRZ2019,EURINR Z2019-MSX,F:EURINR\Z19,EURINR,20191227
EURINRF2020,EURINR F2020-MSX,F:EURINR\F20,EURINR,20200131
EURINRG2020,EURINR G2020-MSX,F:EURINR\G20,EURINR,20200228
EURINRH2020,EURINR H2020-MSX,F:EURINR\H20,EURINR,20200331
EURINRJ2020,EURINR J2020-MSX,F:EURINR\J20,EURINR,20200430
EURINRK2020,EURINR K2020-MSX,F:EURINR\K20,EURINR,20200529
EURINRM2020,EURINR M2020-MSX,F:EURINR\M20,EURINR,20200630
EURINRN2020,EURINR N2020-MSX,F:EURINR\N20,EURINR,20200731
EURINRQ2023,EURINR 2023Q25-MSX,F:EURINR\Q2325,EURINR,20230825
EURINRU2023,EURINR 2023U27-MSX,F:EURINR\U2327,EURINR,20230927
EURINRV2023,EURINR 2023V27-MSX,F:EURINR\V2327,EURINR,20231027
EURINRX2023,EURINR 2023X28-MSX,F:EURINR\X2328,EURINR,20231128
EURINRZ2023,EURINR 2023Z27-MSX,F:EURINR\Z2327,EURINR,20231227
EURINRF2024,EURINR 2024F29-MSX,F:EURINR\F2429,EURINR,20240129
EURINRG2024,EURINR 2024G27-MSX,F:EURINR\G2427,EURINR,20240227
EURINRH2024,EURINR 2024H27-MSX,F:EURINR\H2427,EURINR,20240327
EURINRJ2024,EURINR 2024J26-MSX,F:EURINR\J2426,EURINR,20240426
EURINRK2024,EURINR 2024K29-MSX,F:EURINR\K2429,EURINR,20240529
EURINRM2024,EURINR 2024M26-MSX,F:EURINR\M2426,EURINR,20240626
EURINRN2024,EURINR 2024N29-MSX,F:EURINR\N2429,EURINR,20240729
EURUSDF2019,EURUSD F2019-MSX,F:EURUSD\F19,EURUSD,20190129
EURUSDG2019,EURUSD G2019-MSX,F:EURUSD\G19,EURUSD,20190226
EURUSDH2019,EURUSD H2019-MSX,F:EURUSD\H19,EURUSD,20190327
EURUSDJ2019,EURUSD J2019-MSX,F:EURUSD\J19,EURUSD,20190426
EURUSDK2019,EURUSD K2019-MSX,F:EURUSD\K19,EURUSD,20190529
EURUSDM2019,EURUSD M2019-MSX,F:EURUSD\M19,EURUSD,20190626
EURUSDN2019,EURUSD N2019-MSX,F:EURUSD\N19,EURUSD,20190729
EURUSDQ2019,EURUSD Q2019-MSX,F:EURUSD\Q19,EURUSD,20190828
EURUSDU2019,EURUSD U2019-MSX,F:EURUSD\U19,EURUSD,20190926
EURUSDV2019,EURUSD V2019-MSX,F:EURUSD\V19,EURUSD,20191029
EURUSDX2019,EURUSD X2019-MSX,F:EURUSD\X19,EURUSD,20191127
EURUSDZ2019,EURUSD Z2019-MSX,F:EURUSD\Z19,EURUSD,20191227
EURUSDF2020,EURUSD F2020-MSX,F:EURUSD\F20,EURUSD,20200131
EURUSDG2020,EURUSD G2020-MSX,F:EURUSD\G20,EURUSD,20200228
EURUSDH2020,EURUSD H2020-MSX,F:EURUSD\H20,EURUSD,20200331
EURUSDJ2020,EURUSD J2020-MSX,F:EURUSD\J20,EURUSD,20200430
EURUSDK2020,EURUSD K2020-MSX,F:EURUSD\K20,EURUSD,20200529
EURUSDM2020,EURUSD M2020-MSX,F:EURUSD\M20,EURUSD,20200630
EURUSDN2020,EURUSD N2020-MSX,F:EURUSD\N20,EURUSD,20200731
EURUSDQ2023,EURUSD 2023Q29-MSX,F:EURUSD\Q2329,EURUSD,20230829
EURUSDU2023,EURUSD 2023U08-MSX,F:EURUSD\U2301,EURUSD,20230908
EURUSDV2023,EURUSD 2023V27-MSX,F:EURUSD\V2327,EURUSD,20231027
EURUSDX2023,EURUSD 2023X28-MSX,F:EURUSD\X2328,EURUSD,20231128
EURUSDZ2023,EURUSD 2023Z27-MSX,F:EURUSD\Z2327,EURUSD,20231227
EURUSDF2024,EURUSD 2024F29-MSX,F:EURUSD\F2429,EURUSD,20240129
EURUSDG2024,EURUSD 2024G27-MSX,F:EURUSD\G2427,EURUSD,20240227
EURUSDH2024,EURUSD 2024H27-MSX,F:EURUSD\H2427,EURUSD,20240327
EURUSDJ2024,EURUSD 2024J26-MSX,F:EURUSD\J2426,EURUSD,20240426
EURUSDK2024,EURUSD 2024K29-MSX,F:EURUSD\K2429,EURUSD,20240529
EURUSDM2024,EURUSD 2024M26-MSX,F:EURUSD\M2426,EURUSD,20240626
EURUSDN2024,EURUSD 2024N29-MSX,F:EURUSD\N2429,EURUSD,20240729
GBPINRG2010,GBPINR G2010-MSX,F:GBPINR\G10,GBPINR,20100226
GBPINRH2010,GBPINR H2010-MSX,F:GBPINR\H10,GBPINR,20100331
GBPINRJ2010,GBPINR J2010-MSX,F:GBPINR\J10,GBPINR,20100430
GBPINRK2010,GBPINR K2010-MSX,F:GBPINR\K10,GBPINR,20100528
GBPINRM2010,GBPINR M2010-MSX,F:GBPINR\M10,GBPINR,20100628
GBPINRN2010,GBPINR N2010-MSX,F:GBPINR\N10,GBPINR,20100728
GBPINRQ2010,GBPINR Q2010-MSX,F:GBPINR\Q10,GBPINR,20100827
GBPINRU2010,GBPINR U2010-MSX,F:GBPINR\U10,GBPINR,20100928
GBPINRV2010,GBPINR V2010-MSX,F:GBPINR\V10,GBPINR,20101027
GBPINRX2010,GBPINR X2010-MSX,F:GBPINR\X10,GBPINR,20101126
GBPINRZ2010,GBPINR Z2010-MSX,F:GBPINR\Z10,GBPINR,20101229
GBPINRF2011,GBPINR F2011-MSX,F:GBPINR\F11,GBPINR,20110127
GBPINRG2011,GBPINR G2011-MSX,F:GBPINR\G11,GBPINR,20110224
GBPINRH2011,GBPINR H2011-MSX,F:GBPINR\H11,GBPINR,20110329
GBPINRJ2011,GBPINR J2011-MSX,F:GBPINR\J11,GBPINR,20110427
GBPINRK2011,GBPINR K2011-MSX,F:GBPINR\K11,GBPINR,20110527
GBPINRM2011,GBPINR M2011-MSX,F:GBPINR\M11,GBPINR,20110628
GBPINRN2011,GBPINR N2011-MSX,F:GBPINR\N11,GBPINR,20110727
GBPINRQ2011,GBPINR Q2011-MSX,F:GBPINR\Q11,GBPINR,20110829
GBPINRU2011,GBPINR U2011-MSX,F:GBPINR\U11,GBPINR,20110928
GBPINRV2011,GBPINR V2011-MSX,F:GBPINR\V11,GBPINR,20111027
GBPINRX2011,GBPINR X2011-MSX,F:GBPINR\X11,GBPINR,20111128
GBPINRZ2011,GBPINR Z2011-MSX,F:GBPINR\Z11,GBPINR,20111228
GBPINRF2012,GBPINR F2012-MSX,F:GBPINR\F12,GBPINR,20120127
GBPINRG2012,GBPINR G2012-MSX,F:GBPINR\G12,GBPINR,20120227
GBPINRH2012,GBPINR H2012-MSX,F:GBPINR\H12,GBPINR,20120328
GBPINRJ2012,GBPINR J2012-MSX,F:GBPINR\J12,GBPINR,20120426
GBPINRK2012,GBPINR K2012-MSX,F:GBPINR\K12,GBPINR,20120529
GBPINRM2012,GBPINR M2012-MSX,F:GBPINR\M12,GBPINR,20120627
GBPINRN2012,GBPINR N2012-MSX,F:GBPINR\N12,GBPINR,20120727
GBPINRQ2012,GBPINR Q2012-MSX,F:GBPINR\Q12,GBPINR,20120829
GBPINRU2012,GBPINR U2012-MSX,F:GBPINR\U12,GBPINR,20120926
GBPINRV2012,GBPINR V2012-MSX,F:GBPINR\V12,GBPINR,20121029
GBPINRX2012,GBPINR X2012-MSX,F:GBPINR\X12,GBPINR,20121128
GBPINRZ2012,GBPINR Z2012-MSX,F:GBPINR\Z12,GBPINR,20121227
GBPINRF2013,GBPINR F2013-MSX,F:GBPINR\F13,GBPINR,20130129
GBPINRG2013,GBPINR G2013-MSX,F:GBPINR\G13,GBPINR,20130226
GBPINRH2013,GBPINR H2013-MSX,F:GBPINR\H13,GBPINR,20130327
GBPINRJ2013,GBPINR J2013-MSX,F:GBPINR\J13,GBPINR,20130426
GBPINRK2013,GBPINR K2013-MSX,F:GBPINR\K13,GBPINR,20130529
GBPINRM2013,GBPINR M2013-MSX,F:GBPINR\M13,GBPINR,20130626
GBPINRN2013,GBPINR N2013-MSX,F:GBPINR\N13,GBPINR,20130729
GBPINRQ2013,GBPINR Q2013-MSX,F:GBPINR\Q13,GBPINR,20130828
GBPINRU2013,GBPINR U2013-MSX,F:GBPINR\U13,GBPINR,20130926
GBPINRV2013,GBPINR V2013-MSX,F:GBPINR\V13,GBPINR,20131029
GBPINRX2013,GBPINR X2013-MSX,F:GBPINR\X13,GBPINR,20131127
GBPINRZ2013,GBPINR Z2013-MSX,F:GBPINR\Z13,GBPINR,20131227
GBPINRF2014,GBPINR F2014-MSX,F:GBPINR\F14,GBPINR,20140129
GBPINRG2014,GBPINR G2014-MSX,F:GBPINR\G14,GBPINR,20140226
GBPINRH2014,GBPINR H2014-MSX,F:GBPINR\H14,GBPINR,20140327
GBPINRJ2014,GBPINR J2014-MSX,F:GBPINR\J14,GBPINR,20140428
GBPINRK2014,GBPINR K2014-MSX,F:GBPINR\K14,GBPINR,20140528
GBPINRM2014,GBPINR M2014-MSX,F:GBPINR\M14,GBPINR,20140626
GBPINRN2014,GBPINR N2014-MSX,F:GBPINR\N14,GBPINR,20140729
GBPINRQ2014,GBPINR Q2014-MSX,F:GBPINR\Q14,GBPINR,20140827
GBPINRU2014,GBPINR U2014-MSX,F:GBPINR\U14,GBPINR,20140926
GBPINRV2014,GBPINR V2014-MSX,F:GBPINR\V14,GBPINR,20141029
GBPINRX2014,GBPINR X2014-MSX,F:GBPINR\X14,GBPINR,20141126
GBPINRZ2014,GBPINR Z2014-MSX,F:GBPINR\Z14,GBPINR,20141229
GBPINRF2015,GBPINR F2015-MSX,F:GBPINR\F15,GBPINR,20150128
GBPINRG2015,GBPINR G2015-MSX,F:GBPINR\G15,GBPINR,20150225
GBPINRH2015,GBPINR H2015-MSX,F:GBPINR\H15,GBPINR,20150327
GBPINRJ2015,GBPINR J2015-MSX,F:GBPINR\J15,GBPINR,20150428
GBPINRK2015,GBPINR K2015-MSX,F:GBPINR\K15,GBPINR,20150527
GBPINRM2015,GBPINR M2015-MSX,F:GBPINR\M15,GBPINR,20150626
GBPINRN2015,GBPINR N2015-MSX,F:GBPINR\N15,GBPINR,20150729
GBPINRQ2015,GBPINR Q2015-MSX,F:GBPINR\Q15,GBPINR,20150827
GBPINRU2015,GBPINR U2015-MSX,F:GBPINR\U15,GBPINR,20150928
GBPINRV2015,GBPINR V2015-MSX,F:GBPINR\V15,GBPINR,20151028
GBPINRX2015,GBPINR X2015-MSX,F:GBPINR\X15,GBPINR,20151126
GBPINRZ2015,GBPINR Z2015-MSX,F:GBPINR\Z15,GBPINR,20151229
GBPINRF2016,GBPINR F2016-MSX,F:GBPINR\F16,GBPINR,20160127
GBPINRG2016,GBPINR G2016-MSX,F:GBPINR\G16,GBPINR,20160225
GBPINRH2016,GBPINR H2016-MSX,F:GBPINR\H16,GBPINR,20160329
GBPINRJ2016,GBPINR J2016-MSX,F:GBPINR\J16,GBPINR,20160427
GBPINRK2016,GBPINR K2016-MSX,F:GBPINR\K16,GBPINR,20160527
GBPINRM2016,GBPINR M2016-MSX,F:GBPINR\M16,GBPINR,20160628
GBPINRN2016,GBPINR N2016-MSX,F:GBPINR\N16,GBPINR,20160727
GBPINRQ2016,GBPINR Q2016-MSX,F:GBPINR\Q16,GBPINR,20160829
GBPINRU2016,GBPINR U2016-MSX,F:GBPINR\U16,GBPINR,20160928
GBPINRV2016,GBPINR V2016-MSX,F:GBPINR\V16,GBPINR,20161027
GBPINRX2016,GBPINR X2016-MSX,F:GBPINR\X16,GBPINR,20161128
GBPINRZ2016,GBPINR Z2016-MSX,F:GBPINR\Z16,GBPINR,20161228
GBPINRF2017,GBPINR F2017-MSX,F:GBPINR\F17,GBPINR,20170127
GBPINRG2017,GBPINR G2017-MSX,F:GBPINR\G17,GBPINR,20170224
GBPINRH2017,GBPINR H2017-MSX,F:GBPINR\H17,GBPINR,20170329
GBPINRJ2017,GBPINR J2017-MSX,F:GBPINR\J17,GBPINR,20170426
GBPINRK2017,GBPINR K2017-MSX,F:GBPINR\K17,GBPINR,20170529
GBPINRM2017,GBPINR M2017-MSX,F:GBPINR\M17,GBPINR,20170628
GBPINRN2017,GBPINR N2017-MSX,F:GBPINR\N17,GBPINR,20170727
GBPINRQ2017,GBPINR Q2017-MSX,F:GBPINR\Q17,GBPINR,20170829
GBPINRU2017,GBPINR U2017-MSX,F:GBPINR\U17,GBPINR,20170927
GBPINRV2017,GBPINR V2017-MSX,F:GBPINR\V17,GBPINR,20171027
GBPINRX2017,GBPINR X2017-MSX,F:GBPINR\X17,GBPINR,20171128
GBPINRZ2017,GBPINR Z2017-MSX,F:GBPINR\Z17,GBPINR,20171227
GBPINRF2018,GBPINR F2018-MSX,F:GBPINR\F18,GBPINR,20180129
GBPINRG2018,GBPINR G2018-MSX,F:GBPINR\G18,GBPINR,20180226
GBPINRH2018,GBPINR H2018-MSX,F:GBPINR\H18,GBPINR,20180326
GBPINRJ2018,GBPINR J2018-MSX,F:GBPINR\J18,GBPINR,20180426
GBPINRK2018,GBPINR K2018-MSX,F:GBPINR\K18,GBPINR,20180529
GBPINRM2018,GBPINR M2018-MSX,F:GBPINR\M18,GBPINR,20180627
GBPINRN2018,GBPINR N2018-MSX,F:GBPINR\N18,GBPINR,20180727
GBPINRQ2018,GBPINR Q2018-MSX,F:GBPINR\Q18,GBPINR,20180829
GBPINRU2018,GBPINR U2018-MSX,F:GBPINR\U18,GBPINR,20180926
GBPINRV2018,GBPINR V2018-MSX,F:GBPINR\V18,GBPINR,20181029
GBPINRX2018,GBPINR X2018-MSX,F:GBPINR\X18,GBPINR,20181128
GBPINRZ2018,GBPINR Z2018-MSX,F:GBPINR\Z18,GBPINR,20181227
GBPINRF2019,GBPINR F2019-MSX,F:GBPINR\F19,GBPINR,20190129
GBPINRG2019,GBPINR G2019-MSX,F:GBPINR\G19,GBPINR,20190226
GBPINRH2019,GBPINR H2019-MSX,F:GBPINR\H19,GBPINR,20190327
GBPINRJ2019,GBPINR J2019-MSX,F:GBPINR\J19,GBPINR,20190426
GBPINRK2019,GBPINR K2019-MSX,F:GBPINR\K19,GBPINR,20190529
GBPINRM2019,GBPINR M2019-MSX,F:GBPINR\M19,GBPINR,20190626
GBPINRN2019,GBPINR N2019-MSX,F:GBPINR\N19,GBPINR,20190729
GBPINRQ2019,GBPINR Q2019-MSX,F:GBPINR\Q19,GBPINR,20190828
GBPINRU2019,GBPINR U2019-MSX,F:GBPINR\U19,GBPINR,20190926
GBPINRV2019,GBPINR V2019-MSX,F:GBPINR\V19,GBPINR,20191029
GBPINRX2019,GBPINR X2019-MSX,F:GBPINR\X19,GBPINR,20191127
GBPINRZ2019,GBPINR Z2019-MSX,F:GBPINR\Z19,GBPINR,20191227
GBPINRF2020,GBPINR F2020-MSX,F:GBPINR\F20,GBPINR,20200131
GBPINRG2020,GBPINR G2020-MSX,F:GBPINR\G20,GBPINR,20200228
GBPINRH2020,GBPINR H2020-MSX,F:GBPINR\H20,GBPINR,20200331
GBPINRJ2020,GBPINR J2020-MSX,F:GBPINR\J20,GBPINR,20200430
GBPINRK2020,GBPINR K2020-MSX,F:GBPINR\K20,GBPINR,20200529
GBPINRM2020,GBPINR M2020-MSX,F:GBPINR\M20,GBPINR,20200630
GBPINRN2020,GBPINR N2020-MSX,F:GBPINR\N20,GBPINR,20200731
GBPINRQ2023,GBPINR 2023Q11-MSX,F:GBPINR\Q2304,GBPINR,20230811
GBPINRU2023,GBPINR 2023U27-MSX,F:GBPINR\U2327,GBPINR,20230927
GBPINRV2023,GBPINR 2023V27-MSX,F:GBPINR\V2327,GBPINR,20231027
GBPINRX2023,GBPINR 2023X28-MSX,F:GBPINR\X2328,GBPINR,20231128
GBPINRZ2023,GBPINR 2023Z27-MSX,F:GBPINR\Z2327,GBPINR,20231227
GBPINRF2024,GBPINR 2024F29-MSX,F:GBPINR\F2429,GBPINR,20240129
GBPINRG2024,GBPINR 2024G27-MSX,F:GBPINR\G2427,GBPINR,20240227
GBPINRH2024,GBPINR 2024H27-MSX,F:GBPINR\H2427,GBPINR,20240327
GBPINRJ2024,GBPINR 2024J26-MSX,F:GBPINR\J2426,GBPINR,20240426
GBPINRK2024,GBPINR 2024K29-MSX,F:GBPINR\K2429,GBPINR,20240529
GBPINRM2024,GBPINR 2024M26-MSX,F:GBPINR\M2426,GBPINR,20240626
GBPINRN2024,GBPINR 2024N29-MSX,F:GBPINR\N2429,GBPINR,20240729
GBPUSDF2019,GBPUSD F2019-MSX,F:GBPUSD\F19,GBPUSD,20190129
GBPUSDG2019,GBPUSD G2019-MSX,F:GBPUSD\G19,GBPUSD,20190226
GBPUSDH2019,GBPUSD H2019-MSX,F:GBPUSD\H19,GBPUSD,20190327
GBPUSDJ2019,GBPUSD J2019-MSX,F:GBPUSD\J19,GBPUSD,20190426
GBPUSDK2019,GBPUSD K2019-MSX,F:GBPUSD\K19,GBPUSD,20190529
GBPUSDM2019,GBPUSD M2019-MSX,F:GBPUSD\M19,GBPUSD,20190626
GBPUSDN2019,GBPUSD N2019-MSX,F:GBPUSD\N19,GBPUSD,20190729
GBPUSDQ2019,GBPUSD Q2019-MSX,F:GBPUSD\Q19,GBPUSD,20190828
GBPUSDU2019,GBPUSD U2019-MSX,F:GBPUSD\U19,GBPUSD,20190926
GBPUSDV2019,GBPUSD V2019-MSX,F:GBPUSD\V19,GBPUSD,20191029
GBPUSDX2019,GBPUSD X2019-MSX,F:GBPUSD\X19,GBPUSD,20191127
GBPUSDZ2019,GBPUSD Z2019-MSX,F:GBPUSD\Z19,GBPUSD,20191227
GBPUSDF2020,GBPUSD F2020-MSX,F:GBPUSD\F20,GBPUSD,20200131
GBPUSDG2020,GBPUSD G2020-MSX,F:GBPUSD\G20,GBPUSD,20200228
GBPUSDH2020,GBPUSD H2020-MSX,F:GBPUSD\H20,GBPUSD,20200331
GBPUSDJ2020,GBPUSD J2020-MSX,F:GBPUSD\J20,GBPUSD,20200430
GBPUSDK2020,GBPUSD K2020-MSX,F:GBPUSD\K20,GBPUSD,20200529
GBPUSDM2020,GBPUSD M2020-MSX,F:GBPUSD\M20,GBPUSD,20200630
GBPUSDN2020,GBPUSD N2020-MSX,F:GBPUSD\N20,GBPUSD,20200731
GBPUSDQ2023,GBPUSD 2023Q11-MSX,F:GBPUSD\Q2304,GBPUSD,20230811
GBPUSDU2023,GBPUSD 2023U27-MSX,F:GBPUSD\U2327,GBPUSD,20230927
GBPUSDV2023,GBPUSD 2023V27-MSX,F:GBPUSD\V2327,GBPUSD,20231027
GBPUSDX2023,GBPUSD 2023X28-MSX,F:GBPUSD\X2328,GBPUSD,20231128
GBPUSDZ2023,GBPUSD 2023Z27-MSX,F:GBPUSD\Z2327,GBPUSD,20231227
GBPUSDF2024,GBPUSD 2024F29-MSX,F:GBPUSD\F2429,GBPUSD,20240129
GBPUSDG2024,GBPUSD 2024G27-MSX,F:GBPUSD\G2427,GBPUSD,20240227
GBPUSDH2024,GBPUSD 2024H27-MSX,F:GBPUSD\H2427,GBPUSD,20240327
GBPUSDJ2024,GBPUSD 2024J26-MSX,F:GBPUSD\J2426,GBPUSD,20240426
GBPUSDK2024,GBPUSD 2024K29-MSX,F:GBPUSD\K2429,GBPUSD,20240529
GBPUSDM2024,GBPUSD 2024M26-MSX,F:GBPUSD\M2426,GBPUSD,20240626
GBPUSDN2024,GBPUSD 2024N29-MSX,F:GBPUSD\N2429,GBPUSD,20240729
JPYINRG2010,JPYINR G2010-MSX,F:JPYINR\G10,JPYINR,20100226
JPYINRH2010,JPYINR H2010-MSX,F:JPYINR\H10,JPYINR,20100331
JPYINRJ2010,JPYINR J2010-MSX,F:JPYINR\J10,JPYINR,20100430
JPYINRK2010,JPYINR K2010-MSX,F:JPYINR\K10,JPYINR,20100528
JPYINRM2010,JPYINR M2010-MSX,F:JPYINR\M10,JPYINR,20100628
JPYINRN2010,JPYINR N2010-MSX,F:JPYINR\N10,JPYINR,20100728
JPYINRQ2010,JPYINR Q2010-MSX,F:JPYINR\Q10,JPYINR,20100827
JPYINRU2010,JPYINR U2010-MSX,F:JPYINR\U10,JPYINR,20100928
JPYINRV2010,JPYINR V2010-MSX,F:JPYINR\V10,JPYINR,20101027
JPYINRX2010,JPYINR X2010-MSX,F:JPYINR\X10,JPYINR,20101126
JPYINRZ2010,JPYINR Z2010-MSX,F:JPYINR\Z10,JPYINR,20101229
JPYINRF2011,JPYINR F2011-MSX,F:JPYINR\F11,JPYINR,20110127
JPYINRG2011,JPYINR G2011-MSX,F:JPYINR\G11,JPYINR,20110224
JPYINRH2011,JPYINR H2011-MSX,F:JPYINR\H11,JPYINR,20110329
JPYINRJ2011,JPYINR J2011-MSX,F:JPYINR\J11,JPYINR,20110427
JPYINRK2011,JPYINR K2011-MSX,F:JPYINR\K11,JPYINR,20110527
JPYINRM2011,JPYINR M2011-MSX,F:JPYINR\M11,JPYINR,20110628
JPYINRN2011,JPYINR N2011-MSX,F:JPYINR\N11,JPYINR,20110727
JPYINRQ2011,JPYINR Q2011-MSX,F:JPYINR\Q11,JPYINR,20110829
JPYINRU2011,JPYINR U2011-MSX,F:JPYINR\U11,JPYINR,20110928
JPYINRV2011,JPYINR V2011-MSX,F:JPYINR\V11,JPYINR,20111027
JPYINRX2011,JPYINR X2011-MSX,F:JPYINR\X11,JPYINR,20111128
JPYINRZ2011,JPYINR Z2011-MSX,F:JPYINR\Z11,JPYINR,20111228
JPYINRF2012,JPYINR F2012-MSX,F:JPYINR\F12,JPYINR,20120127
JPYINRG2012,JPYINR G2012-MSX,F:JPYINR\G12,JPYINR,20120227
JPYINRH2012,JPYINR H2012-MSX,F:JPYINR\H12,JPYINR,20120328
JPYINRJ2012,JPYINR J2012-MSX,F:JPYINR\J12,JPYINR,20120426
JPYINRK2012,JPYINR K2012-MSX,F:JPYINR\K12,JPYINR,20120529
JPYINRM2012,JPYINR M2012-MSX,F:JPYINR\M12,JPYINR,20120627
JPYINRN2012,JPYINR N2012-MSX,F:JPYINR\N12,JPYINR,20120727
JPYINRQ2012,JPYINR Q2012-MSX,F:JPYINR\Q12,JPYINR,20120829
JPYINRU2012,JPYINR U2012-MSX,F:JPYINR\U12,JPYINR,20120926
JPYINRV2012,JPYINR V2012-MSX,F:JPYINR\V12,JPYINR,20121029
JPYINRX2012,JPYINR X2012-MSX,F:JPYINR\X12,JPYINR,20121128
JPYINRZ2012,JPYINR Z2012-MSX,F:JPYINR\Z12,JPYINR,20121227
JPYINRF2013,JPYINR F2013-MSX,F:JPYINR\F13,JPYINR,20130129
JPYINRG2013,JPYINR G2013-MSX,F:JPYINR\G13,JPYINR,20130226
JPYINRH2013,JPYINR H2013-MSX,F:JPYINR\H13,JPYINR,20130327
JPYINRJ2013,JPYINR J2013-MSX,F:JPYINR\J13,JPYINR,20130426
JPYINRK2013,JPYINR K2013-MSX,F:JPYINR\K13,JPYINR,20130529
JPYINRM2013,JPYINR M2013-MSX,F:JPYINR\M13,JPYINR,20130626
JPYINRN2013,JPYINR N2013-MSX,F:JPYINR\N13,JPYINR,20130729
JPYINRQ2013,JPYINR Q2013-MSX,F:JPYINR\Q13,JPYINR,20130828
JPYINRU2013,JPYINR U2013-MSX,F:JPYINR\U13,JPYINR,20130926
JPYINRV2013,JPYINR V2013-MSX,F:JPYINR\V13,JPYINR,20131029
JPYINRX2013,JPYINR X2013-MSX,F:JPYINR\X13,JPYINR,20131127
JPYINRZ2013,JPYINR Z2013-MSX,F:JPYINR\Z13,JPYINR,20131227
JPYINRF2014,JPYINR F2014-MSX,F:JPYINR\F14,JPYINR,20140129
JPYINRG2014,JPYINR G2014-MSX,F:JPYINR\G14,JPYINR,20140226
JPYINRH2014,JPYINR H2014-MSX,F:JPYINR\H14,JPYINR,20140327
JPYINRJ2014,JPYINR J2014-MSX,F:JPYINR\J14,JPYINR,20140428
JPYINRK2014,JPYINR K2014-MSX,F:JPYINR\K14,JPYINR,20140528
JPYINRM2014,JPYINR M2014-MSX,F:JPYINR\M14,JPYINR,20140626
JPYINRN2014,JPYINR N2014-MSX,F:JPYINR\N14,JPYINR,20140729
JPYINRQ2014,JPYINR Q2014-MSX,F:JPYINR\Q14,JPYINR,20140827
JPYINRU2014,JPYINR U2014-MSX,F:JPYINR\U14,JPYINR,20140926
JPYINRV2014,JPYINR V2014-MSX,F:JPYINR\V14,JPYINR,20141029
JPYINRX2014,JPYINR X2014-MSX,F:JPYINR\X14,JPYINR,20141126
JPYINRZ2014,JPYINR Z2014-MSX,F:JPYINR\Z14,JPYINR,20141229
JPYINRF2015,JPYINR F2015-MSX,F:JPYINR\F15,JPYINR,20150128
JPYINRG2015,JPYINR G2015-MSX,F:JPYINR\G15,JPYINR,20150225
JPYINRH2015,JPYINR H2015-MSX,F:JPYINR\H15,JPYINR,20150327
JPYINRJ2015,JPYINR J2015-MSX,F:JPYINR\J15,JPYINR,20150428
JPYINRK2015,JPYINR K2015-MSX,F:JPYINR\K15,JPYINR,20150527
JPYINRM2015,JPYINR M2015-MSX,F:JPYINR\M15,JPYINR,20150626
JPYINRN2015,JPYINR N2015-MSX,F:JPYINR\N15,JPYINR,20150729
JPYINRQ2015,JPYINR Q2015-MSX,F:JPYINR\Q15,JPYINR,20150827
JPYINRU2015,JPYINR U2015-MSX,F:JPYINR\U15,JPYINR,20150928
JPYINRV2015,JPYINR V2015-MSX,F:JPYINR\V15,JPYINR,20151028
JPYINRX2015,JPYINR X2015-MSX,F:JPYINR\X15,JPYINR,20151126
JPYINRZ2015,JPYINR Z2015-MSX,F:JPYINR\Z15,JPYINR,20151229
JPYINRF2016,JPYINR F2016-MSX,F:JPYINR\F16,JPYINR,20160127
JPYINRG2016,JPYINR G2016-MSX,F:JPYINR\G16,JPYINR,20160225
JPYINRH2016,JPYINR H2016-MSX,F:JPYINR\H16,JPYINR,20160329
JPYINRJ2016,JPYINR J2016-MSX,F:JPYINR\J16,JPYINR,20160427
JPYINRK2016,JPYINR K2016-MSX,F:JPYINR\K16,JPYINR,20160527
JPYINRM2016,JPYINR M2016-MSX,F:JPYINR\M16,JPYINR,20160628
JPYINRN2016,JPYINR N2016-MSX,F:JPYINR\N16,JPYINR,20160727
JPYINRQ2016,JPYINR Q2016-MSX,F:JPYINR\Q16,JPYINR,20160829
JPYINRU2016,JPYINR U2016-MSX,F:JPYINR\U16,JPYINR,20160928
JPYINRV2016,JPYINR V2016-MSX,F:JPYINR\V16,JPYINR,20161027
JPYINRX2016,JPYINR X2016-MSX,F:JPYINR\X16,JPYINR,20161128
JPYINRZ2016,JPYINR Z2016-MSX,F:JPYINR\Z16,JPYINR,20161228
JPYINRF2017,JPYINR F2017-MSX,F:JPYINR\F17,JPYINR,20170127
JPYINRG2017,JPYINR G2017-MSX,F:JPYINR\G17,JPYINR,20170224
JPYINRH2017,JPYINR H2017-MSX,F:JPYINR\H17,JPYINR,20170329
JPYINRJ2017,JPYINR J2017-MSX,F:JPYINR\J17,JPYINR,20170426
JPYINRK2017,JPYINR K2017-MSX,F:JPYINR\K17,JPYINR,20170529
JPYINRM2017,JPYINR M2017-MSX,F:JPYINR\M17,JPYINR,20170628
JPYINRN2017,JPYINR N2017-MSX,F:JPYINR\N17,JPYINR,20170727
JPYINRQ2017,JPYINR Q2017-MSX,F:JPYINR\Q17,JPYINR,20170829
JPYINRU2017,JPYINR U2017-MSX,F:JPYINR\U17,JPYINR,20170927
JPYINRV2017,JPYINR V2017-MSX,F:JPYINR\V17,JPYINR,20171027
JPYINRX2017,JPYINR X2017-MSX,F:JPYINR\X17,JPYINR,20171128
JPYINRZ2017,JPYINR Z2017-MSX,F:JPYINR\Z17,JPYINR,20171227
JPYINRF2018,JPYINR F2018-MSX,F:JPYINR\F18,JPYINR,20180129
JPYINRG2018,JPYINR G2018-MSX,F:JPYINR\G18,JPYINR,20180226
JPYINRH2018,JPYINR H2018-MSX,F:JPYINR\H18,JPYINR,20180326
JPYINRJ2018,JPYINR J2018-MSX,F:JPYINR\J18,JPYINR,20180426
JPYINRK2018,JPYINR K2018-MSX,F:JPYINR\K18,JPYINR,20180529
JPYINRM2018,JPYINR M2018-MSX,F:JPYINR\M18,JPYINR,20180627
JPYINRN2018,JPYINR N2018-MSX,F:JPYINR\N18,JPYINR,20180727
JPYINRQ2018,JPYINR Q2018-MSX,F:JPYINR\Q18,JPYINR,20180829
JPYINRU2018,JPYINR U2018-MSX,F:JPYINR\U18,JPYINR,20180926
JPYINRV2018,JPYINR V2018-MSX,F:JPYINR\V18,JPYINR,20181029
JPYINRX2018,JPYINR X2018-MSX,F:JPYINR\X18,JPYINR,20181128
JPYINRZ2018,JPYINR Z2018-MSX,F:JPYINR\Z18,JPYINR,20181227
JPYINRF2019,JPYINR F2019-MSX,F:JPYINR\F19,JPYINR,20190129
JPYINRG2019,JPYINR G2019-MSX,F:JPYINR\G19,JPYINR,20190226
JPYINRH2019,JPYINR H2019-MSX,F:JPYINR\H19,JPYINR,20190327
JPYINRJ2019,JPYINR J2019-MSX,F:JPYINR\J19,JPYINR,20190426
JPYINRK2019,JPYINR K2019-MSX,F:JPYINR\K19,JPYINR,20190529
JPYINRM2019,JPYINR M2019-MSX,F:JPYINR\M19,JPYINR,20190626
JPYINRN2019,JPYINR N2019-MSX,F:JPYINR\N19,JPYINR,20190729
JPYINRQ2019,JPYINR Q2019-MSX,F:JPYINR\Q19,JPYINR,20190828
JPYINRU2019,JPYINR U2019-MSX,F:JPYINR\U19,JPYINR,20190926
JPYINRV2019,JPYINR V2019-MSX,F:JPYINR\V19,JPYINR,20191029
JPYINRX2019,JPYINR X2019-MSX,F:JPYINR\X19,JPYINR,20191127
JPYINRZ2019,JPYINR Z2019-MSX,F:JPYINR\Z19,JPYINR,20191227
JPYINRF2020,JPYINR F2020-MSX,F:JPYINR\F20,JPYINR,20200131
JPYINRG2020,JPYINR G2020-MSX,F:JPYINR\G20,JPYINR,20200228
JPYINRH2020,JPYINR H2020-MSX,F:JPYINR\H20,JPYINR,20200331
JPYINRJ2020,JPYINR J2020-MSX,F:JPYINR\J20,JPYINR,20200430
JPYINRK2020,JPYINR K2020-MSX,F:JPYINR\K20,JPYINR,20200529
JPYINRM2020,JPYINR M2020-MSX,F:JPYINR\M20,JPYINR,20200630
JPYINRN2020,JPYINR N2020-MSX,F:JPYINR\N20,JPYINR,20200731
JPYINRQ2023,JPYINR 2023Q25-MSX,F:JPYINR\Q2329,JPYINR,20230825
JPYINRU2023,JPYINR 2023U26-MSX,F:JPYINR\U2327,JPYINR,20230926
JPYINRV2023,JPYINR 2023V27-MSX,F:JPYINR\V2327,JPYINR,20231027
JPYINRX2023,JPYINR 2023X28-MSX,F:JPYINR\X2328,JPYINR,20231128
JPYINRZ2023,JPYINR 2023Z27-MSX,F:JPYINR\Z2327,JPYINR,20231227
JPYINRF2024,JPYINR 2024F29-MSX,F:JPYINR\F2429,JPYINR,20240129
JPYINRG2024,JPYINR 2024G27-MSX,F:JPYINR\G2427,JPYINR,20240227
JPYINRH2024,JPYINR 2024H27-MSX,F:JPYINR\H2427,JPYINR,20240327
JPYINRJ2024,JPYINR 2024J26-MSX,F:JPYINR\J2426,JPYINR,20240426
JPYINRK2024,JPYINR 2024K29-MSX,F:JPYINR\K2429,JPYINR,20240529
JPYINRM2024,JPYINR 2024M26-MSX,F:JPYINR\M2426,JPYINR,20240626
JPYINRN2024,JPYINR 2024N29-MSX,F:JPYINR\N2429,JPYINR,20240729
USDINRH2009,USDINR H2009-MSX,F:USDINR\H09,USDINR,20090331
USDINRJ2009,USDINR J2009-MSX,F:USDINR\J09,USDINR,20090430
USDINRK2009,USDINR K2009-MSX,F:USDINR\K09,USDINR,20090529
USDINRM2009,USDINR M2009-MSX,F:USDINR\M09,USDINR,20090630
USDINRN2009,USDINR N2009-MSX,F:USDINR\N09,USDINR,20090731
USDINRQ2009,USDINR Q2009-MSX,F:USDINR\Q09,USDINR,20090831
USDINRU2009,USDINR U2009-MSX,F:USDINR\U09,USDINR,20090930
USDINRV2009,USDINR V2009-MSX,F:USDINR\V09,USDINR,20091030
USDINRX2009,USDINR X2009-MSX,F:USDINR\X09,USDINR,20091130
USDINRZ2009,USDINR Z2009-MSX,F:USDINR\Z09,USDINR,20091231
USDINRF2010,USDINR F2010-MSX,F:USDINR\F10,USDINR,20100129
USDINRG2010,USDINR G2010-MSX,F:USDINR\G10,USDINR,20100226
USDINRH2010,USDINR H2010-MSX,F:USDINR\H10,USDINR,20100331
USDINRJ2010,USDINR J2010-MSX,F:USDINR\J10,USDINR,20100430
USDINRK2010,USDINR K2010-MSX,F:USDINR\K10,USDINR,20100528
USDINRM2010,USDINR M2010-MSX,F:USDINR\M10,USDINR,20100628
USDINRN2010,USDINR N2010-MSX,F:USDINR\N10,USDINR,20100728
USDINRQ2010,USDINR Q2010-MSX,F:USDINR\Q10,USDINR,20100827
USDINRU2010,USDINR U2010-MSX,F:USDINR\U10,USDINR,20100928
USDINRV2010,USDINR V2010-MSX,F:USDINR\V10,USDINR,20101027
USDINRX2010,USDINR X2010-MSX,F:USDINR\X10,USDINR,20101126
USDINRZ2010,USDINR Z2010-MSX,F:USDINR\Z10,USDINR,20101229
USDINRF2011,USDINR F2011-MSX,F:USDINR\F11,USDINR,20110127
USDINRG2011,USDINR G2011-MSX,F:USDINR\G11,USDINR,20110224
USDINRH2011,USDINR H2011-MSX,F:USDINR\H11,USDINR,20110329
USDINRJ2011,USDINR J2011-MSX,F:USDINR\J11,USDINR,20110427
USDINRK2011,USDINR K2011-MSX,F:USDINR\K11,USDINR,20110527
USDINRM2011,USDINR M2011-MSX,F:USDINR\M11,USDINR,20110628
USDINRN2011,USDINR N2011-MSX,F:USDINR\N11,USDINR,20110727
USDINRQ2011,USDINR Q2011-MSX,F:USDINR\Q11,USDINR,20110829
USDINRU2011,USDINR U2011-MSX,F:USDINR\U11,USDINR,20110928
USDINRV2011,USDINR V2011-MSX,F:USDINR\V11,USDINR,20111027
USDINRX2011,USDINR X2011-MSX,F:USDINR\X11,USDINR,20111128
USDINRZ2011,USDINR Z2011-MSX,F:USDINR\Z11,USDINR,20111228
USDINRF2012,USDINR F2012-MSX,F:USDINR\F12,USDINR,20120127
USDINRG2012,USDINR G2012-MSX,F:USDINR\G12,USDINR,20120227
USDINRH2012,USDINR H2012-MSX,F:USDINR\H12,USDINR,20120328
USDINRJ2012,USDINR J2012-MSX,F:USDINR\J12,USDINR,20120426
USDINRK2012,USDINR K2012-MSX,F:USDINR\K12,USDINR,20120529
USDINRM2012,USDINR M2012-MSX,F:USDINR\M12,USDINR,20120627
USDINRN2012,USDINR N2012-MSX,F:USDINR\N12,USDINR,20120727
USDINRQ2012,USDINR Q2012-MSX,F:USDINR\Q12,USDINR,20120829
USDINRU2012,USDINR U2012-MSX,F:USDINR\U12,USDINR,20120926
USDINRV2012,USDINR V2012-MSX,F:USDINR\V12,USDINR,20121029
USDINRX2012,USDINR X2012-MSX,F:USDINR\X12,USDINR,20121128
USDINRZ2012,USDINR Z2012-MSX,F:USDINR\Z12,USDINR,20121227
USDINRF2013,USDINR F2013-MSX,F:USDINR\F13,USDINR,20130129
USDINRG2013,USDINR G2013-MSX,F:USDINR\G13,USDINR,20130226
USDINRH2013,USDINR H2013-MSX,F:USDINR\H13,USDINR,20130327
USDINRJ2013,USDINR J2013-MSX,F:USDINR\J13,USDINR,20130426
USDINRK2013,USDINR K2013-MSX,F:USDINR\K13,USDINR,20130529
USDINRM2013,USDINR M2013-MSX,F:USDINR\M13,USDINR,20130626
USDINRN2013,USDINR N2013-MSX,F:USDINR\N13,USDINR,20130729
USDINRQ2013,USDINR Q2013-MSX,F:USDINR\Q13,USDINR,20130828
USDINRU2013,USDINR U2013-MSX,F:USDINR\U13,USDINR,20130926
USDINRV2013,USDINR V2013-MSX,F:USDINR\V13,USDINR,20131029
USDINRX2013,USDINR X2013-MSX,F:USDINR\X13,USDINR,20131127
USDINRZ2013,USDINR Z2013-MSX,F:USDINR\Z13,USDINR,20131227
USDINRF2014,USDINR F2014-MSX,F:USDINR\F14,USDINR,20140129
USDINRG2014,USDINR G2014-MSX,F:USDINR\G14,USDINR,20140226
USDINRH2014,USDINR H2014-MSX,F:USDINR\H14,USDINR,20140327
USDINRJ2014,USDINR J2014-MSX,F:USDINR\J14,USDINR,20140428
USDINRK2014,USDINR K2014-MSX,F:USDINR\K14,USDINR,20140528
USDINRM2014,USDINR M2014-MSX,F:USDINR\M14,USDINR,20140626
USDINRN2014,USDINR N2014-MSX,F:USDINR\N14,USDINR,20140729
USDINRQ2014,USDINR Q2014-MSX,F:USDINR\Q14,USDINR,20140827
USDINRU2014,USDINR U2014-MSX,F:USDINR\U14,USDINR,20140926
USDINRV2014,USDINR V2014-MSX,F:USDINR\V14,USDINR,20141029
USDINRX2014,USDINR X2014-MSX,F:USDINR\X14,USDINR,20141126
USDINRZ2014,USDINR Z2014-MSX,F:USDINR\Z14,USDINR,20141229
USDINRF2015,USDINR F2015-MSX,F:USDINR\F15,USDINR,20150128
USDINRG2015,USDINR G2015-MSX,F:USDINR\G15,USDINR,20150225
USDINRH2015,USDINR H2015-MSX,F:USDINR\H15,USDINR,20150327
USDINRJ2015,USDINR J2015-MSX,F:USDINR\J15,USDINR,20150428
USDINRK2015,USDINR K2015-MSX,F:USDINR\K15,USDINR,20150527
USDINRM2015,USDINR M2015-MSX,F:USDINR\M15,USDINR,20150626
USDINRN2015,USDINR N2015-MSX,F:USDINR\N15,USDINR,20150729
USDINRQ2015,USDINR Q2015-MSX,F:USDINR\Q15,USDINR,20150827
USDINRU2015,USDINR U2015-MSX,F:USDINR\U15,USDINR,20150928
USDINRV2015,USDINR V2015-MSX,F:USDINR\V15,USDINR,20151028
USDINRX2015,USDINR X2015-MSX,F:USDINR\X15,USDINR,20151126
USDINRZ2015,USDINR Z2015-MSX,F:USDINR\Z15,USDINR,20151229
USDINRF2016,USDINR F2016-MSX,F:USDINR\F16,USDINR,20160127
USDINRG2016,USDINR G2016-MSX,F:USDINR\G16,USDINR,20160225
USDINRH2016,USDINR H2016-MSX,F:USDINR\H16,USDINR,20160329
USDINRJ2016,USDINR J2016-MSX,F:USDINR\J16,USDINR,20160427
USDINRK2016,USDINR K2016-MSX,F:USDINR\K16,USDINR,20160527
USDINRM2016,USDINR M2016-MSX,F:USDINR\M16,USDINR,20160628
USDINRN2016,USDINR N2016-MSX,F:USDINR\N16,USDINR,20160727
USDINRQ2016,USDINR Q2016-MSX,F:USDINR\Q16,USDINR,20160829
USDINRU2016,USDINR U2016-MSX,F:USDINR\U16,USDINR,20160928
USDINRV2016,USDINR V2016-MSX,F:USDINR\V16,USDINR,20161027
USDINRX2016,USDINR X2016-MSX,F:USDINR\X16,USDINR,20161128
USDINRZ2016,USDINR Z2016-MSX,F:USDINR\Z16,USDINR,20161228
USDINRF2017,USDINR F2017-MSX,F:USDINR\F17,USDINR,20170127
USDINRG2017,USDINR G2017-MSX,F:USDINR\G17,USDINR,20170224
USDINRH2017,USDINR H2017-MSX,F:USDINR\H17,USDINR,20170329
USDINRJ2017,USDINR J2017-MSX,F:USDINR\J17,USDINR,20170426
USDINRK2017,USDINR K2017-MSX,F:USDINR\K17,USDINR,20170529
USDINRM2017,USDINR M2017-MSX,F:USDINR\M17,USDINR,20170628
USDINRN2017,USDINR N2017-MSX,F:USDINR\N17,USDINR,20170727
USDINRQ2017,USDINR Q2017-MSX,F:USDINR\Q17,USDINR,20170829
USDINRU2017,USDINR U2017-MSX,F:USDINR\U17,USDINR,20170927
USDINRV2017,USDINR V2017-MSX,F:USDINR\V17,USDINR,20171027
USDINRX2017,USDINR X2017-MSX,F:USDINR\X17,USDINR,20171128
USDINRZ2017,USDINR Z2017-MSX,F:USDINR\Z17,USDINR,20171227
USDINRF2018,USDINR F2018-MSX,F:USDINR\F18,USDINR,20180129
USDINRG2018,USDINR G2018-MSX,F:USDINR\G18,USDINR,20180226
USDINRH2018,USDINR H2018-MSX,F:USDINR\H18,USDINR,20180326
USDINRJ2018,USDINR J2018-MSX,F:USDINR\J18,USDINR,20180426
USDINRK2018,USDINR K2018-MSX,F:USDINR\K18,USDINR,20180529
USDINRM2018,USDINR M2018-MSX,F:USDINR\M18,USDINR,20180627
USDINRN2018,USDINR N2018-MSX,F:USDINR\N18,USDINR,20180727
USDINRQ2018,USDINR Q2018-MSX,F:USDINR\Q18,USDINR,20180829
USDINRU2018,USDINR U2018-MSX,F:USDINR\U18,USDINR,20180926
USDINRV2018,USDINR V2018-MSX,F:USDINR\V18,USDINR,20181029
USDINRX2018,USDINR X2018-MSX,F:USDINR\X18,USDINR,20181128
USDINRZ2018,USDINR Z2018-MSX,F:USDINR\Z18,USDINR,20181227
USDINRF2019,USDINR F2019-MSX,F:USDINR\F19,USDINR,20190129
USDINRG2019,USDINR G2019-MSX,F:USDINR\G19,USDINR,20190226
USDINRH2019,USDINR H2019-MSX,F:USDINR\H19,USDINR,20190327
USDINRJ2019,USDINR J2019-MSX,F:USDINR\J19,USDINR,20190426
USDINRK2019,USDINR K2019-MSX,F:USDINR\K19,USDINR,20190529
USDINRM2019,USDINR M2019-MSX,F:USDINR\M19,USDINR,20190626
USDINRN2019,USDINR N2019-MSX,F:USDINR\N19,USDINR,20190729
USDINRQ2019,USDINR Q2019-MSX,F:USDINR\Q19,USDINR,20190828
USDINRU2019,USDINR U2019-MSX,F:USDINR\U19,USDINR,20190926
USDINRV2019,USDINR V2019-MSX,F:USDINR\V19,USDINR,20191029
USDINRX2019,USDINR X2019-MSX,F:USDINR\X19,USDINR,20191127
USDINRZ2019,USDINR Z2019-MSX,F:USDINR\Z19,USDINR,20191227
USDINRF2020,USDINR F2020-MSX,F:USDINR\F20,USDINR,20200131
USDINRG2020,USDINR G2020-MSX,F:USDINR\G20,USDINR,20200228
USDINRH2020,USDINR H2020-MSX,F:USDINR\H20,USDINR,20200331
USDINRJ2020,USDINR J2020-MSX,F:USDINR\J20,USDINR,20200430
USDINRK2020,USDINR K2020-MSX,F:USDINR\K20,USDINR,20200529
USDINRM2020,USDINR M2020-MSX,F:USDINR\M20,USDINR,20200630
USDINRN2020,USDINR N2020-MSX,F:USDINR\N20,USDINR,20200731
USDINRQ2023,USDINR 2023Q11-MSX,F:USDINR\Q2304,USDINR,20230811
USDINRU2023,USDINR 2023U27-MSX,F:USDINR\U2327,USDINR,20230927
USDINRV2023,USDINR 2023V27-MSX,F:USDINR\V2327,USDINR,20231027
USDINRX2023,USDINR 2023X28-MSX,F:USDINR\X2328,USDINR,20231128
USDINRZ2023,USDINR 2023Z27-MSX,F:USDINR\Z2327,USDINR,20231227
USDINRF2024,USDINR 2024F29-MSX,F:USDINR\F2429,USDINR,20240129
USDINRG2024,USDINR 2024G27-MSX,F:USDINR\G2427,USDINR,20240227
USDINRH2024,USDINR 2024H27-MSX,F:USDINR\H2427,USDINR,20240327
USDINRJ2024,USDINR 2024J26-MSX,F:USDINR\J2426,USDINR,20240426
USDINRK2024,USDINR 2024K29-MSX,F:USDINR\K2429,USDINR,20240529
USDINRM2024,USDINR 2024M26-MSX,F:USDINR\M2426,USDINR,20240626
USDINRN2024,USDINR 2024N29-MSX,F:USDINR\N2429,USDINR,20240729
USDJPYF2019,USDJPY F2019-MSX,F:USDJPY\F19,USDJPY,20190129
USDJPYG2019,USDJPY G2019-MSX,F:USDJPY\G19,USDJPY,20190226
USDJPYH2019,USDJPY H2019-MSX,F:USDJPY\H19,USDJPY,20190327
USDJPYJ2019,USDJPY J2019-MSX,F:USDJPY\J19,USDJPY,20190426
USDJPYK2019,USDJPY K2019-MSX,F:USDJPY\K19,USDJPY,20190529
USDJPYM2019,USDJPY M2019-MSX,F:USDJPY\M19,USDJPY,20190626
USDJPYN2019,USDJPY N2019-MSX,F:USDJPY\N19,USDJPY,20190729
USDJPYQ2019,USDJPY Q2019-MSX,F:USDJPY\Q19,USDJPY,20190828
USDJPYU2019,USDJPY U2019-MSX,F:USDJPY\U19,USDJPY,20190926
USDJPYV2019,USDJPY V2019-MSX,F:USDJPY\V19,USDJPY,20191029
USDJPYX2019,USDJPY X2019-MSX,F:USDJPY\X19,USDJPY,20191127
USDJPYZ2019,USDJPY Z2019-MSX,F:USDJPY\Z19,USDJPY,20191227
USDJPYF2020,USDJPY F2020-MSX,F:USDJPY\F20,USDJPY,20200131
USDJPYG2020,USDJPY G2020-MSX,F:USDJPY\G20,USDJPY,20200228
USDJPYH2020,USDJPY H2020-MSX,F:USDJPY\H20,USDJPY,20200331
USDJPYJ2020,USDJPY J2020-MSX,F:USDJPY\J20,USDJPY,20200430
USDJPYK2020,USDJPY K2020-MSX,F:USDJPY\K20,USDJPY,20200529
USDJPYM2020,USDJPY M2020-MSX,F:USDJPY\M20,USDJPY,20200630
USDJPYN2020,USDJPY N2020-MSX,F:USDJPY\N20,USDJPY,20200731
USDJPYQ2023,USDJPY 2023Q25-MSX,F:USDJPY\Q2329,USDJPY,20230825
USDJPYU2023,USDJPY 2023U01-MSX,F:USDJPY\U2301,USDJPY,20230901
USDJPYV2023,USDJPY 2023V27-MSX,F:USDJPY\V2327,USDJPY,20231027
USDJPYX2023,USDJPY 2023X28-MSX,F:USDJPY\X2328,USDJPY,20231128
USDJPYZ2023,USDJPY 2023Z27-MSX,F:USDJPY\Z2327,USDJPY,20231227
USDJPYF2024,USDJPY 2024F29-MSX,F:USDJPY\F2429,USDJPY,20240129
USDJPYG2024,USDJPY 2024G27-MSX,F:USDJPY\G2427,USDJPY,20240227
USDJPYH2024,USDJPY 2024H27-MSX,F:USDJPY\H2427,USDJPY,20240327
USDJPYJ2024,USDJPY 2024J26-MSX,F:USDJPY\J2426,USDJPY,20240426
USDJPYK2024,USDJPY 2024K29-MSX,F:USDJPY\K2429,USDJPY,20240529
USDJPYM2024,USDJPY 2024M26-MSX,F:USDJPY\M2426,USDJPY,20240626
USDJPYN2024,USDJPY 2024N29-MSX,F:USDJPY\N2429,USDJPY,20240729
