BAJRAM2014,BAJRAM2014,,BAJRA,20140620
BAJRAN2014,BAJRAN2014,,BAJRA,20140718
BAJRAV2014,BAJRAV2014,,BAJRA,20141020
BAJRAX2014,BAJRAX2014,,BAJRA,20141120
BAJRAZ2014,BAJRAZ2014,,BAJRA,20141219
BAJRAH2015,BAJRAH2015,,BAJRA,20150320
BAJRAJ2015,BAJRAJ2015,,BAJRA,20150420
BAJRAK2015,BAJRAK2015,,BAJRA,20150520
BAJRAM2015,BAJRAM2015,,BAJRA,20150619
BAJRAN2015,BAJRAN2015,,BAJRA,20150720
BAJRAV2015,BAJRAV2015,,BAJRA,20151020
BAJRAX2015,BAJRAX2015,,BAJRA,20151120
BAJRAZ2015,BAJRAZ2015,,BAJRA,20151218
BAJRAF2020,BAJRAF2020,,BAJRA,20200120
BAJRAG2020,BAJRAG2020,,BAJRA,20200220
BAJRAH2020,BAJRAH2020,,BAJRA,20200320
BAJRAJ2020,BAJRAJ2020,,BAJRA,20200420
BAJRAK2020,BAJRAK2020,,BAJRA,20200520
BAJRAM2020,BAJRAM2020,,BAJRA,20200619
BAJRAN2020,BAJRAN2020,,BAJRA,20200720
BAJRAQ2020,BAJRAQ2020,,BAJRA,20200820
BAJRAU2020,BAJRAU2020,,BAJRA,20200918
BAJRAV2020,BAJRAV2020,,BAJRA,20201020
BAJRAX2020,BAJRAX2020,,BAJRA,20201120
BAJRAZ2020,BAJRAZ2020,,BAJRA,20201218
BAJRAF2021,BAJRAF2021,,BAJRA,20210120
BAJRAG2021,BAJRAG2021,,BAJRA,20210219
BAJRAH2021,BAJRAH2021,,BAJRA,20210319
BAJRAJ2021,BAJRAJ2021,,BAJRA,20210420
BAJRAK2021,BAJRAK2021,,BAJRA,20210520
BAJRAM2021,BAJRAM2021,,BAJRA,20210618
BAJRAN2021,BAJRAN2021,,BAJRA,20210720
BAJRAQ2021,BAJRAQ2021,,BAJRA,20210820
BAJRAU2021,BAJRAU2021,,BAJRA,20210920
BAJRAV2021,BAJRAV2021,,BAJRA,20211020
BAJRAX2021,BAJRAX2021,,BAJRA,20211118
BAJRAZ2021,BAJRAZ2021,,BAJRA,20211220
BAJRAF2022,BAJRAF2022,,BAJRA,20220120
BAJRAG2022,BAJRAG2022,,BAJRA,20220218
BAJRAH2022,BAJRAH2022,,BAJRA,20220317
BAJRAJ2022,BAJRAJ2022,,BAJRA,20220420
BAJRAK2022,BAJRAK2022,,BAJRA,20220520
BAJRAM2022,BAJRAM2022,,BAJRA,20220620
BAJRAN2022,BAJRAN2022,,BAJRA,20220720
BAJRAQ2022,BAJRAQ2022,,BAJRA,20220819
BAJRAU2022,BAJRAU2022,,BAJRA,20220920
BAJRAV2022,BAJRAV2022,,BAJRA,20221020
BAJRAX2022,BAJRAX2022,,BAJRA,20221118
BAJRAZ2022,BAJRAZ2022,,BAJRA,20221220
BAJRAF2023,BAJRAF2023,,BAJRA,20230120
BAJRAG2023,BAJRAG2023,,BAJRA,20230220
BAJRAH2023,BAJRAH2023,,BAJRA,20230320
BARLEYJPRZ2009,BARLEYJPRZ2009,,BARLEYJPR,20091231
BARLEYJPRJ2010,BARLEYJPRJ2010,,BARLEYJPR,20100430
BARLEYJPRK2010,BARLEYJPRK2010,,BARLEYJPR,20100531
BARLEYJPRM2010,BARLEYJPRM2010,,BARLEYJPR,20100618
BARLEYJPRN2010,BARLEYJPRN2010,,BARLEYJPR,20100720
BARLEYJPRQ2010,BARLEYJPRQ2010,,BARLEYJPR,20100820
BARLEYJPRU2010,BARLEYJPRU2010,,BARLEYJPR,20100920
BARLEYJPRV2010,BARLEYJPRV2010,,BARLEYJPR,20101020
BARLEYJPRX2010,BARLEYJPRX2010,,BARLEYJPR,20101119
BARLEYJPRZ2010,BARLEYJPRZ2010,,BARLEYJPR,20101220
BARLEYJPRH2011,BARLEYJPRH2011,,BARLEYJPR,20110318
BARLEYJPRJ2011,BARLEYJPRJ2011,,BARLEYJPR,20110420
BARLEYJPRK2011,BARLEYJPRK2011,,BARLEYJPR,20110520
BARLEYJPRM2011,BARLEYJPRM2011,,BARLEYJPR,20110620
BARLEYJPRN2011,BARLEYJPRN2011,,BARLEYJPR,20110720
BARLEYJPRQ2011,BARLEYJPRQ2011,,BARLEYJPR,20110819
BARLEYJPRU2011,BARLEYJPRU2011,,BARLEYJPR,20110920
BARLEYJPRV2011,BARLEYJPRV2011,,BARLEYJPR,20111020
BARLEYJPRX2011,BARLEYJPRX2011,,BARLEYJPR,20111118
BARLEYJPRZ2011,BARLEYJPRZ2011,,BARLEYJPR,20111220
BARLEYJPRF2012,BARLEYJPRF2012,,BARLEYJPR,20120120
BARLEYJPRG2012,BARLEYJPRG2012,,BARLEYJPR,20120220
BARLEYJPRJ2012,BARLEYJPRJ2012,,BARLEYJPR,20120420
BARLEYJPRK2012,BARLEYJPRK2012,,BARLEYJPR,20120518
BARLEYJPRM2012,BARLEYJPRM2012,,BARLEYJPR,20120620
BARLEYJPRN2012,BARLEYJPRN2012,,BARLEYJPR,20120720
BARLEYJPRQ2012,BARLEYJPRQ2012,,BARLEYJPR,20120820
BARLEYJPRU2012,BARLEYJPRU2012,,BARLEYJPR,20120920
BARLEYJPRV2012,BARLEYJPRV2012,,BARLEYJPR,20121019
BARLEYJPRX2012,BARLEYJPRX2012,,BARLEYJPR,20121120
BARLEYJPRZ2012,BARLEYJPRZ2012,,BARLEYJPR,20121220
BARLEYJPRF2013,BARLEYJPRF2013,,BARLEYJPR,20130118
BARLEYJPRJ2013,BARLEYJPRJ2013,,BARLEYJPR,20130419
BARLEYJPRK2013,BARLEYJPRK2013,,BARLEYJPR,20130520
BARLEYJPRM2013,BARLEYJPRM2013,,BARLEYJPR,20130620
BARLEYJPRN2013,BARLEYJPRN2013,,BARLEYJPR,20130719
BARLEYJPRQ2013,BARLEYJPRQ2013,,BARLEYJPR,20130820
BARLEYJPRU2013,BARLEYJPRU2013,,BARLEYJPR,20130920
BARLEYJPRV2013,BARLEYJPRV2013,,BARLEYJPR,20131018
BARLEYJPRX2013,BARLEYJPRX2013,,BARLEYJPR,20131120
BARLEYJPRZ2013,BARLEYJPRZ2013,,BARLEYJPR,20131220
BARLEYJPRF2014,BARLEYJPRF2014,,BARLEYJPR,20140120
BARLEYJPRJ2014,BARLEYJPRJ2014,,BARLEYJPR,20140418
BARLEYJPRK2014,BARLEYJPRK2014,,BARLEYJPR,20140520
BARLEYJPRM2014,BARLEYJPRM2014,,BARLEYJPR,20140620
BARLEYJPRN2014,BARLEYJPRN2014,,BARLEYJPR,20140718
BARLEYJPRQ2014,BARLEYJPRQ2014,,BARLEYJPR,20140820
BARLEYJPRU2014,BARLEYJPRU2014,,BARLEYJPR,20140919
BARLEYJPRV2014,BARLEYJPRV2014,,BARLEYJPR,20141020
BARLEYJPRX2014,BARLEYJPRX2014,,BARLEYJPR,20141120
BARLEYJPRZ2014,BARLEYJPRZ2014,,BARLEYJPR,20141219
BARLEYJPRF2015,BARLEYJPRF2015,,BARLEYJPR,20150120
BARLEYJPRJ2015,BARLEYJPRJ2015,,BARLEYJPR,20150420
BARLEYJPRK2015,BARLEYJPRK2015,,BARLEYJPR,20150520
BARLEYJPRM2015,BARLEYJPRM2015,,BARLEYJPR,20150619
BARLEYJPRN2015,BARLEYJPRN2015,,BARLEYJPR,20150720
BARLEYJPRQ2015,BARLEYJPRQ2015,,BARLEYJPR,20150820
BARLEYJPRU2015,BARLEYJPRU2015,,BARLEYJPR,20150918
BARLEYJPRV2015,BARLEYJPRV2015,,BARLEYJPR,20151020
BARLEYJPRX2015,BARLEYJPRX2015,,BARLEYJPR,20151120
BARLEYJPRZ2015,BARLEYJPRZ2015,,BARLEYJPR,20151218
BARLEYJPRF2016,BARLEYJPRF2016,,BARLEYJPR,20160120
BARLEYJPRJ2016,BARLEYJPRJ2016,,BARLEYJPR,20160420
BARLEYJPRK2016,BARLEYJPRK2016,,BARLEYJPR,20160520
BARLEYJPRM2016,BARLEYJPRM2016,,BARLEYJPR,20160620
BARLEYJPRN2016,BARLEYJPRN2016,,BARLEYJPR,20160720
BARLEYJPRQ2016,BARLEYJPRQ2016,,BARLEYJPR,20160819
BARLEYJPRU2016,BARLEYJPRU2016,,BARLEYJPR,20160920
BARLEYJPRV2016,BARLEYJPRV2016,,BARLEYJPR,20161020
BARLEYJPRX2016,BARLEYJPRX2016,,BARLEYJPR,20161118
BARLEYJPRZ2016,BARLEYJPRZ2016,,BARLEYJPR,20161220
BARLEYJPRF2017,BARLEYJPRF2017,,BARLEYJPR,20170120
BARLEYJPRJ2017,BARLEYJPRJ2017,,BARLEYJPR,20170420
BARLEYJPRK2017,BARLEYJPRK2017,,BARLEYJPR,20170519
BARLEYJPRM2017,BARLEYJPRM2017,,BARLEYJPR,20170620
BARLEYJPRN2017,BARLEYJPRN2017,,BARLEYJPR,20170720
BARLEYJPRQ2017,BARLEYJPRQ2017,,BARLEYJPR,20170818
BARLEYJPRU2017,BARLEYJPRU2017,,BARLEYJPR,20170920
BARLEYJPRV2017,BARLEYJPRV2017,,BARLEYJPR,20171020
BARLEYJPRX2017,BARLEYJPRX2017,,BARLEYJPR,20171120
BARLEYJPRZ2017,BARLEYJPRZ2017,,BARLEYJPR,20171220
BARLEYJPRF2018,BARLEYJPRF2018,,BARLEYJPR,20180119
BARLEYJPRJ2018,BARLEYJPRJ2018,,BARLEYJPR,20180420
BARLEYJPRK2018,BARLEYJPRK2018,,BARLEYJPR,20180518
BARLEYJPRM2018,BARLEYJPRM2018,,BARLEYJPR,20180620
BARLEYJPRN2018,BARLEYJPRN2018,,BARLEYJPR,20180720
BARLEYJPRQ2018,BARLEYJPRQ2018,,BARLEYJPR,20180820
BARLEYJPRU2018,BARLEYJPRU2018,,BARLEYJPR,20180920
BARLEYJPRV2018,BARLEYJPRV2018,,BARLEYJPR,20181019
BARLEYJPRX2018,BARLEYJPRX2018,,BARLEYJPR,20181120
BARLEYJPRZ2018,BARLEYJPRZ2018,,BARLEYJPR,20181220
BARLEYJPRF2019,BARLEYJPRF2019,,BARLEYJPR,20190118
BARLEYJPRJ2019,BARLEYJPRJ2019,,BARLEYJPR,20190419
BARLEYJPRK2019,BARLEYJPRK2019,,BARLEYJPR,20190520
BARLEYJPRM2019,BARLEYJPRM2019,,BARLEYJPR,20190620
BARLEYJPRN2019,BARLEYJPRN2019,,BARLEYJPR,20190719
BARLEYJPRQ2019,BARLEYJPRQ2019,,BARLEYJPR,20190820
BARLEYJPRU2019,BARLEYJPRU2019,,BARLEYJPR,20190920
BARLEYJPRV2019,BARLEYJPRV2019,,BARLEYJPR,20191018
BARLEYJPRX2019,BARLEYJPRX2019,,BARLEYJPR,20191120
BARLEYJPRZ2019,BARLEYJPRZ2019,,BARLEYJPR,20191220
BARLEYJPRF2020,BARLEYJPRF2020,,BARLEYJPR,20200120
BARLEYJPRJ2020,BARLEYJPRJ2020,,BARLEYJPR,20200420
BARLEYJPRK2020,BARLEYJPRK2020,,BARLEYJPR,20200520
BARLEYJPRM2020,BARLEYJPRM2020,,BARLEYJPR,20200619
BARLEYJPRN2020,BARLEYJPRN2020,,BARLEYJPR,20200720
BARLEYJPRQ2020,BARLEYJPRQ2020,,BARLEYJPR,20200820
BARLEYJPRU2020,BARLEYJPRU2020,,BARLEYJPR,20200918
BARLEYJPRV2020,BARLEYJPRV2020,,BARLEYJPR,20201020
BARLEYJPRX2020,BARLEYJPRX2020,,BARLEYJPR,20201120
BARLEYJPRZ2020,BARLEYJPRZ2020,,BARLEYJPR,20201218
BARLEYJPRF2021,BARLEYJPRF2021,,BARLEYJPR,20210120
BARLEYJPRJ2021,BARLEYJPRJ2021,,BARLEYJPR,20210420
BARLEYJPRK2021,BARLEYJPRK2021,,BARLEYJPR,20210520
BARLEYJPRM2021,BARLEYJPRM2021,,BARLEYJPR,20210618
BARLEYJPRN2021,BARLEYJPRN2021,,BARLEYJPR,20210720
BARLEYJPRQ2021,BARLEYJPRQ2021,,BARLEYJPR,20210820
BARLEYJPRU2021,BARLEYJPRU2021,,BARLEYJPR,20210920
BARLEYJPRV2021,BARLEYJPRV2021,,BARLEYJPR,20211020
BARLEYJPRX2021,BARLEYJPRX2021,,BARLEYJPR,20211118
BARLEYJPRZ2021,BARLEYJPRZ2021,,BARLEYJPR,20211220
BARLEYJPRF2022,BARLEYJPRF2022,,BARLEYJPR,20220120
BARLEYJPRJ2022,BARLEYJPRJ2022,,BARLEYJPR,20220420
BARLEYJPRK2022,BARLEYJPRK2022,,BARLEYJPR,20220520
BARLEYJPRM2022,BARLEYJPRM2022,,BARLEYJPR,20220620
BARLEYJPRN2022,BARLEYJPRN2022,,BARLEYJPR,20220720
BARLEYJPRQ2022,BARLEYJPRQ2022,,BARLEYJPR,20220819
BARLEYJPRU2022,BARLEYJPRU2022,,BARLEYJPR,20220920
BARLEYJPRV2022,BARLEYJPRV2022,,BARLEYJPR,20221020
BARLEYJPRX2022,BARLEYJPRX2022,,BARLEYJPR,20221118
BARLEYJPRZ2022,BARLEYJPRZ2022,,BARLEYJPR,20221220
BARLEYJPRF2023,BARLEYJPRF2023,,BARLEYJPR,20230120
BARLEYJPRJ2023,BARLEYJPRJ2023,,BARLEYJPR,20230420
BARLEYJPRK2023,BARLEYJPRK2023,,BARLEYJPR,20230519
CASTORG2017,CASTORG2017,,CASTOR,20170220
CASTORH2017,CASTORH2017,,CASTOR,20170320
CASTORJ2017,CASTORJ2017,,CASTOR,20170420
CASTORK2017,CASTORK2017,,CASTOR,20170519
CASTORM2017,CASTORM2017,,CASTOR,20170620
CASTORN2017,CASTORN2017,,CASTOR,20170720
CASTORQ2017,CASTORQ2017,,CASTOR,20170818
CASTORU2017,CASTORU2017,,CASTOR,20170920
CASTORV2017,CASTORV2017,,CASTOR,20171020
CASTORX2017,CASTORX2017,,CASTOR,20171120
CASTORZ2017,CASTORZ2017,,CASTOR,20171220
CASTORF2018,CASTORF2018,,CASTOR,20180119
CASTORG2018,CASTORG2018,,CASTOR,20180220
CASTORH2018,CASTORH2018,,CASTOR,20180320
CASTORJ2018,CASTORJ2018,,CASTOR,20180420
CASTORK2018,CASTORK2018,,CASTOR,20180518
CASTORM2018,CASTORM2018,,CASTOR,20180620
CASTORN2018,CASTORN2018,,CASTOR,20180720
CASTORQ2018,CASTORQ2018,,CASTOR,20180820
CASTORU2018,CASTORU2018,,CASTOR,20180920
CASTORV2018,CASTORV2018,,CASTOR,20181019
CASTORX2018,CASTORX2018,,CASTOR,20181120
CASTORZ2018,CASTORZ2018,,CASTOR,20181220
CASTORF2019,CASTORF2019,,CASTOR,20190118
CASTORG2019,CASTORG2019,,CASTOR,20190220
CASTORH2019,CASTORH2019,,CASTOR,20190320
CASTORJ2019,CASTORJ2019,,CASTOR,20190419
CASTORK2019,CASTORK2019,,CASTOR,20190520
CASTORM2019,CASTORM2019,,CASTOR,20190620
CASTORN2019,CASTORN2019,,CASTOR,20190719
CASTORQ2019,CASTORQ2019,,CASTOR,20190820
CASTORU2019,CASTORU2019,,CASTOR,20190920
CASTORV2019,CASTORV2019,,CASTOR,20191018
CASTORX2019,CASTORX2019,,CASTOR,20191120
CASTORZ2019,CASTORZ2019,,CASTOR,20191220
CASTORF2020,CASTORF2020,,CASTOR,20200120
CASTORG2020,CASTORG2020,,CASTOR,20200220
CASTORH2020,CASTORH2020,,CASTOR,20200320
CASTORJ2020,CASTORJ2020,,CASTOR,20200420
CASTORK2020,CASTORK2020,,CASTOR,20200520
CASTORM2020,CASTORM2020,,CASTOR,20200619
CASTORN2020,CASTORN2020,,CASTOR,20200720
CASTORQ2020,CASTORQ2020,,CASTOR,20200820
CASTORU2020,CASTORU2020,,CASTOR,20200918
CASTORV2020,CASTORV2020,,CASTOR,20201020
CASTORX2020,CASTORX2020,,CASTOR,20201120
CASTORZ2020,CASTORZ2020,,CASTOR,20201218
CASTORF2021,CASTORF2021,,CASTOR,20210120
CASTORG2021,CASTORG2021,,CASTOR,20210219
CASTORH2021,CASTORH2021,,CASTOR,20210319
CASTORJ2021,CASTORJ2021,,CASTOR,20210420
CASTORK2021,CASTORK2021,,CASTOR,20210520
CASTORM2021,CASTORM2021,,CASTOR,20210618
CASTORN2021,CASTORN2021,,CASTOR,20210720
CASTORQ2021,CASTORQ2021,,CASTOR,20210820
CASTORU2021,CASTORU2021,,CASTOR,20210917
CASTORV2021,CASTORV2021,,CASTOR,20211018
CASTORX2021,CASTORX2021,,CASTOR,20211117
CASTORZ2021,CASTORZ2021,,CASTOR,20211220
CASTORF2022,CASTORF2022,,CASTOR,20220120
CASTORG2022,CASTORG2022,,CASTOR,20220218
CASTORH2022,CASTORH2022,,CASTOR,20220316
CASTORJ2022,CASTORJ2022,,CASTOR,20220420
CASTORK2022,CASTORK2022,,CASTOR,20220520
CASTORM2022,CASTORM2022,,CASTOR,20220620
CASTORN2022,CASTORN2022,,CASTOR,20220720
CASTORQ2022,CASTORQ2022,,CASTOR,20220818
CASTORU2022,CASTORU2022,,CASTOR,20220920
CASTORV2022,CASTORV2022,,CASTOR,20221020
CASTORX2022,CASTORX2022,,CASTOR,20221118
CASTORZ2022,CASTORZ2022,,CASTOR,20221220
CASTORF2023,CASTORF2023,,CASTOR,20230120
CASTORG2023,CASTORG2023,,CASTOR,20230220
CASTORH2023,CASTORH2023,,CASTOR,20230320
CASTOROILX2022,CASTOROILX2022,,CASTOROIL,20221118
CASTOROILZ2022,CASTOROILZ2022,,CASTOROIL,20221220
CASTOROILF2023,CASTOROILF2023,,CASTOROIL,20230120
CASTOROILG2023,CASTOROILG2023,,CASTOROIL,20230220
CASTOROILH2023,CASTOROILH2023,,CASTOROIL,20230320
COCUDAKLN2010,COCUDAKLN2010,,COCUDAKL,20100720
COCUDAKLQ2010,COCUDAKLQ2010,,COCUDAKL,20100820
COCUDAKLU2010,COCUDAKLU2010,,COCUDAKL,20100920
COCUDAKLZ2010,COCUDAKLZ2010,,COCUDAKL,20101220
COCUDAKLF2011,COCUDAKLF2011,,COCUDAKL,20110120
COCUDAKLG2011,COCUDAKLG2011,,COCUDAKL,20110218
COCUDAKLH2011,COCUDAKLH2011,,COCUDAKL,20110318
COCUDAKLJ2011,COCUDAKLJ2011,,COCUDAKL,20110420
COCUDAKLK2011,COCUDAKLK2011,,COCUDAKL,20110520
COCUDAKLM2011,COCUDAKLM2011,,COCUDAKL,20110620
COCUDAKLN2011,COCUDAKLN2011,,COCUDAKL,20110720
COCUDAKLQ2011,COCUDAKLQ2011,,COCUDAKL,20110819
COCUDAKLU2011,COCUDAKLU2011,,COCUDAKL,20110920
COCUDAKLZ2011,COCUDAKLZ2011,,COCUDAKL,20111220
COCUDAKLF2012,COCUDAKLF2012,,COCUDAKL,20120120
COCUDAKLG2012,COCUDAKLG2012,,COCUDAKL,20120220
COCUDAKLH2012,COCUDAKLH2012,,COCUDAKL,20120320
COCUDAKLJ2012,COCUDAKLJ2012,,COCUDAKL,20120420
COCUDAKLK2012,COCUDAKLK2012,,COCUDAKL,20120518
COCUDAKLM2012,COCUDAKLM2012,,COCUDAKL,20120620
COCUDAKLN2012,COCUDAKLN2012,,COCUDAKL,20120720
COCUDAKLQ2012,COCUDAKLQ2012,,COCUDAKL,20120820
COCUDAKLU2012,COCUDAKLU2012,,COCUDAKL,20120920
COCUDAKLZ2012,COCUDAKLZ2012,,COCUDAKL,20121220
COCUDAKLF2013,COCUDAKLF2013,,COCUDAKL,20130118
COCUDAKLG2013,COCUDAKLG2013,,COCUDAKL,20130220
COCUDAKLH2013,COCUDAKLH2013,,COCUDAKL,20130320
COCUDAKLJ2013,COCUDAKLJ2013,,COCUDAKL,20130419
COCUDAKLK2013,COCUDAKLK2013,,COCUDAKL,20130520
COCUDAKLM2013,COCUDAKLM2013,,COCUDAKL,20130620
COCUDAKLN2013,COCUDAKLN2013,,COCUDAKL,20130719
COCUDAKLQ2013,COCUDAKLQ2013,,COCUDAKL,20130820
COCUDAKLU2013,COCUDAKLU2013,,COCUDAKL,20130920
COCUDAKLZ2013,COCUDAKLZ2013,,COCUDAKL,20131220
COCUDAKLF2014,COCUDAKLF2014,,COCUDAKL,20140120
COCUDAKLG2014,COCUDAKLG2014,,COCUDAKL,20140220
COCUDAKLH2014,COCUDAKLH2014,,COCUDAKL,20140320
COCUDAKLJ2014,COCUDAKLJ2014,,COCUDAKL,20140418
COCUDAKLK2014,COCUDAKLK2014,,COCUDAKL,20140520
COCUDAKLM2014,COCUDAKLM2014,,COCUDAKL,20140620
COCUDAKLN2014,COCUDAKLN2014,,COCUDAKL,20140718
COCUDAKLQ2014,COCUDAKLQ2014,,COCUDAKL,20140820
COCUDAKLU2014,COCUDAKLU2014,,COCUDAKL,20140919
COCUDAKLZ2014,COCUDAKLZ2014,,COCUDAKL,20141219
COCUDAKLF2015,COCUDAKLF2015,,COCUDAKL,20150120
COCUDAKLG2015,COCUDAKLG2015,,COCUDAKL,20150220
COCUDAKLH2015,COCUDAKLH2015,,COCUDAKL,20150320
COCUDAKLJ2015,COCUDAKLJ2015,,COCUDAKL,20150420
COCUDAKLK2015,COCUDAKLK2015,,COCUDAKL,20150520
COCUDAKLM2015,COCUDAKLM2015,,COCUDAKL,20150619
COCUDAKLN2015,COCUDAKLN2015,,COCUDAKL,20150720
COCUDAKLQ2015,COCUDAKLQ2015,,COCUDAKL,20150820
COCUDAKLU2015,COCUDAKLU2015,,COCUDAKL,20150918
COCUDAKLZ2015,COCUDAKLZ2015,,COCUDAKL,20151218
COCUDAKLF2016,COCUDAKLF2016,,COCUDAKL,20160120
COCUDAKLG2016,COCUDAKLG2016,,COCUDAKL,20160219
COCUDAKLH2016,COCUDAKLH2016,,COCUDAKL,20160318
COCUDAKLJ2016,COCUDAKLJ2016,,COCUDAKL,20160420
COCUDAKLK2016,COCUDAKLK2016,,COCUDAKL,20160520
COCUDAKLM2016,COCUDAKLM2016,,COCUDAKL,20160620
COCUDAKLN2016,COCUDAKLN2016,,COCUDAKL,20160720
COCUDAKLQ2016,COCUDAKLQ2016,,COCUDAKL,20160819
COCUDAKLU2016,COCUDAKLU2016,,COCUDAKL,20160920
COCUDAKLZ2016,COCUDAKLZ2016,,COCUDAKL,20161220
COCUDAKLF2017,COCUDAKLF2017,,COCUDAKL,20170120
COCUDAKLG2017,COCUDAKLG2017,,COCUDAKL,20170220
COCUDAKLH2017,COCUDAKLH2017,,COCUDAKL,20170320
COCUDAKLJ2017,COCUDAKLJ2017,,COCUDAKL,20170420
COCUDAKLK2017,COCUDAKLK2017,,COCUDAKL,20170519
COCUDAKLM2017,COCUDAKLM2017,,COCUDAKL,20170620
COCUDAKLN2017,COCUDAKLN2017,,COCUDAKL,20170720
COCUDAKLQ2017,COCUDAKLQ2017,,COCUDAKL,20170818
COCUDAKLU2017,COCUDAKLU2017,,COCUDAKL,20170920
COCUDAKLZ2017,COCUDAKLZ2017,,COCUDAKL,20171220
COCUDAKLF2018,COCUDAKLF2018,,COCUDAKL,20180119
COCUDAKLG2018,COCUDAKLG2018,,COCUDAKL,20180220
COCUDAKLH2018,COCUDAKLH2018,,COCUDAKL,20180320
COCUDAKLJ2018,COCUDAKLJ2018,,COCUDAKL,20180420
COCUDAKLK2018,COCUDAKLK2018,,COCUDAKL,20180518
COCUDAKLM2018,COCUDAKLM2018,,COCUDAKL,20180620
COCUDAKLN2018,COCUDAKLN2018,,COCUDAKL,20180720
COCUDAKLQ2018,COCUDAKLQ2018,,COCUDAKL,20180820
COCUDAKLU2018,COCUDAKLU2018,,COCUDAKL,20180920
COCUDAKLZ2018,COCUDAKLZ2018,,COCUDAKL,20181220
COCUDAKLF2019,COCUDAKLF2019,,COCUDAKL,20190118
COCUDAKLG2019,COCUDAKLG2019,,COCUDAKL,20190220
COCUDAKLH2019,COCUDAKLH2019,,COCUDAKL,20190320
COCUDAKLJ2019,COCUDAKLJ2019,,COCUDAKL,20190419
COCUDAKLK2019,COCUDAKLK2019,,COCUDAKL,20190520
COCUDAKLM2019,COCUDAKLM2019,,COCUDAKL,20190620
COCUDAKLN2019,COCUDAKLN2019,,COCUDAKL,20190719
COCUDAKLQ2019,COCUDAKLQ2019,,COCUDAKL,20190820
COCUDAKLU2019,COCUDAKLU2019,,COCUDAKL,20190920
COCUDAKLZ2019,COCUDAKLZ2019,,COCUDAKL,20191220
COCUDAKLF2020,COCUDAKLF2020,,COCUDAKL,20200120
COCUDAKLG2020,COCUDAKLG2020,,COCUDAKL,20200220
COCUDAKLH2020,COCUDAKLH2020,,COCUDAKL,20200320
COCUDAKLJ2020,COCUDAKLJ2020,,COCUDAKL,20200420
COCUDAKLK2020,COCUDAKLK2020,,COCUDAKL,20200520
COCUDAKLM2020,COCUDAKLM2020,,COCUDAKL,20200619
COCUDAKLN2020,COCUDAKLN2020,,COCUDAKL,20200720
COCUDAKLQ2020,COCUDAKLQ2020,,COCUDAKL,20200820
COCUDAKLU2020,COCUDAKLU2020,,COCUDAKL,20200918
COCUDAKLZ2020,COCUDAKLZ2020,,COCUDAKL,20201218
COCUDAKLF2021,COCUDAKLF2021,,COCUDAKL,20210120
COCUDAKLG2021,COCUDAKLG2021,,COCUDAKL,20210219
COCUDAKLH2021,COCUDAKLH2021,,COCUDAKL,20210319
COCUDAKLJ2021,COCUDAKLJ2021,,COCUDAKL,20210420
COCUDAKLK2021,COCUDAKLK2021,,COCUDAKL,20210520
COCUDAKLM2021,COCUDAKLM2021,,COCUDAKL,20210618
COCUDAKLN2021,COCUDAKLN2021,,COCUDAKL,20210720
COCUDAKLQ2021,COCUDAKLQ2021,,COCUDAKL,20210820
COCUDAKLU2021,COCUDAKLU2021,,COCUDAKL,20210920
COCUDAKLZ2021,COCUDAKLZ2021,,COCUDAKL,20211220
COCUDAKLF2022,COCUDAKLF2022,,COCUDAKL,20220120
COCUDAKLG2022,COCUDAKLG2022,,COCUDAKL,20220218
COCUDAKLH2022,COCUDAKLH2022,,COCUDAKL,20220317
COCUDAKLJ2022,COCUDAKLJ2022,,COCUDAKL,20220420
COCUDAKLK2022,COCUDAKLK2022,,COCUDAKL,20220520
COCUDAKLM2022,COCUDAKLM2022,,COCUDAKL,20220620
COCUDAKLN2022,COCUDAKLN2022,,COCUDAKL,20220720
COCUDAKLQ2022,COCUDAKLQ2022,,COCUDAKL,20220819
COCUDAKLU2022,COCUDAKLU2022,,COCUDAKL,20220920
COCUDAKLZ2022,COCUDAKLZ2022,,COCUDAKL,20221220
COCUDAKLF2023,COCUDAKLF2023,,COCUDAKL,20230120
COCUDAKLG2023,COCUDAKLG2023,,COCUDAKL,20230220
COCUDAKLH2023,COCUDAKLH2023,,COCUDAKL,20230320
COFFEEG2023,COFFEEG2023,,COFFEE,20230220
COFFEEH2023,COFFEEH2023,,COFFEE,20230320
COFFEEJ2023,COFFEEJ2023,,COFFEE,20230420
COTTONV2013,COTTONV2013,,COTTON,20131018
COTTONX2013,COTTONX2013,,COTTON,20131120
COTTONZ2013,COTTONZ2013,,COTTON,20131220
COTTONV2014,COTTONV2014,,COTTON,20141020
COTTONX2014,COTTONX2014,,COTTON,20141120
COTTONZ2014,COTTONZ2014,,COTTON,20141219
COTTONF2015,COTTONF2015,,COTTON,20150120
COTTONG2015,COTTONG2015,,COTTON,20150220
COTTONH2015,COTTONH2015,,COTTON,20150320
COTTONJ2015,COTTONJ2015,,COTTON,20150420
COTTONK2015,COTTONK2015,,COTTON,20150520
COTTONM2015,COTTONM2015,,COTTON,20150619
COTTONN2015,COTTONN2015,,COTTON,20150720
COTTONV2015,COTTONV2015,,COTTON,20151020
COTTONX2015,COTTONX2015,,COTTON,20151120
COTTONZ2015,COTTONZ2015,,COTTON,20151218
COTTONF2016,COTTONF2016,,COTTON,20160120
COTTONG2016,COTTONG2016,,COTTON,20160219
COTTONH2016,COTTONH2016,,COTTON,20160318
COTTONJ2016,COTTONJ2016,,COTTON,20160420
COTTONK2016,COTTONK2016,,COTTON,20160520
COTTONM2016,COTTONM2016,,COTTON,20160620
COTTONN2016,COTTONN2016,,COTTON,20160720
COTTONV2016,COTTONV2016,,COTTON,20161020
COTTONX2016,COTTONX2016,,COTTON,20161118
COTTONZ2016,COTTONZ2016,,COTTON,20161220
COTTONF2017,COTTONF2017,,COTTON,20170120
COTTONG2017,COTTONG2017,,COTTON,20170220
COTTONH2017,COTTONH2017,,COTTON,20170320
COTTONJ2017,COTTONJ2017,,COTTON,20170420
COTTONK2017,COTTONK2017,,COTTON,20170519
COTTONM2017,COTTONM2017,,COTTON,20170620
COTTONN2017,COTTONN2017,,COTTON,20170720
COTTONV2017,COTTONV2017,,COTTON,20171020
COTTONX2017,COTTONX2017,,COTTON,20171120
COTTONZ2017,COTTONZ2017,,COTTON,20171220
COTTONF2018,COTTONF2018,,COTTON,20180119
COTTONG2018,COTTONG2018,,COTTON,20180220
COTTONH2018,COTTONH2018,,COTTON,20180320
COTTONJ2018,COTTONJ2018,,COTTON,20180420
COTTONK2018,COTTONK2018,,COTTON,20180518
COTTONM2018,COTTONM2018,,COTTON,20180620
COTTONN2018,COTTONN2018,,COTTON,20180720
COTTONV2018,COTTONV2018,,COTTON,20181019
COTTONX2018,COTTONX2018,,COTTON,20181120
COTTONZ2018,COTTONZ2018,,COTTON,20181220
COTTONF2019,COTTONF2019,,COTTON,20190118
COTTONG2019,COTTONG2019,,COTTON,20190220
COTTONH2019,COTTONH2019,,COTTON,20190320
COTTONJ2019,COTTONJ2019,,COTTON,20190419
COTTONK2019,COTTONK2019,,COTTON,20190520
COTTONM2019,COTTONM2019,,COTTON,20190620
COTTONN2019,COTTONN2019,,COTTON,20190719
COTTONV2019,COTTONV2019,,COTTON,20191018
COTTONX2019,COTTONX2019,,COTTON,20191120
COTTONZ2019,COTTONZ2019,,COTTON,20191220
COTTONF2020,COTTONF2020,,COTTON,20200120
COTTONG2020,COTTONG2020,,COTTON,20200220
COTTONH2020,COTTONH2020,,COTTON,20200320
COTTONJ2020,COTTONJ2020,,COTTON,20200420
COTTONK2020,COTTONK2020,,COTTON,20200520
COTTONM2020,COTTONM2020,,COTTON,20200619
COTTONN2020,COTTONN2020,,COTTON,20200720
COTTONV2020,COTTONV2020,,COTTON,20201020
COTTONX2020,COTTONX2020,,COTTON,20201120
COTTONZ2020,COTTONZ2020,,COTTON,20201218
COTTONF2021,COTTONF2021,,COTTON,20210120
COTTONG2021,COTTONG2021,,COTTON,20210219
COTTONH2021,COTTONH2021,,COTTON,20210319
COTTONJ2021,COTTONJ2021,,COTTON,20210420
COTTONK2021,COTTONK2021,,COTTON,20210520
COTTONM2021,COTTONM2021,,COTTON,20210618
COTTONN2021,COTTONN2021,,COTTON,20210720
COTTONV2021,COTTONV2021,,COTTON,20211020
COTTONX2021,COTTONX2021,,COTTON,20211118
COTTONZ2021,COTTONZ2021,,COTTON,20211220
COTTONF2022,COTTONF2022,,COTTON,20220120
COTTONG2022,COTTONG2022,,COTTON,20220218
COTTONH2022,COTTONH2022,,COTTON,20220317
COTTONJ2022,COTTONJ2022,,COTTON,20220420
COTTONK2022,COTTONK2022,,COTTON,20220520
COTTONM2022,COTTONM2022,,COTTON,20220620
COTTONN2022,COTTONN2022,,COTTON,20220720
COTTONV2022,COTTONV2022,,COTTON,20221020
COTTONX2022,COTTONX2022,,COTTON,20221118
COTTONZ2022,COTTONZ2022,,COTTON,20221220
COTTONF2023,COTTONF2023,,COTTON,20230120
COTTONG2023,COTTONG2023,,COTTON,20230220
COTTONH2023,COTTONH2023,,COTTON,20230320
COTTONJ2023,COTTONJ2023,,COTTON,20230420
COTTONK2023,COTTONK2023,,COTTON,20230519
COTTONX2023,COTTONX2023,,COTTON,20231120
DHANIYAX2009,DHANIYAX2009,,DHANIYA,20091130
DHANIYAZ2009,DHANIYAZ2009,,DHANIYA,20091231
DHANIYAF2010,DHANIYAF2010,,DHANIYA,20100129
DHANIYAG2010,DHANIYAG2010,,DHANIYA,20100226
DHANIYAH2010,DHANIYAH2010,,DHANIYA,20100331
DHANIYAJ2010,DHANIYAJ2010,,DHANIYA,20100430
DHANIYAK2010,DHANIYAK2010,,DHANIYA,20100531
DHANIYAM2010,DHANIYAM2010,,DHANIYA,20100618
DHANIYAN2010,DHANIYAN2010,,DHANIYA,20100720
DHANIYAQ2010,DHANIYAQ2010,,DHANIYA,20100820
DHANIYAU2010,DHANIYAU2010,,DHANIYA,20100920
DHANIYAV2010,DHANIYAV2010,,DHANIYA,20101020
DHANIYAX2010,DHANIYAX2010,,DHANIYA,20101119
DHANIYAZ2010,DHANIYAZ2010,,DHANIYA,20101220
DHANIYAF2011,DHANIYAF2011,,DHANIYA,20110120
DHANIYAG2011,DHANIYAG2011,,DHANIYA,20110218
DHANIYAH2011,DHANIYAH2011,,DHANIYA,20110318
DHANIYAJ2011,DHANIYAJ2011,,DHANIYA,20110420
DHANIYAK2011,DHANIYAK2011,,DHANIYA,20110520
DHANIYAM2011,DHANIYAM2011,,DHANIYA,20110620
DHANIYAN2011,DHANIYAN2011,,DHANIYA,20110720
DHANIYAQ2011,DHANIYAQ2011,,DHANIYA,20110819
DHANIYAU2011,DHANIYAU2011,,DHANIYA,20110920
DHANIYAV2011,DHANIYAV2011,,DHANIYA,20111020
DHANIYAX2011,DHANIYAX2011,,DHANIYA,20111118
DHANIYAZ2011,DHANIYAZ2011,,DHANIYA,20111220
DHANIYAF2012,DHANIYAF2012,,DHANIYA,20120120
DHANIYAG2012,DHANIYAG2012,,DHANIYA,20120220
DHANIYAH2012,DHANIYAH2012,,DHANIYA,20120320
DHANIYAJ2012,DHANIYAJ2012,,DHANIYA,20120420
DHANIYAK2012,DHANIYAK2012,,DHANIYA,20120518
DHANIYAM2012,DHANIYAM2012,,DHANIYA,20120620
DHANIYAN2012,DHANIYAN2012,,DHANIYA,20120720
DHANIYAQ2012,DHANIYAQ2012,,DHANIYA,20120820
DHANIYAU2012,DHANIYAU2012,,DHANIYA,20120920
DHANIYAV2012,DHANIYAV2012,,DHANIYA,20121019
DHANIYAX2012,DHANIYAX2012,,DHANIYA,20121120
DHANIYAZ2012,DHANIYAZ2012,,DHANIYA,20121220
DHANIYAF2013,DHANIYAF2013,,DHANIYA,20130118
DHANIYAJ2013,DHANIYAJ2013,,DHANIYA,20130419
DHANIYAK2013,DHANIYAK2013,,DHANIYA,20130520
DHANIYAM2013,DHANIYAM2013,,DHANIYA,20130620
DHANIYAN2013,DHANIYAN2013,,DHANIYA,20130719
DHANIYAQ2013,DHANIYAQ2013,,DHANIYA,20130820
DHANIYAU2013,DHANIYAU2013,,DHANIYA,20130920
DHANIYAV2013,DHANIYAV2013,,DHANIYA,20131018
DHANIYAX2013,DHANIYAX2013,,DHANIYA,20131120
DHANIYAZ2013,DHANIYAZ2013,,DHANIYA,20131220
DHANIYAF2014,DHANIYAF2014,,DHANIYA,20140120
DHANIYAG2014,DHANIYAG2014,,DHANIYA,20140220
DHANIYAJ2014,DHANIYAJ2014,,DHANIYA,20140418
DHANIYAK2014,DHANIYAK2014,,DHANIYA,20140520
DHANIYAM2014,DHANIYAM2014,,DHANIYA,20140620
DHANIYAN2014,DHANIYAN2014,,DHANIYA,20140718
DHANIYAQ2014,DHANIYAQ2014,,DHANIYA,20140820
DHANIYAU2014,DHANIYAU2014,,DHANIYA,20140919
DHANIYAV2014,DHANIYAV2014,,DHANIYA,20141020
DHANIYAX2014,DHANIYAX2014,,DHANIYA,20141120
DHANIYAZ2014,DHANIYAZ2014,,DHANIYA,20141219
DHANIYAF2015,DHANIYAF2015,,DHANIYA,20150120
DHANIYAJ2015,DHANIYAJ2015,,DHANIYA,20150420
DHANIYAK2015,DHANIYAK2015,,DHANIYA,20150520
DHANIYAM2015,DHANIYAM2015,,DHANIYA,20150619
DHANIYAN2015,DHANIYAN2015,,DHANIYA,20150720
DHANIYAQ2015,DHANIYAQ2015,,DHANIYA,20150820
DHANIYAU2015,DHANIYAU2015,,DHANIYA,20150918
DHANIYAV2015,DHANIYAV2015,,DHANIYA,20151020
DHANIYAX2015,DHANIYAX2015,,DHANIYA,20151120
DHANIYAZ2015,DHANIYAZ2015,,DHANIYA,20151218
DHANIYAF2016,DHANIYAF2016,,DHANIYA,20160120
DHANIYAJ2016,DHANIYAJ2016,,DHANIYA,20160420
DHANIYAK2016,DHANIYAK2016,,DHANIYA,20160520
DHANIYAM2016,DHANIYAM2016,,DHANIYA,20160620
DHANIYAN2016,DHANIYAN2016,,DHANIYA,20160720
DHANIYAQ2016,DHANIYAQ2016,,DHANIYA,20160819
DHANIYAU2016,DHANIYAU2016,,DHANIYA,20160920
DHANIYAV2016,DHANIYAV2016,,DHANIYA,20161020
DHANIYAX2016,DHANIYAX2016,,DHANIYA,20161118
DHANIYAZ2016,DHANIYAZ2016,,DHANIYA,20161220
DHANIYAF2017,DHANIYAF2017,,DHANIYA,20170120
DHANIYAJ2017,DHANIYAJ2017,,DHANIYA,20170420
DHANIYAK2017,DHANIYAK2017,,DHANIYA,20170519
DHANIYAM2017,DHANIYAM2017,,DHANIYA,20170620
DHANIYAN2017,DHANIYAN2017,,DHANIYA,20170720
DHANIYAQ2017,DHANIYAQ2017,,DHANIYA,20170818
DHANIYAU2017,DHANIYAU2017,,DHANIYA,20170920
DHANIYAV2017,DHANIYAV2017,,DHANIYA,20171020
DHANIYAX2017,DHANIYAX2017,,DHANIYA,20171120
DHANIYAZ2017,DHANIYAZ2017,,DHANIYA,20171220
DHANIYAF2018,DHANIYAF2018,,DHANIYA,20180119
DHANIYAJ2018,DHANIYAJ2018,,DHANIYA,20180420
DHANIYAK2018,DHANIYAK2018,,DHANIYA,20180518
DHANIYAM2018,DHANIYAM2018,,DHANIYA,20180620
DHANIYAN2018,DHANIYAN2018,,DHANIYA,20180720
DHANIYAQ2018,DHANIYAQ2018,,DHANIYA,20180820
DHANIYAU2018,DHANIYAU2018,,DHANIYA,20180920
DHANIYAV2018,DHANIYAV2018,,DHANIYA,20181019
DHANIYAX2018,DHANIYAX2018,,DHANIYA,20181120
DHANIYAZ2018,DHANIYAZ2018,,DHANIYA,20181220
DHANIYAF2019,DHANIYAF2019,,DHANIYA,20190118
DHANIYAJ2019,DHANIYAJ2019,,DHANIYA,20190419
DHANIYAK2019,DHANIYAK2019,,DHANIYA,20190520
DHANIYAM2019,DHANIYAM2019,,DHANIYA,20190620
DHANIYAN2019,DHANIYAN2019,,DHANIYA,20190719
DHANIYAQ2019,DHANIYAQ2019,,DHANIYA,20190820
DHANIYAU2019,DHANIYAU2019,,DHANIYA,20190920
DHANIYAV2019,DHANIYAV2019,,DHANIYA,20191018
DHANIYAX2019,DHANIYAX2019,,DHANIYA,20191120
DHANIYAZ2019,DHANIYAZ2019,,DHANIYA,20191220
DHANIYAF2020,DHANIYAF2020,,DHANIYA,20200120
DHANIYAJ2020,DHANIYAJ2020,,DHANIYA,20200420
DHANIYAK2020,DHANIYAK2020,,DHANIYA,20200520
DHANIYAM2020,DHANIYAM2020,,DHANIYA,20200619
DHANIYAN2020,DHANIYAN2020,,DHANIYA,20200720
DHANIYAQ2020,DHANIYAQ2020,,DHANIYA,20200820
DHANIYAU2020,DHANIYAU2020,,DHANIYA,20200918
DHANIYAV2020,DHANIYAV2020,,DHANIYA,20201020
DHANIYAX2020,DHANIYAX2020,,DHANIYA,20201120
DHANIYAZ2020,DHANIYAZ2020,,DHANIYA,20201218
DHANIYAF2021,DHANIYAF2021,,DHANIYA,20210120
DHANIYAJ2021,DHANIYAJ2021,,DHANIYA,20210420
DHANIYAK2021,DHANIYAK2021,,DHANIYA,20210520
DHANIYAM2021,DHANIYAM2021,,DHANIYA,20210618
DHANIYAN2021,DHANIYAN2021,,DHANIYA,20210720
DHANIYAQ2021,DHANIYAQ2021,,DHANIYA,20210820
DHANIYAU2021,DHANIYAU2021,,DHANIYA,20210920
DHANIYAV2021,DHANIYAV2021,,DHANIYA,20211020
DHANIYAX2021,DHANIYAX2021,,DHANIYA,20211118
DHANIYAZ2021,DHANIYAZ2021,,DHANIYA,20211220
DHANIYAF2022,DHANIYAF2022,,DHANIYA,20220120
DHANIYAJ2022,DHANIYAJ2022,,DHANIYA,20220420
DHANIYAK2022,DHANIYAK2022,,DHANIYA,20220520
DHANIYAM2022,DHANIYAM2022,,DHANIYA,20220620
DHANIYAN2022,DHANIYAN2022,,DHANIYA,20220720
DHANIYAQ2022,DHANIYAQ2022,,DHANIYA,20220816
DHANIYAU2022,DHANIYAU2022,,DHANIYA,20220920
DHANIYAV2022,DHANIYAV2022,,DHANIYA,20221020
DHANIYAX2022,DHANIYAX2022,,DHANIYA,20221118
DHANIYAZ2022,DHANIYAZ2022,,DHANIYA,20221220
DHANIYAF2023,DHANIYAF2023,,DHANIYA,20230120
DHANIYAJ2023,DHANIYAJ2023,,DHANIYA,20230420
GUAREXX2021,GUAREXX2021,,GUAREX,20211130
GUAREXZ2021,GUAREXZ2021,,GUAREX,20211231
GUAREXF2022,GUAREXF2022,,GUAREX,20220131
GUAREXG2022,GUAREXG2022,,GUAREX,20220228
GUAREXH2022,GUAREXH2022,,GUAREX,20220331
GUAREXJ2022,GUAREXJ2022,,GUAREX,20220429
GUAREXK2022,GUAREXK2022,,GUAREX,20220531
GUAREXM2022,GUAREXM2022,,GUAREX,20220630
GUAREXN2022,GUAREXN2022,,GUAREX,20220729
GUAREXQ2022,GUAREXQ2022,,GUAREX,20220830
GUAREXU2022,GUAREXU2022,,GUAREX,20220930
GUAREXV2022,GUAREXV2022,,GUAREX,20221031
GUAREXX2022,GUAREXX2022,,GUAREX,20221130
GUAREXZ2022,GUAREXZ2022,,GUAREX,20221230
GUAREXF2023,GUAREXF2023,,GUAREX,20230131
GUARGUM5M2017,GUARGUM5M2017,,GUARGUM5,20170620
GUARGUM5N2017,GUARGUM5N2017,,GUARGUM5,20170720
GUARGUM5V2017,GUARGUM5V2017,,GUARGUM5,20171020
GUARGUM5X2017,GUARGUM5X2017,,GUARGUM5,20171120
GUARGUM5Z2017,GUARGUM5Z2017,,GUARGUM5,20171220
GUARGUM5F2018,GUARGUM5F2018,,GUARGUM5,20180119
GUARGUM5G2018,GUARGUM5G2018,,GUARGUM5,20180220
GUARGUM5H2018,GUARGUM5H2018,,GUARGUM5,20180320
GUARGUM5J2018,GUARGUM5J2018,,GUARGUM5,20180420
GUARGUM5K2018,GUARGUM5K2018,,GUARGUM5,20180518
GUARGUM5M2018,GUARGUM5M2018,,GUARGUM5,20180620
GUARGUM5N2018,GUARGUM5N2018,,GUARGUM5,20180720
GUARGUM5V2018,GUARGUM5V2018,,GUARGUM5,20181019
GUARGUM5X2018,GUARGUM5X2018,,GUARGUM5,20181120
GUARGUM5Z2018,GUARGUM5Z2018,,GUARGUM5,20181220
GUARGUM5F2019,GUARGUM5F2019,,GUARGUM5,20190118
GUARGUM5G2019,GUARGUM5G2019,,GUARGUM5,20190220
GUARGUM5H2019,GUARGUM5H2019,,GUARGUM5,20190320
GUARGUM5J2019,GUARGUM5J2019,,GUARGUM5,20190419
GUARGUM5K2019,GUARGUM5K2019,,GUARGUM5,20190520
GUARGUM5M2019,GUARGUM5M2019,,GUARGUM5,20190620
GUARGUM5N2019,GUARGUM5N2019,,GUARGUM5,20190719
GUARGUM5Q2019,GUARGUM5Q2019,,GUARGUM5,20190820
GUARGUM5U2019,GUARGUM5U2019,,GUARGUM5,20190920
GUARGUM5V2019,GUARGUM5V2019,,GUARGUM5,20191018
GUARGUM5X2019,GUARGUM5X2019,,GUARGUM5,20191120
GUARGUM5Z2019,GUARGUM5Z2019,,GUARGUM5,20191220
GUARGUM5F2020,GUARGUM5F2020,,GUARGUM5,20200120
GUARGUM5G2020,GUARGUM5G2020,,GUARGUM5,20200220
GUARGUM5H2020,GUARGUM5H2020,,GUARGUM5,20200320
GUARGUM5J2020,GUARGUM5J2020,,GUARGUM5,20200420
GUARGUM5K2020,GUARGUM5K2020,,GUARGUM5,20200520
GUARGUM5M2020,GUARGUM5M2020,,GUARGUM5,20200619
GUARGUM5N2020,GUARGUM5N2020,,GUARGUM5,20200720
GUARGUM5Q2020,GUARGUM5Q2020,,GUARGUM5,20200820
GUARGUM5U2020,GUARGUM5U2020,,GUARGUM5,20200918
GUARGUM5V2020,GUARGUM5V2020,,GUARGUM5,20201020
GUARGUM5X2020,GUARGUM5X2020,,GUARGUM5,20201120
GUARGUM5Z2020,GUARGUM5Z2020,,GUARGUM5,20201218
GUARGUM5F2021,GUARGUM5F2021,,GUARGUM5,20210120
GUARGUM5G2021,GUARGUM5G2021,,GUARGUM5,20210219
GUARGUM5H2021,GUARGUM5H2021,,GUARGUM5,20210319
GUARGUM5J2021,GUARGUM5J2021,,GUARGUM5,20210420
GUARGUM5K2021,GUARGUM5K2021,,GUARGUM5,20210520
GUARGUM5M2021,GUARGUM5M2021,,GUARGUM5,20210618
GUARGUM5N2021,GUARGUM5N2021,,GUARGUM5,20210720
GUARGUM5Q2021,GUARGUM5Q2021,,GUARGUM5,20210820
GUARGUM5U2021,GUARGUM5U2021,,GUARGUM5,20210920
GUARGUM5V2021,GUARGUM5V2021,,GUARGUM5,20211020
GUARGUM5X2021,GUARGUM5X2021,,GUARGUM5,20211118
GUARGUM5Z2021,GUARGUM5Z2021,,GUARGUM5,20211220
GUARGUM5F2022,GUARGUM5F2022,,GUARGUM5,20220120
GUARGUM5G2022,GUARGUM5G2022,,GUARGUM5,20220218
GUARGUM5H2022,GUARGUM5H2022,,GUARGUM5,20220317
GUARGUM5J2022,GUARGUM5J2022,,GUARGUM5,20220420
GUARGUM5K2022,GUARGUM5K2022,,GUARGUM5,20220520
GUARGUM5M2022,GUARGUM5M2022,,GUARGUM5,20220620
GUARGUM5N2022,GUARGUM5N2022,,GUARGUM5,20220720
GUARGUM5Q2022,GUARGUM5Q2022,,GUARGUM5,20220818
GUARGUM5U2022,GUARGUM5U2022,,GUARGUM5,20220920
GUARGUM5V2022,GUARGUM5V2022,,GUARGUM5,20221020
GUARGUM5X2022,GUARGUM5X2022,,GUARGUM5,20221118
GUARGUM5Z2022,GUARGUM5Z2022,,GUARGUM5,20221220
GUARGUM5F2023,GUARGUM5F2023,,GUARGUM5,20230120
GUARGUM5G2023,GUARGUM5G2023,,GUARGUM5,20230220
GUARGUM5H2023,GUARGUM5H2023,,GUARGUM5,20230320
GUARGUM5J2023,GUARGUM5J2023,,GUARGUM5,20230420
GUARGUM5K2023,GUARGUM5K2023,,GUARGUM5,20230519
GUARSEED10Z2013,GUARSEED10Z2013,,GUARSEED10,20131220
GUARSEED10F2014,GUARSEED10F2014,,GUARSEED10,20140120
GUARSEED10G2014,GUARSEED10G2014,,GUARSEED10,20140220
GUARSEED10H2014,GUARSEED10H2014,,GUARSEED10,20140320
GUARSEED10J2014,GUARSEED10J2014,,GUARSEED10,20140418
GUARSEED10K2014,GUARSEED10K2014,,GUARSEED10,20140520
GUARSEED10M2014,GUARSEED10M2014,,GUARSEED10,20140620
GUARSEED10N2014,GUARSEED10N2014,,GUARSEED10,20140718
GUARSEED10Q2014,GUARSEED10Q2014,,GUARSEED10,20140820
GUARSEED10V2014,GUARSEED10V2014,,GUARSEED10,20141020
GUARSEED10X2014,GUARSEED10X2014,,GUARSEED10,20141120
GUARSEED10Z2014,GUARSEED10Z2014,,GUARSEED10,20141219
GUARSEED10F2015,GUARSEED10F2015,,GUARSEED10,20150120
GUARSEED10G2015,GUARSEED10G2015,,GUARSEED10,20150220
GUARSEED10H2015,GUARSEED10H2015,,GUARSEED10,20150320
GUARSEED10J2015,GUARSEED10J2015,,GUARSEED10,20150420
GUARSEED10K2015,GUARSEED10K2015,,GUARSEED10,20150520
GUARSEED10M2015,GUARSEED10M2015,,GUARSEED10,20150619
GUARSEED10N2015,GUARSEED10N2015,,GUARSEED10,20150720
GUARSEED10V2015,GUARSEED10V2015,,GUARSEED10,20151020
GUARSEED10X2015,GUARSEED10X2015,,GUARSEED10,20151120
GUARSEED10Z2015,GUARSEED10Z2015,,GUARSEED10,20151218
GUARSEED10F2016,GUARSEED10F2016,,GUARSEED10,20160120
GUARSEED10G2016,GUARSEED10G2016,,GUARSEED10,20160219
GUARSEED10H2016,GUARSEED10H2016,,GUARSEED10,20160318
GUARSEED10J2016,GUARSEED10J2016,,GUARSEED10,20160420
GUARSEED10K2016,GUARSEED10K2016,,GUARSEED10,20160520
GUARSEED10M2016,GUARSEED10M2016,,GUARSEED10,20160620
GUARSEED10N2016,GUARSEED10N2016,,GUARSEED10,20160720
GUARSEED10V2016,GUARSEED10V2016,,GUARSEED10,20161020
GUARSEED10X2016,GUARSEED10X2016,,GUARSEED10,20161118
GUARSEED10Z2016,GUARSEED10Z2016,,GUARSEED10,20161220
GUARSEED10F2017,GUARSEED10F2017,,GUARSEED10,20170120
GUARSEED10G2017,GUARSEED10G2017,,GUARSEED10,20170220
GUARSEED10H2017,GUARSEED10H2017,,GUARSEED10,20170320
GUARSEED10J2017,GUARSEED10J2017,,GUARSEED10,20170420
GUARSEED10K2017,GUARSEED10K2017,,GUARSEED10,20170519
GUARSEED10M2017,GUARSEED10M2017,,GUARSEED10,20170620
GUARSEED10N2017,GUARSEED10N2017,,GUARSEED10,20170720
GUARSEED10V2017,GUARSEED10V2017,,GUARSEED10,20171020
GUARSEED10X2017,GUARSEED10X2017,,GUARSEED10,20171120
GUARSEED10Z2017,GUARSEED10Z2017,,GUARSEED10,20171220
GUARSEED10F2018,GUARSEED10F2018,,GUARSEED10,20180119
GUARSEED10G2018,GUARSEED10G2018,,GUARSEED10,20180220
GUARSEED10H2018,GUARSEED10H2018,,GUARSEED10,20180320
GUARSEED10J2018,GUARSEED10J2018,,GUARSEED10,20180420
GUARSEED10K2018,GUARSEED10K2018,,GUARSEED10,20180518
GUARSEED10M2018,GUARSEED10M2018,,GUARSEED10,20180620
GUARSEED10N2018,GUARSEED10N2018,,GUARSEED10,20180720
GUARSEED10V2018,GUARSEED10V2018,,GUARSEED10,20181019
GUARSEED10X2018,GUARSEED10X2018,,GUARSEED10,20181120
GUARSEED10Z2018,GUARSEED10Z2018,,GUARSEED10,20181220
GUARSEED10F2019,GUARSEED10F2019,,GUARSEED10,20190118
GUARSEED10G2019,GUARSEED10G2019,,GUARSEED10,20190220
GUARSEED10H2019,GUARSEED10H2019,,GUARSEED10,20190320
GUARSEED10J2019,GUARSEED10J2019,,GUARSEED10,20190419
GUARSEED10K2019,GUARSEED10K2019,,GUARSEED10,20190520
GUARSEED10M2019,GUARSEED10M2019,,GUARSEED10,20190620
GUARSEED10N2019,GUARSEED10N2019,,GUARSEED10,20190719
GUARSEED10Q2019,GUARSEED10Q2019,,GUARSEED10,20190820
GUARSEED10U2019,GUARSEED10U2019,,GUARSEED10,20190920
GUARSEED10V2019,GUARSEED10V2019,,GUARSEED10,20191018
GUARSEED10X2019,GUARSEED10X2019,,GUARSEED10,20191120
GUARSEED10Z2019,GUARSEED10Z2019,,GUARSEED10,20191220
GUARSEED10F2020,GUARSEED10F2020,,GUARSEED10,20200120
GUARSEED10G2020,GUARSEED10G2020,,GUARSEED10,20200220
GUARSEED10H2020,GUARSEED10H2020,,GUARSEED10,20200320
GUARSEED10J2020,GUARSEED10J2020,,GUARSEED10,20200420
GUARSEED10K2020,GUARSEED10K2020,,GUARSEED10,20200520
GUARSEED10M2020,GUARSEED10M2020,,GUARSEED10,20200619
GUARSEED10N2020,GUARSEED10N2020,,GUARSEED10,20200720
GUARSEED10Q2020,GUARSEED10Q2020,,GUARSEED10,20200820
GUARSEED10U2020,GUARSEED10U2020,,GUARSEED10,20200918
GUARSEED10V2020,GUARSEED10V2020,,GUARSEED10,20201020
GUARSEED10X2020,GUARSEED10X2020,,GUARSEED10,20201120
GUARSEED10Z2020,GUARSEED10Z2020,,GUARSEED10,20201218
GUARSEED10F2021,GUARSEED10F2021,,GUARSEED10,20210120
GUARSEED10G2021,GUARSEED10G2021,,GUARSEED10,20210219
GUARSEED10H2021,GUARSEED10H2021,,GUARSEED10,20210319
GUARSEED10J2021,GUARSEED10J2021,,GUARSEED10,20210420
GUARSEED10K2021,GUARSEED10K2021,,GUARSEED10,20210520
GUARSEED10M2021,GUARSEED10M2021,,GUARSEED10,20210618
GUARSEED10N2021,GUARSEED10N2021,,GUARSEED10,20210720
GUARSEED10Q2021,GUARSEED10Q2021,,GUARSEED10,20210820
GUARSEED10U2021,GUARSEED10U2021,,GUARSEED10,20210920
GUARSEED10V2021,GUARSEED10V2021,,GUARSEED10,20211020
GUARSEED10X2021,GUARSEED10X2021,,GUARSEED10,20211118
GUARSEED10Z2021,GUARSEED10Z2021,,GUARSEED10,20211220
GUARSEED10F2022,GUARSEED10F2022,,GUARSEED10,20220120
GUARSEED10G2022,GUARSEED10G2022,,GUARSEED10,20220218
GUARSEED10H2022,GUARSEED10H2022,,GUARSEED10,20220317
GUARSEED10J2022,GUARSEED10J2022,,GUARSEED10,20220420
GUARSEED10K2022,GUARSEED10K2022,,GUARSEED10,20220520
GUARSEED10M2022,GUARSEED10M2022,,GUARSEED10,20220620
GUARSEED10N2022,GUARSEED10N2022,,GUARSEED10,20220720
GUARSEED10Q2022,GUARSEED10Q2022,,GUARSEED10,20220818
GUARSEED10U2022,GUARSEED10U2022,,GUARSEED10,20220920
GUARSEED10V2022,GUARSEED10V2022,,GUARSEED10,20221020
GUARSEED10X2022,GUARSEED10X2022,,GUARSEED10,20221118
GUARSEED10Z2022,GUARSEED10Z2022,,GUARSEED10,20221220
GUARSEED10F2023,GUARSEED10F2023,,GUARSEED10,20230120
GUARSEED10G2023,GUARSEED10G2023,,GUARSEED10,20230220
GUARSEED10H2023,GUARSEED10H2023,,GUARSEED10,20230320
GUARSEED10J2023,GUARSEED10J2023,,GUARSEED10,20230420
GUARSEED10K2023,GUARSEED10K2023,,GUARSEED10,20230519
GURH2021,GURH2021,,GUR,20210319
GURJ2021,GURJ2021,,GUR,20210420
GURM2021,GURM2021,,GUR,20210618
GURN2021,GURN2021,,GUR,20210720
GURQ2021,GURQ2021,,GUR,20210820
GURU2021,GURU2021,,GUR,20210920
GURX2021,GURX2021,,GUR,20211118
GURZ2021,GURZ2021,,GUR,20211220
GURF2022,GURF2022,,GUR,20220120
GURG2022,GURG2022,,GUR,20220218
GURH2022,GURH2022,,GUR,20220317
GURJ2022,GURJ2022,,GUR,20220420
GURM2022,GURM2022,,GUR,20220620
GURN2022,GURN2022,,GUR,20220720
GURQ2022,GURQ2022,,GUR,20220819
GURU2022,GURU2022,,GUR,20220920
GURX2022,GURX2022,,GUR,20221118
GURZ2022,GURZ2022,,GUR,20221220
GURF2023,GURF2023,,GUR,20230120
GURG2023,GURG2023,,GUR,20230220
GURH2023,GURH2023,,GUR,20230320
GURJ2023,GURJ2023,,GUR,20230420
JEERAUNJHAX2009,JEERAUNJHAX2009,,JEERAUNJHA,20091122
JEERAUNJHAZ2009,JEERAUNJHAZ2009,,JEERAUNJHA,20091220
JEERAUNJHAF2010,JEERAUNJHAF2010,,JEERAUNJHA,20100122
JEERAUNJHAG2010,JEERAUNJHAG2010,,JEERAUNJHA,20100226
JEERAUNJHAH2010,JEERAUNJHAH2010,,JEERAUNJHA,20100321
JEERAUNJHAJ2010,JEERAUNJHAJ2010,,JEERAUNJHA,20100422
JEERAUNJHAK2010,JEERAUNJHAK2010,,JEERAUNJHA,20100521
JEERAUNJHAM2010,JEERAUNJHAM2010,,JEERAUNJHA,20100619
JEERAUNJHAN2010,JEERAUNJHAN2010,,JEERAUNJHA,20100721
JEERAUNJHAQ2010,JEERAUNJHAQ2010,,JEERAUNJHA,20100820
JEERAUNJHAU2010,JEERAUNJHAU2010,,JEERAUNJHA,20100921
JEERAUNJHAV2010,JEERAUNJHAV2010,,JEERAUNJHA,20101021
JEERAUNJHAX2010,JEERAUNJHAX2010,,JEERAUNJHA,20101119
JEERAUNJHAZ2010,JEERAUNJHAZ2010,,JEERAUNJHA,20101220
JEERAUNJHAF2011,JEERAUNJHAF2011,,JEERAUNJHA,20110120
JEERAUNJHAG2011,JEERAUNJHAG2011,,JEERAUNJHA,20110218
JEERAUNJHAH2011,JEERAUNJHAH2011,,JEERAUNJHA,20110318
JEERAUNJHAJ2011,JEERAUNJHAJ2011,,JEERAUNJHA,20110420
JEERAUNJHAK2011,JEERAUNJHAK2011,,JEERAUNJHA,20110520
JEERAUNJHAM2011,JEERAUNJHAM2011,,JEERAUNJHA,20110620
JEERAUNJHAN2011,JEERAUNJHAN2011,,JEERAUNJHA,20110720
JEERAUNJHAQ2011,JEERAUNJHAQ2011,,JEERAUNJHA,20110819
JEERAUNJHAU2011,JEERAUNJHAU2011,,JEERAUNJHA,20110920
JEERAUNJHAV2011,JEERAUNJHAV2011,,JEERAUNJHA,20111020
JEERAUNJHAX2011,JEERAUNJHAX2011,,JEERAUNJHA,20111118
JEERAUNJHAZ2011,JEERAUNJHAZ2011,,JEERAUNJHA,20111220
JEERAUNJHAF2012,JEERAUNJHAF2012,,JEERAUNJHA,20120120
JEERAUNJHAG2012,JEERAUNJHAG2012,,JEERAUNJHA,20120220
JEERAUNJHAH2012,JEERAUNJHAH2012,,JEERAUNJHA,20120320
JEERAUNJHAJ2012,JEERAUNJHAJ2012,,JEERAUNJHA,20120420
JEERAUNJHAK2012,JEERAUNJHAK2012,,JEERAUNJHA,20120518
JEERAUNJHAM2012,JEERAUNJHAM2012,,JEERAUNJHA,20120620
JEERAUNJHAN2012,JEERAUNJHAN2012,,JEERAUNJHA,20120720
JEERAUNJHAQ2012,JEERAUNJHAQ2012,,JEERAUNJHA,20120820
JEERAUNJHAU2012,JEERAUNJHAU2012,,JEERAUNJHA,20120920
JEERAUNJHAV2012,JEERAUNJHAV2012,,JEERAUNJHA,20121019
JEERAUNJHAX2012,JEERAUNJHAX2012,,JEERAUNJHA,20121120
JEERAUNJHAZ2012,JEERAUNJHAZ2012,,JEERAUNJHA,20121220
JEERAUNJHAH2013,JEERAUNJHAH2013,,JEERAUNJHA,20130320
JEERAUNJHAJ2013,JEERAUNJHAJ2013,,JEERAUNJHA,20130419
JEERAUNJHAK2013,JEERAUNJHAK2013,,JEERAUNJHA,20130520
JEERAUNJHAM2013,JEERAUNJHAM2013,,JEERAUNJHA,20130620
JEERAUNJHAN2013,JEERAUNJHAN2013,,JEERAUNJHA,20130719
JEERAUNJHAQ2013,JEERAUNJHAQ2013,,JEERAUNJHA,20130820
JEERAUNJHAU2013,JEERAUNJHAU2013,,JEERAUNJHA,20130920
JEERAUNJHAV2013,JEERAUNJHAV2013,,JEERAUNJHA,20131018
JEERAUNJHAX2013,JEERAUNJHAX2013,,JEERAUNJHA,20131120
JEERAUNJHAZ2013,JEERAUNJHAZ2013,,JEERAUNJHA,20131220
JEERAUNJHAH2014,JEERAUNJHAH2014,,JEERAUNJHA,20140320
JEERAUNJHAJ2014,JEERAUNJHAJ2014,,JEERAUNJHA,20140418
JEERAUNJHAK2014,JEERAUNJHAK2014,,JEERAUNJHA,20140520
JEERAUNJHAM2014,JEERAUNJHAM2014,,JEERAUNJHA,20140620
JEERAUNJHAN2014,JEERAUNJHAN2014,,JEERAUNJHA,20140718
JEERAUNJHAQ2014,JEERAUNJHAQ2014,,JEERAUNJHA,20140820
JEERAUNJHAU2014,JEERAUNJHAU2014,,JEERAUNJHA,20140919
JEERAUNJHAV2014,JEERAUNJHAV2014,,JEERAUNJHA,20141020
JEERAUNJHAX2014,JEERAUNJHAX2014,,JEERAUNJHA,20141120
JEERAUNJHAZ2014,JEERAUNJHAZ2014,,JEERAUNJHA,20141219
JEERAUNJHAF2015,JEERAUNJHAF2015,,JEERAUNJHA,20150120
JEERAUNJHAG2015,JEERAUNJHAG2015,,JEERAUNJHA,20150220
JEERAUNJHAH2015,JEERAUNJHAH2015,,JEERAUNJHA,20150320
JEERAUNJHAJ2015,JEERAUNJHAJ2015,,JEERAUNJHA,20150420
JEERAUNJHAK2015,JEERAUNJHAK2015,,JEERAUNJHA,20150520
JEERAUNJHAM2015,JEERAUNJHAM2015,,JEERAUNJHA,20150619
JEERAUNJHAN2015,JEERAUNJHAN2015,,JEERAUNJHA,20150720
JEERAUNJHAQ2015,JEERAUNJHAQ2015,,JEERAUNJHA,20150820
JEERAUNJHAU2015,JEERAUNJHAU2015,,JEERAUNJHA,20150918
JEERAUNJHAV2015,JEERAUNJHAV2015,,JEERAUNJHA,20151020
JEERAUNJHAX2015,JEERAUNJHAX2015,,JEERAUNJHA,20151120
JEERAUNJHAZ2015,JEERAUNJHAZ2015,,JEERAUNJHA,20151218
JEERAUNJHAF2016,JEERAUNJHAF2016,,JEERAUNJHA,20160120
JEERAUNJHAH2016,JEERAUNJHAH2016,,JEERAUNJHA,20160318
JEERAUNJHAJ2016,JEERAUNJHAJ2016,,JEERAUNJHA,20160420
JEERAUNJHAK2016,JEERAUNJHAK2016,,JEERAUNJHA,20160520
JEERAUNJHAM2016,JEERAUNJHAM2016,,JEERAUNJHA,20160620
JEERAUNJHAN2016,JEERAUNJHAN2016,,JEERAUNJHA,20160720
JEERAUNJHAQ2016,JEERAUNJHAQ2016,,JEERAUNJHA,20160819
JEERAUNJHAU2016,JEERAUNJHAU2016,,JEERAUNJHA,20160920
JEERAUNJHAV2016,JEERAUNJHAV2016,,JEERAUNJHA,20161020
JEERAUNJHAX2016,JEERAUNJHAX2016,,JEERAUNJHA,20161118
JEERAUNJHAZ2016,JEERAUNJHAZ2016,,JEERAUNJHA,20161220
JEERAUNJHAF2017,JEERAUNJHAF2017,,JEERAUNJHA,20170120
JEERAUNJHAH2017,JEERAUNJHAH2017,,JEERAUNJHA,20170320
JEERAUNJHAJ2017,JEERAUNJHAJ2017,,JEERAUNJHA,20170420
JEERAUNJHAK2017,JEERAUNJHAK2017,,JEERAUNJHA,20170519
JEERAUNJHAM2017,JEERAUNJHAM2017,,JEERAUNJHA,20170620
JEERAUNJHAN2017,JEERAUNJHAN2017,,JEERAUNJHA,20170720
JEERAUNJHAQ2017,JEERAUNJHAQ2017,,JEERAUNJHA,20170818
JEERAUNJHAU2017,JEERAUNJHAU2017,,JEERAUNJHA,20170920
JEERAUNJHAV2017,JEERAUNJHAV2017,,JEERAUNJHA,20171020
JEERAUNJHAX2017,JEERAUNJHAX2017,,JEERAUNJHA,20171120
JEERAUNJHAZ2017,JEERAUNJHAZ2017,,JEERAUNJHA,20171220
JEERAUNJHAF2018,JEERAUNJHAF2018,,JEERAUNJHA,20180119
JEERAUNJHAH2018,JEERAUNJHAH2018,,JEERAUNJHA,20180320
JEERAUNJHAJ2018,JEERAUNJHAJ2018,,JEERAUNJHA,20180420
JEERAUNJHAK2018,JEERAUNJHAK2018,,JEERAUNJHA,20180518
JEERAUNJHAM2018,JEERAUNJHAM2018,,JEERAUNJHA,20180620
JEERAUNJHAN2018,JEERAUNJHAN2018,,JEERAUNJHA,20180720
JEERAUNJHAQ2018,JEERAUNJHAQ2018,,JEERAUNJHA,20180820
JEERAUNJHAU2018,JEERAUNJHAU2018,,JEERAUNJHA,20180920
JEERAUNJHAV2018,JEERAUNJHAV2018,,JEERAUNJHA,20181019
JEERAUNJHAX2018,JEERAUNJHAX2018,,JEERAUNJHA,20181120
JEERAUNJHAZ2018,JEERAUNJHAZ2018,,JEERAUNJHA,20181220
JEERAUNJHAF2019,JEERAUNJHAF2019,,JEERAUNJHA,20190118
JEERAUNJHAH2019,JEERAUNJHAH2019,,JEERAUNJHA,20190320
JEERAUNJHAJ2019,JEERAUNJHAJ2019,,JEERAUNJHA,20190419
JEERAUNJHAK2019,JEERAUNJHAK2019,,JEERAUNJHA,20190520
JEERAUNJHAM2019,JEERAUNJHAM2019,,JEERAUNJHA,20190620
JEERAUNJHAN2019,JEERAUNJHAN2019,,JEERAUNJHA,20190719
JEERAUNJHAQ2019,JEERAUNJHAQ2019,,JEERAUNJHA,20190820
JEERAUNJHAU2019,JEERAUNJHAU2019,,JEERAUNJHA,20190920
JEERAUNJHAV2019,JEERAUNJHAV2019,,JEERAUNJHA,20191018
JEERAUNJHAX2019,JEERAUNJHAX2019,,JEERAUNJHA,20191120
JEERAUNJHAZ2019,JEERAUNJHAZ2019,,JEERAUNJHA,20191220
JEERAUNJHAF2020,JEERAUNJHAF2020,,JEERAUNJHA,20200120
JEERAUNJHAH2020,JEERAUNJHAH2020,,JEERAUNJHA,20200320
JEERAUNJHAJ2020,JEERAUNJHAJ2020,,JEERAUNJHA,20200420
JEERAUNJHAK2020,JEERAUNJHAK2020,,JEERAUNJHA,20200520
JEERAUNJHAM2020,JEERAUNJHAM2020,,JEERAUNJHA,20200619
JEERAUNJHAN2020,JEERAUNJHAN2020,,JEERAUNJHA,20200720
JEERAUNJHAQ2020,JEERAUNJHAQ2020,,JEERAUNJHA,20200820
JEERAUNJHAU2020,JEERAUNJHAU2020,,JEERAUNJHA,20200918
JEERAUNJHAV2020,JEERAUNJHAV2020,,JEERAUNJHA,20201020
JEERAUNJHAX2020,JEERAUNJHAX2020,,JEERAUNJHA,20201120
JEERAUNJHAZ2020,JEERAUNJHAZ2020,,JEERAUNJHA,20201218
JEERAUNJHAF2021,JEERAUNJHAF2021,,JEERAUNJHA,20210120
JEERAUNJHAH2021,JEERAUNJHAH2021,,JEERAUNJHA,20210319
JEERAUNJHAJ2021,JEERAUNJHAJ2021,,JEERAUNJHA,20210420
JEERAUNJHAK2021,JEERAUNJHAK2021,,JEERAUNJHA,20210520
JEERAUNJHAM2021,JEERAUNJHAM2021,,JEERAUNJHA,20210618
JEERAUNJHAN2021,JEERAUNJHAN2021,,JEERAUNJHA,20210720
JEERAUNJHAQ2021,JEERAUNJHAQ2021,,JEERAUNJHA,20210820
JEERAUNJHAU2021,JEERAUNJHAU2021,,JEERAUNJHA,20210920
JEERAUNJHAV2021,JEERAUNJHAV2021,,JEERAUNJHA,20211020
JEERAUNJHAX2021,JEERAUNJHAX2021,,JEERAUNJHA,20211118
JEERAUNJHAZ2021,JEERAUNJHAZ2021,,JEERAUNJHA,20211220
JEERAUNJHAF2022,JEERAUNJHAF2022,,JEERAUNJHA,20220120
JEERAUNJHAH2022,JEERAUNJHAH2022,,JEERAUNJHA,20220317
JEERAUNJHAJ2022,JEERAUNJHAJ2022,,JEERAUNJHA,20220420
JEERAUNJHAK2022,JEERAUNJHAK2022,,JEERAUNJHA,20220520
JEERAUNJHAM2022,JEERAUNJHAM2022,,JEERAUNJHA,20220620
JEERAUNJHAN2022,JEERAUNJHAN2022,,JEERAUNJHA,20220720
JEERAUNJHAQ2022,JEERAUNJHAQ2022,,JEERAUNJHA,20220818
JEERAUNJHAU2022,JEERAUNJHAU2022,,JEERAUNJHA,20220920
JEERAUNJHAV2022,JEERAUNJHAV2022,,JEERAUNJHA,20221020
JEERAUNJHAX2022,JEERAUNJHAX2022,,JEERAUNJHA,20221118
JEERAUNJHAZ2022,JEERAUNJHAZ2022,,JEERAUNJHA,20221220
JEERAUNJHAF2023,JEERAUNJHAF2023,,JEERAUNJHA,20230120
JEERAUNJHAH2023,JEERAUNJHAH2023,,JEERAUNJHA,20230320
KAPASG2020,KAPASG2020,,KAPAS,20200228
KAPASJ2020,KAPASJ2020,,KAPAS,20200430
KAPASX2020,KAPASX2020,,KAPAS,20201127
KAPASG2021,KAPASG2021,,KAPAS,20210226
KAPASJ2021,KAPASJ2021,,KAPAS,20210430
KAPASX2021,KAPASX2021,,KAPAS,20211130
KAPASG2022,KAPASG2022,,KAPAS,20220228
KAPASJ2022,KAPASJ2022,,KAPAS,20220429
KAPASX2022,KAPASX2022,,KAPAS,20221130
KAPASG2023,KAPASG2023,,KAPAS,20230228
KAPASJ2023,KAPASJ2023,,KAPAS,20230428
KAPASX2023,KAPASX2023,,KAPAS,20231130
MAIZEG2011,MAIZEG2011,,MAIZE,20110218
MAIZEH2011,MAIZEH2011,,MAIZE,20110318
MAIZEJ2011,MAIZEJ2011,,MAIZE,20110420
MAIZEK2011,MAIZEK2011,,MAIZE,20110520
MAIZEM2011,MAIZEM2011,,MAIZE,20110620
MAIZEN2011,MAIZEN2011,,MAIZE,20110720
MAIZEQ2011,MAIZEQ2011,,MAIZE,20110819
MAIZEU2011,MAIZEU2011,,MAIZE,20110920
MAIZEV2011,MAIZEV2011,,MAIZE,20111020
MAIZEX2011,MAIZEX2011,,MAIZE,20111118
MAIZEZ2011,MAIZEZ2011,,MAIZE,20111220
MAIZEF2012,MAIZEF2012,,MAIZE,20120120
MAIZEG2012,MAIZEG2012,,MAIZE,20120220
MAIZEH2012,MAIZEH2012,,MAIZE,20120320
MAIZEJ2012,MAIZEJ2012,,MAIZE,20120420
MAIZEK2012,MAIZEK2012,,MAIZE,20120518
MAIZEM2012,MAIZEM2012,,MAIZE,20120620
MAIZEN2012,MAIZEN2012,,MAIZE,20120720
MAIZEQ2012,MAIZEQ2012,,MAIZE,20120820
MAIZEU2012,MAIZEU2012,,MAIZE,20120920
MAIZEV2012,MAIZEV2012,,MAIZE,20121019
MAIZEX2012,MAIZEX2012,,MAIZE,20121120
MAIZEZ2012,MAIZEZ2012,,MAIZE,20121220
MAIZEF2013,MAIZEF2013,,MAIZE,20130118
MAIZEG2013,MAIZEG2013,,MAIZE,20130220
MAIZEH2013,MAIZEH2013,,MAIZE,20130320
MAIZEJ2013,MAIZEJ2013,,MAIZE,20130419
MAIZEJ2020,MAIZEJ2020,,MAIZE,20200420
MAIZEK2020,MAIZEK2020,,MAIZE,20200520
MAIZEM2020,MAIZEM2020,,MAIZE,20200619
MAIZEN2020,MAIZEN2020,,MAIZE,20200720
MAIZEQ2020,MAIZEQ2020,,MAIZE,20200820
MAIZEU2020,MAIZEU2020,,MAIZE,20200918
MAIZEV2020,MAIZEV2020,,MAIZE,20201020
MAIZEX2020,MAIZEX2020,,MAIZE,20201120
MAIZEZ2020,MAIZEZ2020,,MAIZE,20201218
MAIZEF2021,MAIZEF2021,,MAIZE,20210120
MAIZEG2021,MAIZEG2021,,MAIZE,20210219
MAIZEH2021,MAIZEH2021,,MAIZE,20210319
MAIZEJ2021,MAIZEJ2021,,MAIZE,20210420
MAIZEK2021,MAIZEK2021,,MAIZE,20210520
MAIZEM2021,MAIZEM2021,,MAIZE,20210618
MAIZEN2021,MAIZEN2021,,MAIZE,20210720
MAIZEQ2021,MAIZEQ2021,,MAIZE,20210820
MAIZEU2021,MAIZEU2021,,MAIZE,20210920
MAIZEV2021,MAIZEV2021,,MAIZE,20211020
MAIZEX2021,MAIZEX2021,,MAIZE,20211118
MAIZEZ2021,MAIZEZ2021,,MAIZE,20211220
MAIZEF2022,MAIZEF2022,,MAIZE,20220120
MAIZEG2022,MAIZEG2022,,MAIZE,20220218
MAIZEH2022,MAIZEH2022,,MAIZE,20220317
MAIZEJ2022,MAIZEJ2022,,MAIZE,20220420
MAIZEK2022,MAIZEK2022,,MAIZE,20220520
MAIZEM2022,MAIZEM2022,,MAIZE,20220620
MAIZEN2022,MAIZEN2022,,MAIZE,20220720
MAIZEQ2022,MAIZEQ2022,,MAIZE,20220818
MAIZEU2022,MAIZEU2022,,MAIZE,20220920
MAIZEV2022,MAIZEV2022,,MAIZE,20221020
MAIZEX2022,MAIZEX2022,,MAIZE,20221118
MAIZEZ2022,MAIZEZ2022,,MAIZE,20221220
MAIZEF2023,MAIZEF2023,,MAIZE,20230120
MAIZEG2023,MAIZEG2023,,MAIZE,20230220
MAIZEH2023,MAIZEH2023,,MAIZE,20230320
PADYPB1121Z2019,PADYPB1121Z2019,,PADYPB1121,20191220
PADYPB1121F2020,PADYPB1121F2020,,PADYPB1121,20200120
PADYPB1121G2020,PADYPB1121G2020,,PADYPB1121,20200220
PADYPB1121H2020,PADYPB1121H2020,,PADYPB1121,20200320
PADYPB1121J2020,PADYPB1121J2020,,PADYPB1121,20200420
PADYPB1121K2020,PADYPB1121K2020,,PADYPB1121,20200520
PADYPB1121M2020,PADYPB1121M2020,,PADYPB1121,20200619
PADYPB1121N2020,PADYPB1121N2020,,PADYPB1121,20200720
PADYPB1121Q2020,PADYPB1121Q2020,,PADYPB1121,20200820
PADYPB1121U2020,PADYPB1121U2020,,PADYPB1121,20200918
PADYPB1121V2020,PADYPB1121V2020,,PADYPB1121,20201020
PADYPB1121X2020,PADYPB1121X2020,,PADYPB1121,20201120
PADYPB1121Z2020,PADYPB1121Z2020,,PADYPB1121,20201218
PADYPB1121F2021,PADYPB1121F2021,,PADYPB1121,20210120
PADYPB1121G2021,PADYPB1121G2021,,PADYPB1121,20210219
PADYPB1121H2021,PADYPB1121H2021,,PADYPB1121,20210319
PADYPB1121J2021,PADYPB1121J2021,,PADYPB1121,20210420
PADYPB1121K2021,PADYPB1121K2021,,PADYPB1121,20210520
PADYPB1121M2021,PADYPB1121M2021,,PADYPB1121,20210618
PADYPB1121N2021,PADYPB1121N2021,,PADYPB1121,20210720
PADYPB1121Q2021,PADYPB1121Q2021,,PADYPB1121,20210820
PADYPB1121U2021,PADYPB1121U2021,,PADYPB1121,20210920
PADYPB1121V2021,PADYPB1121V2021,,PADYPB1121,20211020
PADYPB1121X2021,PADYPB1121X2021,,PADYPB1121,20211118
PADYPB1121Z2021,PADYPB1121Z2021,,PADYPB1121,20211220
PADYPB1121F2022,PADYPB1121F2022,,PADYPB1121,20220120
PADYPB1121G2022,PADYPB1121G2022,,PADYPB1121,20220218
PADYPB1121H2022,PADYPB1121H2022,,PADYPB1121,20220317
PADYPB1121J2022,PADYPB1121J2022,,PADYPB1121,20220420
PADYPB1121K2022,PADYPB1121K2022,,PADYPB1121,20220520
PADYPB1121M2022,PADYPB1121M2022,,PADYPB1121,20220620
PADYPB1121N2022,PADYPB1121N2022,,PADYPB1121,20220720
PADYPB1121Q2022,PADYPB1121Q2022,,PADYPB1121,20220818
PADYPB1121U2022,PADYPB1121U2022,,PADYPB1121,20220920
PADYPB1121V2022,PADYPB1121V2022,,PADYPB1121,20221020
PADYPB1121X2022,PADYPB1121X2022,,PADYPB1121,20221118
PADYPB1121Z2022,PADYPB1121Z2022,,PADYPB1121,20221220
PADYPB1121F2023,PADYPB1121F2023,,PADYPB1121,20230120
PADYPB1121G2023,PADYPB1121G2023,,PADYPB1121,20230217
PADYPB1121H2023,PADYPB1121H2023,,PADYPB1121,20230320
SESAMESEEDX2009,SESAMESEEDX2009,,SESAMESEED,20091130
SESAMESEEDZ2009,SESAMESEEDZ2009,,SESAMESEED,20091231
SESAMESEEDV2020,SESAMESEEDV2020,,SESAMESEED,20201020
SESAMESEEDX2020,SESAMESEEDX2020,,SESAMESEED,20201120
SESAMESEEDZ2020,SESAMESEEDZ2020,,SESAMESEED,20201218
SESAMESEEDF2021,SESAMESEEDF2021,,SESAMESEED,20210120
SESAMESEEDG2021,SESAMESEEDG2021,,SESAMESEED,20210219
SESAMESEEDH2021,SESAMESEEDH2021,,SESAMESEED,20210319
SESAMESEEDJ2021,SESAMESEEDJ2021,,SESAMESEED,20210420
SESAMESEEDK2021,SESAMESEEDK2021,,SESAMESEED,20210520
SESAMESEEDM2021,SESAMESEEDM2021,,SESAMESEED,20210618
SESAMESEEDN2021,SESAMESEEDN2021,,SESAMESEED,20210720
SESAMESEEDQ2021,SESAMESEEDQ2021,,SESAMESEED,20210820
SESAMESEEDV2021,SESAMESEEDV2021,,SESAMESEED,20211020
SESAMESEEDX2021,SESAMESEEDX2021,,SESAMESEED,20211118
SESAMESEEDZ2021,SESAMESEEDZ2021,,SESAMESEED,20211220
SESAMESEEDF2022,SESAMESEEDF2022,,SESAMESEED,20220120
SESAMESEEDG2022,SESAMESEEDG2022,,SESAMESEED,20220218
SESAMESEEDH2022,SESAMESEEDH2022,,SESAMESEED,20220317
SESAMESEEDJ2022,SESAMESEEDJ2022,,SESAMESEED,20220420
SESAMESEEDK2022,SESAMESEEDK2022,,SESAMESEED,20220520
SESAMESEEDM2022,SESAMESEEDM2022,,SESAMESEED,20220620
SESAMESEEDN2022,SESAMESEEDN2022,,SESAMESEED,20220720
SESAMESEEDQ2022,SESAMESEEDQ2022,,SESAMESEED,20220818
SESAMESEEDV2022,SESAMESEEDV2022,,SESAMESEED,20221020
SESAMESEEDX2022,SESAMESEEDX2022,,SESAMESEED,20221118
SESAMESEEDZ2022,SESAMESEEDZ2022,,SESAMESEED,20221220
SESAMESEEDF2023,SESAMESEEDF2023,,SESAMESEED,20230120
SESAMESEEDG2023,SESAMESEEDG2023,,SESAMESEED,20230220
STEELH2021,STEELH2021,,STEEL,20210319
STEELJ2021,STEELJ2021,,STEEL,20210420
STEELK2021,STEELK2021,,STEEL,20210520
STEELM2021,STEELM2021,,STEEL,20210618
STEELN2021,STEELN2021,,STEEL,20210720
STEELQ2021,STEELQ2021,,STEEL,20210820
STEELU2021,STEELU2021,,STEEL,20210920
STEELV2021,STEELV2021,,STEEL,20211020
STEELX2021,STEELX2021,,STEEL,20211118
STEELZ2021,STEELZ2021,,STEEL,20211220
STEELF2022,STEELF2022,,STEEL,20220120
STEELG2022,STEELG2022,,STEEL,20220218
STEELH2022,STEELH2022,,STEEL,20220317
STEELJ2022,STEELJ2022,,STEEL,20220420
STEELK2022,STEELK2022,,STEEL,20220520
STEELM2022,STEELM2022,,STEEL,20220620
STEELN2022,STEELN2022,,STEEL,20220720
STEELQ2022,STEELQ2022,,STEEL,20220819
STEELU2022,STEELU2022,,STEEL,20220920
STEELV2022,STEELV2022,,STEEL,20221020
STEELX2022,STEELX2022,,STEEL,20221118
STEELZ2022,STEELZ2022,,STEEL,20221220
STEELF2023,STEELF2023,,STEEL,20230120
STEELG2023,STEELG2023,,STEEL,20230220
TMCFGRNZMX2009,TMCFGRNZMX2009,,TMCFGRNZM,20091130
TMCFGRNZMZ2009,TMCFGRNZMZ2009,,TMCFGRNZM,20091231
TMCFGRNZMJ2010,TMCFGRNZMJ2010,,TMCFGRNZM,20100430
TMCFGRNZMK2010,TMCFGRNZMK2010,,TMCFGRNZM,20100531
TMCFGRNZMM2010,TMCFGRNZMM2010,,TMCFGRNZM,20100630
TMCFGRNZMN2010,TMCFGRNZMN2010,,TMCFGRNZM,20100730
TMCFGRNZMQ2010,TMCFGRNZMQ2010,,TMCFGRNZM,20100831
TMCFGRNZMU2010,TMCFGRNZMU2010,,TMCFGRNZM,20100930
TMCFGRNZMV2010,TMCFGRNZMV2010,,TMCFGRNZM,20101029
TMCFGRNZMX2010,TMCFGRNZMX2010,,TMCFGRNZM,20101119
TMCFGRNZMZ2010,TMCFGRNZMZ2010,,TMCFGRNZM,20101220
TMCFGRNZMJ2011,TMCFGRNZMJ2011,,TMCFGRNZM,20110420
TMCFGRNZMK2011,TMCFGRNZMK2011,,TMCFGRNZM,20110520
TMCFGRNZMM2011,TMCFGRNZMM2011,,TMCFGRNZM,20110620
TMCFGRNZMN2011,TMCFGRNZMN2011,,TMCFGRNZM,20110720
TMCFGRNZMQ2011,TMCFGRNZMQ2011,,TMCFGRNZM,20110819
TMCFGRNZMU2011,TMCFGRNZMU2011,,TMCFGRNZM,20110920
TMCFGRNZMV2011,TMCFGRNZMV2011,,TMCFGRNZM,20111020
TMCFGRNZMX2011,TMCFGRNZMX2011,,TMCFGRNZM,20111118
TMCFGRNZMZ2011,TMCFGRNZMZ2011,,TMCFGRNZM,20111220
TMCFGRNZMJ2012,TMCFGRNZMJ2012,,TMCFGRNZM,20120420
TMCFGRNZMK2012,TMCFGRNZMK2012,,TMCFGRNZM,20120518
TMCFGRNZMM2012,TMCFGRNZMM2012,,TMCFGRNZM,20120620
TMCFGRNZMN2012,TMCFGRNZMN2012,,TMCFGRNZM,20120720
TMCFGRNZMQ2012,TMCFGRNZMQ2012,,TMCFGRNZM,20120820
TMCFGRNZMU2012,TMCFGRNZMU2012,,TMCFGRNZM,20120920
TMCFGRNZMV2012,TMCFGRNZMV2012,,TMCFGRNZM,20121019
TMCFGRNZMX2012,TMCFGRNZMX2012,,TMCFGRNZM,20121120
TMCFGRNZMZ2012,TMCFGRNZMZ2012,,TMCFGRNZM,20121220
TMCFGRNZMJ2013,TMCFGRNZMJ2013,,TMCFGRNZM,20130419
TMCFGRNZMK2013,TMCFGRNZMK2013,,TMCFGRNZM,20130520
TMCFGRNZMM2013,TMCFGRNZMM2013,,TMCFGRNZM,20130620
TMCFGRNZMN2013,TMCFGRNZMN2013,,TMCFGRNZM,20130719
TMCFGRNZMQ2013,TMCFGRNZMQ2013,,TMCFGRNZM,20130820
TMCFGRNZMU2013,TMCFGRNZMU2013,,TMCFGRNZM,20130920
TMCFGRNZMV2013,TMCFGRNZMV2013,,TMCFGRNZM,20131018
TMCFGRNZMX2013,TMCFGRNZMX2013,,TMCFGRNZM,20131120
TMCFGRNZMZ2013,TMCFGRNZMZ2013,,TMCFGRNZM,20131220
TMCFGRNZMJ2014,TMCFGRNZMJ2014,,TMCFGRNZM,20140418
TMCFGRNZMK2014,TMCFGRNZMK2014,,TMCFGRNZM,20140520
TMCFGRNZMM2014,TMCFGRNZMM2014,,TMCFGRNZM,20140620
TMCFGRNZMN2014,TMCFGRNZMN2014,,TMCFGRNZM,20140718
TMCFGRNZMQ2014,TMCFGRNZMQ2014,,TMCFGRNZM,20140820
TMCFGRNZMU2014,TMCFGRNZMU2014,,TMCFGRNZM,20140919
TMCFGRNZMV2014,TMCFGRNZMV2014,,TMCFGRNZM,20141020
TMCFGRNZMX2014,TMCFGRNZMX2014,,TMCFGRNZM,20141120
TMCFGRNZMZ2014,TMCFGRNZMZ2014,,TMCFGRNZM,20141219
TMCFGRNZMJ2015,TMCFGRNZMJ2015,,TMCFGRNZM,20150420
TMCFGRNZMK2015,TMCFGRNZMK2015,,TMCFGRNZM,20150520
TMCFGRNZMM2015,TMCFGRNZMM2015,,TMCFGRNZM,20150619
TMCFGRNZMN2015,TMCFGRNZMN2015,,TMCFGRNZM,20150720
TMCFGRNZMQ2015,TMCFGRNZMQ2015,,TMCFGRNZM,20150820
TMCFGRNZMU2015,TMCFGRNZMU2015,,TMCFGRNZM,20150918
TMCFGRNZMV2015,TMCFGRNZMV2015,,TMCFGRNZM,20151020
TMCFGRNZMX2015,TMCFGRNZMX2015,,TMCFGRNZM,20151120
TMCFGRNZMZ2015,TMCFGRNZMZ2015,,TMCFGRNZM,20151218
TMCFGRNZMJ2016,TMCFGRNZMJ2016,,TMCFGRNZM,20160420
TMCFGRNZMK2016,TMCFGRNZMK2016,,TMCFGRNZM,20160520
TMCFGRNZMM2016,TMCFGRNZMM2016,,TMCFGRNZM,20160620
TMCFGRNZMN2016,TMCFGRNZMN2016,,TMCFGRNZM,20160720
TMCFGRNZMQ2016,TMCFGRNZMQ2016,,TMCFGRNZM,20160819
TMCFGRNZMU2016,TMCFGRNZMU2016,,TMCFGRNZM,20160920
TMCFGRNZMV2016,TMCFGRNZMV2016,,TMCFGRNZM,20161020
TMCFGRNZMX2016,TMCFGRNZMX2016,,TMCFGRNZM,20161118
TMCFGRNZMZ2016,TMCFGRNZMZ2016,,TMCFGRNZM,20161220
TMCFGRNZMJ2017,TMCFGRNZMJ2017,,TMCFGRNZM,20170420
TMCFGRNZMK2017,TMCFGRNZMK2017,,TMCFGRNZM,20170519
TMCFGRNZMM2017,TMCFGRNZMM2017,,TMCFGRNZM,20170620
TMCFGRNZMN2017,TMCFGRNZMN2017,,TMCFGRNZM,20170720
TMCFGRNZMQ2017,TMCFGRNZMQ2017,,TMCFGRNZM,20170818
TMCFGRNZMU2017,TMCFGRNZMU2017,,TMCFGRNZM,20170920
TMCFGRNZMV2017,TMCFGRNZMV2017,,TMCFGRNZM,20171020
TMCFGRNZMX2017,TMCFGRNZMX2017,,TMCFGRNZM,20171120
TMCFGRNZMZ2017,TMCFGRNZMZ2017,,TMCFGRNZM,20171220
TMCFGRNZMJ2018,TMCFGRNZMJ2018,,TMCFGRNZM,20180420
TMCFGRNZMK2018,TMCFGRNZMK2018,,TMCFGRNZM,20180518
TMCFGRNZMM2018,TMCFGRNZMM2018,,TMCFGRNZM,20180620
TMCFGRNZMN2018,TMCFGRNZMN2018,,TMCFGRNZM,20180720
TMCFGRNZMQ2018,TMCFGRNZMQ2018,,TMCFGRNZM,20180820
TMCFGRNZMU2018,TMCFGRNZMU2018,,TMCFGRNZM,20180920
TMCFGRNZMV2018,TMCFGRNZMV2018,,TMCFGRNZM,20181019
TMCFGRNZMX2018,TMCFGRNZMX2018,,TMCFGRNZM,20181120
TMCFGRNZMZ2018,TMCFGRNZMZ2018,,TMCFGRNZM,20181220
TMCFGRNZMJ2019,TMCFGRNZMJ2019,,TMCFGRNZM,20190419
TMCFGRNZMK2019,TMCFGRNZMK2019,,TMCFGRNZM,20190520
TMCFGRNZMM2019,TMCFGRNZMM2019,,TMCFGRNZM,20190620
TMCFGRNZMN2019,TMCFGRNZMN2019,,TMCFGRNZM,20190719
TMCFGRNZMQ2019,TMCFGRNZMQ2019,,TMCFGRNZM,20190820
TMCFGRNZMU2019,TMCFGRNZMU2019,,TMCFGRNZM,20190920
TMCFGRNZMV2019,TMCFGRNZMV2019,,TMCFGRNZM,20191018
TMCFGRNZMX2019,TMCFGRNZMX2019,,TMCFGRNZM,20191120
TMCFGRNZMZ2019,TMCFGRNZMZ2019,,TMCFGRNZM,20191220
TMCFGRNZMH2020,TMCFGRNZMH2020,,TMCFGRNZM,20200320
TMCFGRNZMJ2020,TMCFGRNZMJ2020,,TMCFGRNZM,20200420
TMCFGRNZMK2020,TMCFGRNZMK2020,,TMCFGRNZM,20200520
TMCFGRNZMM2020,TMCFGRNZMM2020,,TMCFGRNZM,20200619
TMCFGRNZMN2020,TMCFGRNZMN2020,,TMCFGRNZM,20200720
TMCFGRNZMQ2020,TMCFGRNZMQ2020,,TMCFGRNZM,20200820
TMCFGRNZMU2020,TMCFGRNZMU2020,,TMCFGRNZM,20200918
TMCFGRNZMV2020,TMCFGRNZMV2020,,TMCFGRNZM,20201020
TMCFGRNZMX2020,TMCFGRNZMX2020,,TMCFGRNZM,20201120
TMCFGRNZMZ2020,TMCFGRNZMZ2020,,TMCFGRNZM,20201218
TMCFGRNZMJ2021,TMCFGRNZMJ2021,,TMCFGRNZM,20210420
TMCFGRNZMK2021,TMCFGRNZMK2021,,TMCFGRNZM,20210520
TMCFGRNZMM2021,TMCFGRNZMM2021,,TMCFGRNZM,20210618
TMCFGRNZMN2021,TMCFGRNZMN2021,,TMCFGRNZM,20210720
TMCFGRNZMQ2021,TMCFGRNZMQ2021,,TMCFGRNZM,20210820
TMCFGRNZMU2021,TMCFGRNZMU2021,,TMCFGRNZM,20210920
TMCFGRNZMV2021,TMCFGRNZMV2021,,TMCFGRNZM,20211020
TMCFGRNZMX2021,TMCFGRNZMX2021,,TMCFGRNZM,20211118
TMCFGRNZMZ2021,TMCFGRNZMZ2021,,TMCFGRNZM,20211220
TMCFGRNZMJ2022,TMCFGRNZMJ2022,,TMCFGRNZM,20220420
TMCFGRNZMK2022,TMCFGRNZMK2022,,TMCFGRNZM,20220520
TMCFGRNZMM2022,TMCFGRNZMM2022,,TMCFGRNZM,20220620
TMCFGRNZMN2022,TMCFGRNZMN2022,,TMCFGRNZM,20220720
TMCFGRNZMQ2022,TMCFGRNZMQ2022,,TMCFGRNZM,20220817
TMCFGRNZMU2022,TMCFGRNZMU2022,,TMCFGRNZM,20220920
TMCFGRNZMV2022,TMCFGRNZMV2022,,TMCFGRNZM,20221020
TMCFGRNZMX2022,TMCFGRNZMX2022,,TMCFGRNZM,20221118
TMCFGRNZMZ2022,TMCFGRNZMZ2022,,TMCFGRNZM,20221220
TMCFGRNZMJ2023,TMCFGRNZMJ2023,,TMCFGRNZM,20230418
TMCFGRNZMK2023,TMCFGRNZMK2023,,TMCFGRNZM,20230518
