USOILF2023,CL F2023,F2:CL\F23,USOIL,20221220
USOILG2023,CL G2023,F2:CL\G23,USOIL,20230120
USOILH2023,CL H2023,F2:CL\H23,USOIL,20230221
USOILJ2023,CL J2023,F2:CL\J23,USOIL,20230321
USOILK2023,CL K2023,F2:CL\K23,USOIL,20230420
USOILM2023,CL M2023,F2:CL\M23,USOIL,20230522
USOILN2023,CL N2023,F2:CL\N23,USOIL,20230620
USOILQ2023,CL Q2023,F2:CL\Q23,USOIL,20230720
USOILU2023,CL U2023,F2:CL\U23,USOIL,20230822
USOILV2023,CL V2023,F2:CL\V23,USOIL,20230920
USOILX2023,CL X2023,F2:CL\X23,USOIL,20231020
USOILZ2023,CL Z2023,F2:CL\Z23,USOIL,20231120
USOILF2024,CL F2024,F2:CL\F24,USOIL,20231219
USOILG2024,CL G2024,F2:CL\G24,USOIL,20240122
USOILH2024,CL H2024,F2:CL\H24,USOIL,20240220
USOILJ2024,CL J2024,F2:CL\J24,USOIL,20240320
USOILK2024,CL K2024,F2:CL\K24,USOIL,20240422
USOILM2024,CL M2024,F2:CL\M24,USOIL,20240521
USOILN2024,CL N2024,F2:CL\N24,USOIL,20240620
USOILQ2024,CL Q2024,F2:CL\Q24,USOIL,20240722
USOILU2024,CL U2024,F2:CL\U24,USOIL,20240820
USOILV2024,CL V2024,F2:CL\V24,USOIL,20240920
USOILX2024,CL X2024,F2:CL\X24,USOIL,20241022
USOILZ2024,CL Z2024,F2:CL\Z24,USOIL,20241120
USOILF2025,CL F2025,F2:CL\F25,USOIL,20241219
USOILG2025,CL G2025,F2:CL\G25,USOIL,20250121
USOILH2025,CL H2025,F2:CL\H25,USOIL,20250220
USOILJ2025,CL J2025,F2:CL\J25,USOIL,20250320
USOILK2025,CL K2025,F2:CL\K25,USOIL,20250422
USOILM2025,CL M2025,F2:CL\M25,USOIL,20250520
USOILN2025,CL N2025,F2:CL\N25,USOIL,20250620
USOILQ2025,CL Q2025,F2:CL\Q25,USOIL,20250722
USOILU2025,CL U2025,F2:CL\U25,USOIL,20250820
USOILV2025,CL V2025,F2:CL\V25,USOIL,20250922
USOILX2025,CL X2025,F2:CL\X25,USOIL,20251021
USOILZ2025,CL Z2025,F2:CL\Z25,USOIL,20251120
USOILF2026,CL F2026,F2:CL\F26,USOIL,20251219
USOILG2026,CL G2026,F2:CL\G26,USOIL,20260120
USOILH2026,CL H2026,F2:CL\H26,USOIL,20260220
USOILJ2026,CL J2026,F2:CL\J26,USOIL,20260320
USOILK2026,CL K2026,F2:CL\K26,USOIL,20260421
USOILM2026,CL M2026,F2:CL\M26,USOIL,20260519
USOILN2026,CL N2026,F2:CL\N26,USOIL,20260622
USOILQ2026,CL Q2026,F2:CL\Q26,USOIL,20260721
USOILU2026,CL U2026,F2:CL\U26,USOIL,20260820
USOILV2026,CL V2026,F2:CL\V26,USOIL,20260922
USOILX2026,CL X2026,F2:CL\X26,USOIL,20261020
USOILZ2026,CL Z2026,F2:CL\Z26,USOIL,20261120
USOILF2027,CL F2027,F2:CL\F27,USOIL,20261221
USOILG2027,CL G2027,F2:CL\G27,USOIL,20270120
USOILH2027,CL H2027,F2:CL\H27,USOIL,20270222
USOILJ2027,CL J2027,F2:CL\J27,USOIL,20270322
USOILK2027,CL K2027,F2:CL\K27,USOIL,20270420
USOILM2027,CL M2027,F2:CL\M27,USOIL,20270520
USOILN2027,CL N2027,F2:CL\N27,USOIL,20270622
USOILQ2027,CL Q2027,F2:CL\Q27,USOIL,20270720
USOILU2027,CL U2027,F2:CL\U27,USOIL,20270820
USOILV2027,CL V2027,F2:CL\V27,USOIL,20270921
USOILX2027,CL X2027,F2:CL\X27,USOIL,20271020
USOILZ2027,CL Z2027,F2:CL\Z27,USOIL,20271119
USOILF2028,CL F2028,F2:CL\F28,USOIL,20271220
USOILG2028,CL G2028,F2:CL\G28,USOIL,20280120
USOILH2028,CL H2028,F2:CL\H28,USOIL,20280222
USOILJ2028,CL J2028,F2:CL\J28,USOIL,20280321
USOILK2028,CL K2028,F2:CL\K28,USOIL,20280420
USOILM2028,CL M2028,F2:CL\M28,USOIL,20280522
USOILN2028,CL N2028,F2:CL\N28,USOIL,20280620
USOILQ2028,CL Q2028,F2:CL\Q28,USOIL,20280720
USOILU2028,CL U2028,F2:CL\U28,USOIL,20280822
USOILV2028,CL V2028,F2:CL\V28,USOIL,20280920
USOILX2028,CL X2028,F2:CL\X28,USOIL,20281020
USOILZ2028,CL Z2028,F2:CL\Z28,USOIL,20281120
USOILF2029,CL F2029,F2:CL\F29,USOIL,20281219
USOILG2029,CL G2029,F2:CL\G29,USOIL,20290122
USOILH2029,CL H2029,F2:CL\H29,USOIL,20290220
USOILJ2029,CL J2029,F2:CL\J29,USOIL,20290320
USOILK2029,CL K2029,F2:CL\K29,USOIL,20290420
USOILM2029,CL M2029,F2:CL\M29,USOIL,20290522
USOILN2029,CL N2029,F2:CL\N29,USOIL,20290620
USOILQ2029,CL Q2029,F2:CL\Q29,USOIL,20290720
USOILU2029,CL U2029,F2:CL\U29,USOIL,20290821
USOILV2029,CL V2029,F2:CL\V29,USOIL,20290920
USOILX2029,CL X2029,F2:CL\X29,USOIL,20291022
USOILZ2029,CL Z2029,F2:CL\Z29,USOIL,20291119
USOILF2030,CL F2030,F2:CL\F30,USOIL,20291219
USOILG2030,CL G2030,F2:CL\G30,USOIL,20300122
USOILH2030,CL H2030,F2:CL\H30,USOIL,20300220
USOILJ2030,CL J2030,F2:CL\J30,USOIL,20300320
USOILK2030,CL K2030,F2:CL\K30,USOIL,20300422
USOILM2030,CL M2030,F2:CL\M30,USOIL,20300521
USOILN2030,CL N2030,F2:CL\N30,USOIL,20300620
USOILQ2030,CL Q2030,F2:CL\Q30,USOIL,20300722
USOILU2030,CL U2030,F2:CL\U30,USOIL,20300820
USOILV2030,CL V2030,F2:CL\V30,USOIL,20300920
USOILX2030,CL X2030,F2:CL\X30,USOIL,20301022
USOILZ2030,CL Z2030,F2:CL\Z30,USOIL,20301120
USOILF2031,CL F2031,F2:CL\F31,USOIL,20301219
USOILG2031,CL G2031,F2:CL\G31,USOIL,20310121
USOILH2031,CL H2031,F2:CL\H31,USOIL,20310220
USOILJ2031,CL J2031,F2:CL\J31,USOIL,20310320
USOILK2031,CL K2031,F2:CL\K31,USOIL,20310422
USOILM2031,CL M2031,F2:CL\M31,USOIL,20310520
USOILN2031,CL N2031,F2:CL\N31,USOIL,20310620
USOILQ2031,CL Q2031,F2:CL\Q31,USOIL,20310722
USOILU2031,CL U2031,F2:CL\U31,USOIL,20310820
USOILV2031,CL V2031,F2:CL\V31,USOIL,20310922
USOILX2031,CL X2031,F2:CL\X31,USOIL,20311021
USOILZ2031,CL Z2031,F2:CL\Z31,USOIL,20311120
USOILF2032,CL F2032,F2:CL\F32,USOIL,20311219
USOILG2032,CL G2032,F2:CL\G32,USOIL,20320120
USOILH2032,CL H2032,F2:CL\H32,USOIL,20320220
USOILJ2032,CL J2032,F2:CL\J32,USOIL,20320322
USOILK2032,CL K2032,F2:CL\K32,USOIL,20320420
USOILM2032,CL M2032,F2:CL\M32,USOIL,20320520
USOILN2032,CL N2032,F2:CL\N32,USOIL,20320622
USOILQ2032,CL Q2032,F2:CL\Q32,USOIL,20320720
USOILU2032,CL U2032,F2:CL\U32,USOIL,20320820
USOILV2032,CL V2032,F2:CL\V32,USOIL,20320921
USOILX2032,CL X2032,F2:CL\X32,USOIL,20321020
USOILZ2032,CL Z2032,F2:CL\Z32,USOIL,20321119
USOILF2033,CL F2033,F2:CL\F33,USOIL,20321220
USOILG2033,CL G2033,F2:CL\G33,USOIL,20330120
USOILH2033,CL H2033,F2:CL\H33,USOIL,20330222
USOILJ2033,CL J2033,F2:CL\J33,USOIL,20330322
USOILK2033,CL K2033,F2:CL\K33,USOIL,20330420
USOILM2033,CL M2033,F2:CL\M33,USOIL,20330520
USOILN2033,CL N2033,F2:CL\N33,USOIL,20330621
USOILQ2033,CL Q2033,F2:CL\Q33,USOIL,20330720
USOILU2033,CL U2033,F2:CL\U33,USOIL,20330822
USOILV2033,CL V2033,F2:CL\V33,USOIL,20330920
USOILX2033,CL X2033,F2:CL\X33,USOIL,20331020
USOILZ2033,CL Z2033,F2:CL\Z33,USOIL,20331121
USOILF2034,CL F2034,F2:CL\F34,USOIL,20331220
USOILG2034,CL G2034,F2:CL\G34,USOIL,20340120
