GDHU2019,GDHNOHIST U2019,F2:GDH\U19,GDH,20190930
GDHV2019,GDHNOHIST V2019,F2:GDH\V19,GDH,20191031
GDHX2019,GDHNOHIST X2019,F2:GDH\X19,GDH,20191129
GDHZ2019,GDHNOHIST Z2019,F2:GDH\Z19,GDH,20191231
GDHF2020,GDHNOHIST F2020,F2:GDH\F20,GDH,20200131
GDHG2020,GDHNOHIST G2020,F2:GDH\G20,GDH,20200228
GDHH2020,GDHNOHIST H2020,F2:GDH\H20,GDH,20200331
GDHJ2020,GDHNOHIST J2020,F2:GDH\J20,GDH,20200430
GDHK2020,GDHNOHIST K2020,F2:GDH\K20,GDH,20200529
GDHM2020,GDHNOHIST M2020,F2:GDH\M20,GDH,20200630
GDHN2020,GDHNOHIST N2020,F2:GDH\N20,GDH,20200730
GDHQ2020,GDHNOHIST Q2020,F2:GDH\Q20,GDH,20200831
GDHU2020,GDHNOHIST U2020,F2:GDH\U20,GDH,20200930
GDHV2020,GDHNOHIST V2020,F2:GDH\V20,GDH,20201030
GDHX2020,GDHNOHIST X2020,F2:GDH\X20,GDH,20201130
GDHZ2020,GDHNOHIST Z2020,F2:GDH\Z20,GDH,20210105
GDHF2021,GDHNOHIST F2021,F2:GDH\F21,GDH,20210202
GDHG2021,GDHNOHIST G2021,F2:GDH\G21,GDH,20210302
GDHH2021,GDHNOHIST H2021,F2:GDH\H21,GDH,20210405
GDHJ2021,GDHNOHIST J2021,F2:GDH\J21,GDH,20210504
GDHK2021,GDHNOHIST K2021,F2:GDH\K21,GDH,20210602
GDHM2021,GDHNOHIST M2021,F2:GDH\M21,GDH,20210702
GDHN2021,GDHNOHIST N2021,F2:GDH\N21,GDH,20210803
GDHQ2021,GDHNOHIST Q2021,F2:GDH\Q21,GDH,20210902
GDHU2021,GDHNOHIST U2021,F2:GDH\U21,GDH,20211004
GDHV2021,GDHNOHIST V2021,F2:GDH\V21,GDH,20211102
GDHX2021,GDHNOHIST X2021,F2:GDH\X21,GDH,20211202
GDHZ2021,GDHNOHIST Z2021,F2:GDH\Z21,GDH,20220104
GDHF2022,GDHNOHIST F2022,F2:GDH\F22,GDH,20220202
GDHG2022,GDHNOHIST G2022,F2:GDH\G22,GDH,20220302
GDHH2022,GDHNOHIST H2022,F2:GDH\H22,GDH,20220404
GDHJ2022,GDHNOHIST J2022,F2:GDH\J22,GDH,20220503
GDHK2022,GDHNOHIST K2022,F2:GDH\K22,GDH,20220602
GDHM2022,GDHNOHIST M2022,F2:GDH\M22,GDH,20220705
GDHN2022,GDHNOHIST N2022,F2:GDH\N22,GDH,20220802
GDHQ2022,GDHNOHIST Q2022,F2:GDH\Q22,GDH,20220902
GDHU2022,GDHNOHIST U2022,F2:GDH\U22,GDH,20221004
GDHV2022,GDHNOHIST V2022,F2:GDH\V22,GDH,20221102
GDHX2022,GDHNOHIST X2022,F2:GDH\X22,GDH,20221202
GDHZ2022,GDHNOHIST Z2022,F2:GDH\Z22,GDH,20230104
GDHF2023,GDHNOHIST F2023,F2:GDH\F23,GDH,20230202
GDHG2023,GDHNOHIST G2023,F2:GDH\G23,GDH,20230302
GDHH2023,GDHNOHIST H2023,F2:GDH\H23,GDH,20230404
GDHJ2023,GDHNOHIST J2023,F2:GDH\J23,GDH,20230502
GDHK2023,GDHNOHIST K2023,F2:GDH\K23,GDH,20230602
GDHM2023,GDHNOHIST M2023,F2:GDH\M23,GDH,20230705
GDHN2023,GDHNOHIST N2023,F2:GDH\N23,GDH,20230802
GDHQ2023,GDHNOHIST Q2023,F2:GDH\Q23,GDH,20230905
GDHU2023,GDHNOHIST U2023,F2:GDH\U23,GDH,20231003
GDHV2023,GDHNOHIST V2023,F2:GDH\V23,GDH,20231102
GDHX2023,GDHNOHIST X2023,F2:GDH\X23,GDH,20231204
GDHZ2023,GDHNOHIST Z2023,F2:GDH\Z23,GDH,20240103
GDHF2024,GDHNOHIST F2024,F2:GDH\F24,GDH,20240202
GDHG2024,GDHNOHIST G2024,F2:GDH\G24,GDH,20240304
GDHH2024,GDHNOHIST H2024,F2:GDH\H24,GDH,20240402
GDHJ2024,GDHNOHIST J2024,F2:GDH\J24,GDH,20240502
GDHK2024,GDHNOHIST K2024,F2:GDH\K24,GDH,20240604
GDHM2024,GDHNOHIST M2024,F2:GDH\M24,GDH,20240702
GDHN2024,GDHNOHIST N2024,F2:GDH\N24,GDH,20240802
GDHQ2024,GDHNOHIST Q2024,F2:GDH\Q24,GDH,20240904
GDHU2024,GDHNOHIST U2024,F2:GDH\U24,GDH,20241002
GDHV2024,GDHNOHIST V2024,F2:GDH\V24,GDH,20241104
GDHX2024,GDHNOHIST X2024,F2:GDH\X24,GDH,20241203
GDHZ2024,GDHNOHIST Z2024,F2:GDH\Z24,GDH,20250103
GDLU2019,GDLNOHIST U2019,F2:GDL\U19,GDL,20190930
GDLV2019,GDLNOHIST V2019,F2:GDL\V19,GDL,20191031
GDLX2019,GDLNOHIST X2019,F2:GDL\X19,GDL,20191129
GDLZ2019,GDLNOHIST Z2019,F2:GDL\Z19,GDL,20191231
GDLF2020,GDLNOHIST F2020,F2:GDL\F20,GDL,20200131
GDLG2020,GDLNOHIST G2020,F2:GDL\G20,GDL,20200228
GDLH2020,GDLNOHIST H2020,F2:GDL\H20,GDL,20200331
GDLJ2020,GDLNOHIST J2020,F2:GDL\J20,GDL,20200430
GDLK2020,GDLNOHIST K2020,F2:GDL\K20,GDL,20200529
GDLM2020,GDLNOHIST M2020,F2:GDL\M20,GDL,20200630
GDLN2020,GDLNOHIST N2020,F2:GDL\N20,GDL,20200730
GDLQ2020,GDLNOHIST Q2020,F2:GDL\Q20,GDL,20200831
GDLU2020,GDLNOHIST U2020,F2:GDL\U20,GDL,20200930
GDLV2020,GDLNOHIST V2020,F2:GDL\V20,GDL,20201030
GDLX2020,GDLNOHIST X2020,F2:GDL\X20,GDL,20201130
GDLZ2020,GDLNOHIST Z2020,F2:GDL\Z20,GDL,20210105
GDLF2021,GDLNOHIST F2021,F2:GDL\F21,GDL,20210202
GDLG2021,GDLNOHIST G2021,F2:GDL\G21,GDL,20210302
GDLH2021,GDLNOHIST H2021,F2:GDL\H21,GDL,20210405
GDLJ2021,GDLNOHIST J2021,F2:GDL\J21,GDL,20210504
GDLK2021,GDLNOHIST K2021,F2:GDL\K21,GDL,20210602
GDLM2021,GDLNOHIST M2021,F2:GDL\M21,GDL,20210702
GDLN2021,GDLNOHIST N2021,F2:GDL\N21,GDL,20210803
GDLQ2021,GDLNOHIST Q2021,F2:GDL\Q21,GDL,20210902
GDLU2021,GDLNOHIST U2021,F2:GDL\U21,GDL,20211004
GDLV2021,GDLNOHIST V2021,F2:GDL\V21,GDL,20211102
GDLX2021,GDLNOHIST X2021,F2:GDL\X21,GDL,20211202
GDLZ2021,GDLNOHIST Z2021,F2:GDL\Z21,GDL,20220104
GDLF2022,GDLNOHIST F2022,F2:GDL\F22,GDL,20220202
GDLG2022,GDLNOHIST G2022,F2:GDL\G22,GDL,20220302
GDLH2022,GDLNOHIST H2022,F2:GDL\H22,GDL,20220404
GDLJ2022,GDLNOHIST J2022,F2:GDL\J22,GDL,20220503
GDLK2022,GDLNOHIST K2022,F2:GDL\K22,GDL,20220602
GDLM2022,GDLNOHIST M2022,F2:GDL\M22,GDL,20220705
GDLN2022,GDLNOHIST N2022,F2:GDL\N22,GDL,20220802
GDLQ2022,GDLNOHIST Q2022,F2:GDL\Q22,GDL,20220902
GDLU2022,GDLNOHIST U2022,F2:GDL\U22,GDL,20221004
GDLV2022,GDLNOHIST V2022,F2:GDL\V22,GDL,20221102
GDLX2022,GDLNOHIST X2022,F2:GDL\X22,GDL,20221202
GDLZ2022,GDLNOHIST Z2022,F2:GDL\Z22,GDL,20230104
GDLF2023,GDLNOHIST F2023,F2:GDL\F23,GDL,20230202
GDLG2023,GDLNOHIST G2023,F2:GDL\G23,GDL,20230302
GDLH2023,GDLNOHIST H2023,F2:GDL\H23,GDL,20230404
GDLJ2023,GDLNOHIST J2023,F2:GDL\J23,GDL,20230502
GDLK2023,GDLNOHIST K2023,F2:GDL\K23,GDL,20230602
GDLM2023,GDLNOHIST M2023,F2:GDL\M23,GDL,20230705
GDLN2023,GDLNOHIST N2023,F2:GDL\N23,GDL,20230802
GDLQ2023,GDLNOHIST Q2023,F2:GDL\Q23,GDL,20230905
GDLU2023,GDLNOHIST U2023,F2:GDL\U23,GDL,20231003
GDLV2023,GDLNOHIST V2023,F2:GDL\V23,GDL,20231102
GDLX2023,GDLNOHIST X2023,F2:GDL\X23,GDL,20231204
GDLZ2023,GDLNOHIST Z2023,F2:GDL\Z23,GDL,20240103
GDLF2024,GDLNOHIST F2024,F2:GDL\F24,GDL,20240202
GDLG2024,GDLNOHIST G2024,F2:GDL\G24,GDL,20240304
GDLH2024,GDLNOHIST H2024,F2:GDL\H24,GDL,20240402
GDLJ2024,GDLNOHIST J2024,F2:GDL\J24,GDL,20240502
GDLK2024,GDLNOHIST K2024,F2:GDL\K24,GDL,20240604
GDLM2024,GDLNOHIST M2024,F2:GDL\M24,GDL,20240702
GDLN2024,GDLNOHIST N2024,F2:GDL\N24,GDL,20240802
GDLQ2024,GDLNOHIST Q2024,F2:GDL\Q24,GDL,20240904
GDLU2024,GDLNOHIST U2024,F2:GDL\U24,GDL,20241002
GDLV2024,GDLNOHIST V2024,F2:GDL\V24,GDL,20241104
GDLX2024,GDLNOHIST X2024,F2:GDL\X24,GDL,20241203
GDLZ2024,GDLNOHIST Z2024,F2:GDL\Z24,GDL,20250103
MDDZ2012,MDDNOHIST Z2012,F2:MDD\Z12,MDD,20130101
MDDF2013,MDDNOHIST F2013,F2:MDD\F13,MDD,20130201
MDDG2013,MDDNOHIST G2013,F2:MDD\G13,MDD,20130301
MDDH2013,MDDNOHIST H2013,F2:MDD\H13,MDD,20130329
MDDJ2013,MDDNOHIST J2013,F2:MDD\J13,MDD,20130501
MDDK2013,MDDNOHIST K2013,F2:MDD\K13,MDD,20130601
MDDM2013,MDDNOHIST M2013,F2:MDD\M13,MDD,20130628
MDDN2013,MDDNOHIST N2013,F2:MDD\N13,MDD,20130731
MDDQ2013,MDDNOHIST Q2013,F2:MDD\Q13,MDD,20130830
MDDU2013,MDDNOHIST U2013,F2:MDD\U13,MDD,20131001
MDDV2013,MDDNOHIST V2013,F2:MDD\V13,MDD,20131031
MDDX2013,MDDNOHIST X2013,F2:MDD\X13,MDD,20131130
MDDZ2013,MDDNOHIST Z2013,F2:MDD\Z13,MDD,20131231
MDDF2014,MDDNOHIST F2014,F2:MDD\F14,MDD,20140201
MDDG2014,MDDNOHIST G2014,F2:MDD\G14,MDD,20140301
MDDH2014,MDDNOHIST H2014,F2:MDD\H14,MDD,20140331
MDDJ2014,MDDNOHIST J2014,F2:MDD\J14,MDD,20140501
MDDK2014,MDDNOHIST K2014,F2:MDD\K14,MDD,20140531
MDDM2014,MDDNOHIST M2014,F2:MDD\M14,MDD,20140701
MDDN2014,MDDNOHIST N2014,F2:MDD\N14,MDD,20140801
MDDQ2014,MDDNOHIST Q2014,F2:MDD\Q14,MDD,20140830
MDDV2014,MDDNOHIST V2014,F2:MDD\V14,MDD,20141001
MDDX2014,MDDNOHIST X2014,F2:MDD\X14,MDD,20141101
MDDZ2014,MDDNOHIST Z2014,F2:MDD\Z14,MDD,20141129
MDDF2015,MDDNOHIST F2015,F2:MDD\F15,MDD,20150101
MDDG2015,MDDNOHIST G2015,F2:MDD\G15,MDD,20150131
MDDH2015,MDDNOHIST H2015,F2:MDD\H15,MDD,20150228
MDDJ2015,MDDNOHIST J2015,F2:MDD\J15,MDD,20150401
MDDK2015,MDDNOHIST K2015,F2:MDD\K15,MDD,20150501
MDDM2015,MDDNOHIST M2015,F2:MDD\M15,MDD,20150530
MDDN2015,MDDNOHIST N2015,F2:MDD\N15,MDD,20150701
MDDQ2015,MDDNOHIST Q2015,F2:MDD\Q15,MDD,20150902
MDDU2015,MDDNOHIST U2015,F2:MDD\U15,MDD,20151002
MDDV2015,MDDNOHIST V2015,F2:MDD\V15,MDD,20151103
MDDX2015,MDDNOHIST X2015,F2:MDD\X15,MDD,20151202
MDDZ2015,MDDNOHIST Z2015,F2:MDD\Z15,MDD,20160105
MDDF2016,MDDNOHIST F2016,F2:MDD\F16,MDD,20160202
MDDG2016,MDDNOHIST G2016,F2:MDD\G16,MDD,20160302
MDDH2016,MDDNOHIST H2016,F2:MDD\H16,MDD,20160404
MDDJ2016,MDDNOHIST J2016,F2:MDD\J16,MDD,20160503
MDDK2016,MDDNOHIST K2016,F2:MDD\K16,MDD,20160602
MDDM2016,MDDNOHIST M2016,F2:MDD\M16,MDD,20160705
MDDN2016,MDDNOHIST N2016,F2:MDD\N16,MDD,20160802
MDDQ2016,MDDNOHIST Q2016,F2:MDD\Q16,MDD,20160902
MDDU2016,MDDNOHIST U2016,F2:MDD\U16,MDD,20161004
MDDV2016,MDDNOHIST V2016,F2:MDD\V16,MDD,20161102
MDDX2016,MDDNOHIST X2016,F2:MDD\X16,MDD,20161202
MDDZ2016,MDDNOHIST Z2016,F2:MDD\Z16,MDD,20170103
MDDF2017,MDDNOHIST F2017,F2:MDD\F17,MDD,20170202
MDDG2017,MDDNOHIST G2017,F2:MDD\G17,MDD,20170302
MDDH2017,MDDNOHIST H2017,F2:MDD\H17,MDD,20170404
MDDJ2017,MDDNOHIST J2017,F2:MDD\J17,MDD,20170502
MDDK2017,MDDNOHIST K2017,F2:MDD\K17,MDD,20170602
MDDM2017,MDDNOHIST M2017,F2:MDD\M17,MDD,20170705
MDDN2017,MDDNOHIST N2017,F2:MDD\N17,MDD,20170802
MDDQ2017,MDDNOHIST Q2017,F2:MDD\Q17,MDD,20170905
MDDU2017,MDDNOHIST U2017,F2:MDD\U17,MDD,20171003
MDDV2017,MDDNOHIST V2017,F2:MDD\V17,MDD,20171102
MDDX2017,MDDNOHIST X2017,F2:MDD\X17,MDD,20171204
MDDZ2017,MDDNOHIST Z2017,F2:MDD\Z17,MDD,20180103
MDDF2018,MDDNOHIST F2018,F2:MDD\F18,MDD,20180202
MDDH2018,MDDNOHIST H2018,F2:MDD\H18,MDD,20180228
MDDJ2018,MDDNOHIST J2018,F2:MDD\J18,MDD,20180329
MDDK2018,MDDNOHIST K2018,F2:MDD\K18,MDD,20180430
MDDM2018,MDDNOHIST M2018,F2:MDD\M18,MDD,20180531
MDDN2018,MDDNOHIST N2018,F2:MDD\N18,MDD,20180629
MDDQ2018,MDDNOHIST Q2018,F2:MDD\Q18,MDD,20180731
MDDU2018,MDDNOHIST U2018,F2:MDD\U18,MDD,20180831
MDDV2018,MDDNOHIST V2018,F2:MDD\V18,MDD,20180928
MDDX2018,MDDNOHIST X2018,F2:MDD\X18,MDD,20181031
MDDZ2018,MDDNOHIST Z2018,F2:MDD\Z18,MDD,20181130
MDDF2019,MDDNOHIST F2019,F2:MDD\F19,MDD,20181231
MDDG2019,MDDNOHIST G2019,F2:MDD\G19,MDD,20190131
MDDH2019,MDDNOHIST H2019,F2:MDD\H19,MDD,20190228
MDDJ2019,MDDNOHIST J2019,F2:MDD\J19,MDD,20190329
MDDK2019,MDDNOHIST K2019,F2:MDD\K19,MDD,20190430
MDDM2019,MDDNOHIST M2019,F2:MDD\M19,MDD,20190531
MDDN2019,MDDNOHIST N2019,F2:MDD\N19,MDD,20190628
MDDQ2019,MDDNOHIST Q2019,F2:MDD\Q19,MDD,20190731
MDDU2019,MDDNOHIST U2019,F2:MDD\U19,MDD,20190830
MDDV2019,MDDNOHIST V2019,F2:MDD\V19,MDD,20190930
MDDX2019,MDDNOHIST X2019,F2:MDD\X19,MDD,20191031
MDDZ2019,MDDNOHIST Z2019,F2:MDD\Z19,MDD,20191129
MDDF2020,MDDNOHIST F2020,F2:MDD\F20,MDD,20191231
MDDG2020,MDDNOHIST G2020,F2:MDD\G20,MDD,20200131
MDDH2020,MDDNOHIST H2020,F2:MDD\H20,MDD,20200228
MDDJ2020,MDDNOHIST J2020,F2:MDD\J20,MDD,20200331
MDDK2020,MDDNOHIST K2020,F2:MDD\K20,MDD,20200430
MDDM2020,MDDNOHIST M2020,F2:MDD\M20,MDD,20200529
MDDN2020,MDDNOHIST N2020,F2:MDD\N20,MDD,20200630
MDDQ2020,MDDNOHIST Q2020,F2:MDD\Q20,MDD,20200731
MDDU2020,MDDNOHIST U2020,F2:MDD\U20,MDD,20200831
MDDV2020,MDDNOHIST V2020,F2:MDD\V20,MDD,20200930
MDDX2020,MDDNOHIST X2020,F2:MDD\X20,MDD,20201030
MDDZ2020,MDDNOHIST Z2020,F2:MDD\Z20,MDD,20201130
MDDF2021,MDDNOHIST F2021,F2:MDD\F21,MDD,20201231
MDDG2021,MDDNOHIST G2021,F2:MDD\G21,MDD,20210129
MDDH2021,MDDNOHIST H2021,F2:MDD\H21,MDD,20210226
MDDJ2021,MDDNOHIST J2021,F2:MDD\J21,MDD,20210331
MDDK2021,MDDNOHIST K2021,F2:MDD\K21,MDD,20210607
MDDM2021,MDDNOHIST M2021,F2:MDD\M21,MDD,20210708
MDDN2021,MDDNOHIST N2021,F2:MDD\N21,MDD,20210806
MDDQ2021,MDDNOHIST Q2021,F2:MDD\Q21,MDD,20210908
MDDU2021,MDDNOHIST U2021,F2:MDD\U21,MDD,20211007
MDDV2021,MDDNOHIST V2021,F2:MDD\V21,MDD,20211105
MDDX2021,MDDNOHIST X2021,F2:MDD\X21,MDD,20211207
MDDZ2021,MDDNOHIST Z2021,F2:MDD\Z21,MDD,20220107
MDDF2022,MDDNOHIST F2022,F2:MDD\F22,MDD,20220207
MDDG2022,MDDNOHIST G2022,F2:MDD\G22,MDD,20220307
MDDH2022,MDDNOHIST H2022,F2:MDD\H22,MDD,20220407
MDDJ2022,MDDNOHIST J2022,F2:MDD\J22,MDD,20220506
MDDK2022,MDDNOHIST K2022,F2:MDD\K22,MDD,20220607
MDDM2022,MDDNOHIST M2022,F2:MDD\M22,MDD,20220708
MDDN2022,MDDNOHIST N2022,F2:MDD\N22,MDD,20220805
MDDQ2022,MDDNOHIST Q2022,F2:MDD\Q22,MDD,20220908
MDDU2022,MDDNOHIST U2022,F2:MDD\U22,MDD,20221007
MDDV2022,MDDNOHIST V2022,F2:MDD\V22,MDD,20221107
MDDX2022,MDDNOHIST X2022,F2:MDD\X22,MDD,20221207
MDDZ2022,MDDNOHIST Z2022,F2:MDD\Z22,MDD,20230109
MDDF2023,MDDNOHIST F2023,F2:MDD\F23,MDD,20230207
MDDG2023,MDDNOHIST G2023,F2:MDD\G23,MDD,20230307
MDDH2023,MDDNOHIST H2023,F2:MDD\H23,MDD,20230410
MDDJ2023,MDDNOHIST J2023,F2:MDD\J23,MDD,20230505
MDDK2023,MDDNOHIST K2023,F2:MDD\K23,MDD,20230607
MDDM2023,MDDNOHIST M2023,F2:MDD\M23,MDD,20230710
MDDN2023,MDDNOHIST N2023,F2:MDD\N23,MDD,20230807
MDDQ2023,MDDNOHIST Q2023,F2:MDD\Q23,MDD,20230908
MDDU2023,MDDNOHIST U2023,F2:MDD\U23,MDD,20231006
MDDV2023,MDDNOHIST V2023,F2:MDD\V23,MDD,20231107
MDDX2023,MDDNOHIST X2023,F2:MDD\X23,MDD,20231207
MDDZ2023,MDDNOHIST Z2023,F2:MDD\Z23,MDD,20240108
MDDF2024,MDDNOHIST F2024,F2:MDD\F24,MDD,20240207
MDDG2024,MDDNOHIST G2024,F2:MDD\G24,MDD,20240307
MDDH2024,MDDNOHIST H2024,F2:MDD\H24,MDD,20240405
MDDJ2024,MDDNOHIST J2024,F2:MDD\J24,MDD,20240507
MDDK2024,MDDNOHIST K2024,F2:MDD\K24,MDD,20240607
MDDM2024,MDDNOHIST M2024,F2:MDD\M24,MDD,20240708
MDDN2024,MDDNOHIST N2024,F2:MDD\N24,MDD,20240807
MDDQ2024,MDDNOHIST Q2024,F2:MDD\Q24,MDD,20240909
MDDU2024,MDDNOHIST U2024,F2:MDD\U24,MDD,20241007
MDDV2024,MDDNOHIST V2024,F2:MDD\V24,MDD,20241107
MDDX2024,MDDNOHIST X2024,F2:MDD\X24,MDD,20241206
MDDZ2024,MDDNOHIST Z2024,F2:MDD\Z24,MDD,20250108
MDDF2025,MDDNOHIST F2025,F2:MDD\F25,MDD,20250207
MDDG2025,MDDNOHIST G2025,F2:MDD\G25,MDD,20250307
MDDH2025,MDDNOHIST H2025,F2:MDD\H25,MDD,20250407
MDDJ2025,MDDNOHIST J2025,F2:MDD\J25,MDD,20250507
MDDK2025,MDDNOHIST K2025,F2:MDD\K25,MDD,20250606
MDDM2025,MDDNOHIST M2025,F2:MDD\M25,MDD,20250708
MDDN2025,MDDNOHIST N2025,F2:MDD\N25,MDD,20250807
MDDQ2025,MDDNOHIST Q2025,F2:MDD\Q25,MDD,20250908
MDDU2025,MDDNOHIST U2025,F2:MDD\U25,MDD,20251007
MDDV2025,MDDNOHIST V2025,F2:MDD\V25,MDD,20251107
MDDX2025,MDDNOHIST X2025,F2:MDD\X25,MDD,20251205
MDDZ2025,MDDNOHIST Z2025,F2:MDD\Z25,MDD,20260108
MDDF2026,MDDNOHIST F2026,F2:MDD\F26,MDD,20260206
MDDG2026,MDDNOHIST G2026,F2:MDD\G26,MDD,20260306
MDDH2026,MDDNOHIST H2026,F2:MDD\H26,MDD,20260408
MDDJ2026,MDDNOHIST J2026,F2:MDD\J26,MDD,20260507
MDDK2026,MDDNOHIST K2026,F2:MDD\K26,MDD,20260605
MDDM2026,MDDNOHIST M2026,F2:MDD\M26,MDD,20260708
MDDN2026,MDDNOHIST N2026,F2:MDD\N26,MDD,20260807
MDDQ2026,MDDNOHIST Q2026,F2:MDD\Q26,MDD,20260908
MDDU2026,MDDNOHIST U2026,F2:MDD\U26,MDD,20261007
MDDV2026,MDDNOHIST V2026,F2:MDD\V26,MDD,20261106
MDDX2026,MDDNOHIST X2026,F2:MDD\X26,MDD,20261207
MDDZ2026,MDDNOHIST Z2026,F2:MDD\Z26,MDD,20270108
MDDF2027,MDDNOHIST F2027,F2:MDD\F27,MDD,20270205
MDDG2027,MDDNOHIST G2027,F2:MDD\G27,MDD,20270305
MDDH2027,MDDNOHIST H2027,F2:MDD\H27,MDD,20270407
MDDJ2027,MDDNOHIST J2027,F2:MDD\J27,MDD,20270507
MDDK2027,MDDNOHIST K2027,F2:MDD\K27,MDD,20270607
MDDM2027,MDDNOHIST M2027,F2:MDD\M27,MDD,20270708
MDDN2027,MDDNOHIST N2027,F2:MDD\N27,MDD,20270806
MDDQ2027,MDDNOHIST Q2027,F2:MDD\Q27,MDD,20270908
MDDU2027,MDDNOHIST U2027,F2:MDD\U27,MDD,20271007
MDDV2027,MDDNOHIST V2027,F2:MDD\V27,MDD,20271105
MDDX2027,MDDNOHIST X2027,F2:MDD\X27,MDD,20271207
MDDZ2027,MDDNOHIST Z2027,F2:MDD\Z27,MDD,20280107
MOAQ2015,MOANOHIST Q2015,F2:MOA\Q15,MOA,20150902
MOAU2015,MOANOHIST U2015,F2:MOA\U15,MOA,20151002
MOAV2015,MOANOHIST V2015,F2:MOA\V15,MOA,20151103
MOAX2015,MOANOHIST X2015,F2:MOA\X15,MOA,20151202
MOAZ2015,MOANOHIST Z2015,F2:MOA\Z15,MOA,20160105
MOAF2016,MOANOHIST F2016,F2:MOA\F16,MOA,20160202
MOAG2016,MOANOHIST G2016,F2:MOA\G16,MOA,20160302
MOAH2016,MOANOHIST H2016,F2:MOA\H16,MOA,20160404
MOAJ2016,MOANOHIST J2016,F2:MOA\J16,MOA,20160503
MOAK2016,MOANOHIST K2016,F2:MOA\K16,MOA,20160602
MOAM2016,MOANOHIST M2016,F2:MOA\M16,MOA,20160705
MOAN2016,MOANOHIST N2016,F2:MOA\N16,MOA,20160802
MOAQ2016,MOANOHIST Q2016,F2:MOA\Q16,MOA,20160902
MOAU2016,MOANOHIST U2016,F2:MOA\U16,MOA,20161004
MOAV2016,MOANOHIST V2016,F2:MOA\V16,MOA,20161102
MOAX2016,MOANOHIST X2016,F2:MOA\X16,MOA,20161202
MOAZ2016,MOANOHIST Z2016,F2:MOA\Z16,MOA,20170103
MOAF2017,MOANOHIST F2017,F2:MOA\F17,MOA,20170202
MOAG2017,MOANOHIST G2017,F2:MOA\G17,MOA,20170302
MOAH2017,MOANOHIST H2017,F2:MOA\H17,MOA,20170404
MOAJ2017,MOANOHIST J2017,F2:MOA\J17,MOA,20170502
MOAK2017,MOANOHIST K2017,F2:MOA\K17,MOA,20170602
MOAM2017,MOANOHIST M2017,F2:MOA\M17,MOA,20170705
MOAN2017,MOANOHIST N2017,F2:MOA\N17,MOA,20170802
MOAQ2017,MOANOHIST Q2017,F2:MOA\Q17,MOA,20170905
MOAU2017,MOANOHIST U2017,F2:MOA\U17,MOA,20171003
MOAV2017,MOANOHIST V2017,F2:MOA\V17,MOA,20171102
MOAX2017,MOANOHIST X2017,F2:MOA\X17,MOA,20171204
MOAZ2017,MOANOHIST Z2017,F2:MOA\Z17,MOA,20180103
MOAF2018,MOANOHIST F2018,F2:MOA\F18,MOA,20180228
MOAG2018,MOANOHIST G2018,F2:MOA\G18,MOA,20180330
MOAH2018,MOANOHIST H2018,F2:MOA\H18,MOA,20180430
MOAJ2018,MOANOHIST J2018,F2:MOA\J18,MOA,20180531
MOAK2018,MOANOHIST K2018,F2:MOA\K18,MOA,20180629
MOAM2018,MOANOHIST M2018,F2:MOA\M18,MOA,20180731
MOAN2018,MOANOHIST N2018,F2:MOA\N18,MOA,20180831
MOAQ2018,MOANOHIST Q2018,F2:MOA\Q18,MOA,20180928
MOAU2018,MOANOHIST U2018,F2:MOA\U18,MOA,20181031
MOAV2018,MOANOHIST V2018,F2:MOA\V18,MOA,20181130
MOAX2018,MOANOHIST X2018,F2:MOA\X18,MOA,20181231
MOAZ2018,MOANOHIST Z2018,F2:MOA\Z18,MOA,20190131
MOAF2019,MOANOHIST F2019,F2:MOA\F19,MOA,20190228
MOAG2019,MOANOHIST G2019,F2:MOA\G19,MOA,20190329
MOAH2019,MOANOHIST H2019,F2:MOA\H19,MOA,20190430
MOAJ2019,MOANOHIST J2019,F2:MOA\J19,MOA,20190531
MOAK2019,MOANOHIST K2019,F2:MOA\K19,MOA,20190628
MOAM2019,MOANOHIST M2019,F2:MOA\M19,MOA,20190731
MOAN2019,MOANOHIST N2019,F2:MOA\N19,MOA,20190801
MOAU2019,MOANOHIST U2019,F2:MOA\U19,MOA,20190831
MOAV2019,MOANOHIST V2019,F2:MOA\V19,MOA,20191001
MOAX2019,MOANOHIST X2019,F2:MOA\X19,MOA,20191101
MOAZ2019,MOANOHIST Z2019,F2:MOA\Z19,MOA,20191130
MOAF2020,MOANOHIST F2020,F2:MOA\F20,MOA,20200101
MOAG2020,MOANOHIST G2020,F2:MOA\G20,MOA,20200201
MOAH2020,MOANOHIST H2020,F2:MOA\H20,MOA,20200229
MOAJ2020,MOANOHIST J2020,F2:MOA\J20,MOA,20200401
MOAK2020,MOANOHIST K2020,F2:MOA\K20,MOA,20200501
MOAM2020,MOANOHIST M2020,F2:MOA\M20,MOA,20200530
MOAN2020,MOANOHIST N2020,F2:MOA\N20,MOA,20200701
MOAQ2020,MOANOHIST Q2020,F2:MOA\Q20,MOA,20200801
MOAU2020,MOANOHIST U2020,F2:MOA\U20,MOA,20200901
MOAV2020,MOANOHIST V2020,F2:MOA\V20,MOA,20201001
MOAX2020,MOANOHIST X2020,F2:MOA\X20,MOA,20201031
MOAZ2020,MOANOHIST Z2020,F2:MOA\Z20,MOA,20201201
MOAF2021,MOANOHIST F2021,F2:MOA\F21,MOA,20210101
MOAG2021,MOANOHIST G2021,F2:MOA\G21,MOA,20210130
MOAH2021,MOANOHIST H2021,F2:MOA\H21,MOA,20210227
MOAJ2021,MOANOHIST J2021,F2:MOA\J21,MOA,20210401
MOAK2021,MOANOHIST K2021,F2:MOA\K21,MOA,20210607
MOAM2021,MOANOHIST M2021,F2:MOA\M21,MOA,20210708
MOAN2021,MOANOHIST N2021,F2:MOA\N21,MOA,20210806
MOAQ2021,MOANOHIST Q2021,F2:MOA\Q21,MOA,20210908
MOAU2021,MOANOHIST U2021,F2:MOA\U21,MOA,20211007
MOAV2021,MOANOHIST V2021,F2:MOA\V21,MOA,20211105
MOAX2021,MOANOHIST X2021,F2:MOA\X21,MOA,20211207
MOAZ2021,MOANOHIST Z2021,F2:MOA\Z21,MOA,20220107
MOAF2022,MOANOHIST F2022,F2:MOA\F22,MOA,20220207
MOAG2022,MOANOHIST G2022,F2:MOA\G22,MOA,20220307
MOAH2022,MOANOHIST H2022,F2:MOA\H22,MOA,20220407
MOAJ2022,MOANOHIST J2022,F2:MOA\J22,MOA,20220506
MOAK2022,MOANOHIST K2022,F2:MOA\K22,MOA,20220607
MOAM2022,MOANOHIST M2022,F2:MOA\M22,MOA,20220708
MOAN2022,MOANOHIST N2022,F2:MOA\N22,MOA,20220805
MOAQ2022,MOANOHIST Q2022,F2:MOA\Q22,MOA,20220908
MOAU2022,MOANOHIST U2022,F2:MOA\U22,MOA,20221007
MOAV2022,MOANOHIST V2022,F2:MOA\V22,MOA,20221107
MOAX2022,MOANOHIST X2022,F2:MOA\X22,MOA,20221207
MOAZ2022,MOANOHIST Z2022,F2:MOA\Z22,MOA,20230109
MOAF2023,MOANOHIST F2023,F2:MOA\F23,MOA,20230207
MOAG2023,MOANOHIST G2023,F2:MOA\G23,MOA,20230307
MOAH2023,MOANOHIST H2023,F2:MOA\H23,MOA,20230410
MOAJ2023,MOANOHIST J2023,F2:MOA\J23,MOA,20230505
MOAK2023,MOANOHIST K2023,F2:MOA\K23,MOA,20230607
MOAM2023,MOANOHIST M2023,F2:MOA\M23,MOA,20230710
MOAN2023,MOANOHIST N2023,F2:MOA\N23,MOA,20230807
MOAQ2023,MOANOHIST Q2023,F2:MOA\Q23,MOA,20230908
MOAU2023,MOANOHIST U2023,F2:MOA\U23,MOA,20231006
MOAV2023,MOANOHIST V2023,F2:MOA\V23,MOA,20231107
MOAX2023,MOANOHIST X2023,F2:MOA\X23,MOA,20231207
MOAZ2023,MOANOHIST Z2023,F2:MOA\Z23,MOA,20240108
MOAF2024,MOANOHIST F2024,F2:MOA\F24,MOA,20240207
MOAG2024,MOANOHIST G2024,F2:MOA\G24,MOA,20240307
MOAH2024,MOANOHIST H2024,F2:MOA\H24,MOA,20240405
MOAJ2024,MOANOHIST J2024,F2:MOA\J24,MOA,20240507
MOAK2024,MOANOHIST K2024,F2:MOA\K24,MOA,20240607
MOAM2024,MOANOHIST M2024,F2:MOA\M24,MOA,20240708
MOAN2024,MOANOHIST N2024,F2:MOA\N24,MOA,20240807
MOAQ2024,MOANOHIST Q2024,F2:MOA\Q24,MOA,20240909
MOAU2024,MOANOHIST U2024,F2:MOA\U24,MOA,20241007
MOAV2024,MOANOHIST V2024,F2:MOA\V24,MOA,20241107
MOAX2024,MOANOHIST X2024,F2:MOA\X24,MOA,20241206
MOAZ2024,MOANOHIST Z2024,F2:MOA\Z24,MOA,20250108
MOAF2025,MOANOHIST F2025,F2:MOA\F25,MOA,20250207
MOAG2025,MOANOHIST G2025,F2:MOA\G25,MOA,20250307
MOAH2025,MOANOHIST H2025,F2:MOA\H25,MOA,20250407
MOAJ2025,MOANOHIST J2025,F2:MOA\J25,MOA,20250507
MOAK2025,MOANOHIST K2025,F2:MOA\K25,MOA,20250606
MOAM2025,MOANOHIST M2025,F2:MOA\M25,MOA,20250708
MOAN2025,MOANOHIST N2025,F2:MOA\N25,MOA,20250807
MOAQ2025,MOANOHIST Q2025,F2:MOA\Q25,MOA,20250908
MOAU2025,MOANOHIST U2025,F2:MOA\U25,MOA,20251007
MOAV2025,MOANOHIST V2025,F2:MOA\V25,MOA,20251107
MOAX2025,MOANOHIST X2025,F2:MOA\X25,MOA,20251205
MOAZ2025,MOANOHIST Z2025,F2:MOA\Z25,MOA,20260108
MOAF2026,MOANOHIST F2026,F2:MOA\F26,MOA,20260206
MOAG2026,MOANOHIST G2026,F2:MOA\G26,MOA,20260306
MOAH2026,MOANOHIST H2026,F2:MOA\H26,MOA,20260408
MOAJ2026,MOANOHIST J2026,F2:MOA\J26,MOA,20260507
MOAK2026,MOANOHIST K2026,F2:MOA\K26,MOA,20260605
MOAM2026,MOANOHIST M2026,F2:MOA\M26,MOA,20260708
MOAN2026,MOANOHIST N2026,F2:MOA\N26,MOA,20260807
MOAQ2026,MOANOHIST Q2026,F2:MOA\Q26,MOA,20260908
MOAU2026,MOANOHIST U2026,F2:MOA\U26,MOA,20261007
MOAV2026,MOANOHIST V2026,F2:MOA\V26,MOA,20261106
MOAX2026,MOANOHIST X2026,F2:MOA\X26,MOA,20261207
MOAZ2026,MOANOHIST Z2026,F2:MOA\Z26,MOA,20270108
MOAF2027,MOANOHIST F2027,F2:MOA\F27,MOA,20270205
MOAG2027,MOANOHIST G2027,F2:MOA\G27,MOA,20270305
MOAH2027,MOANOHIST H2027,F2:MOA\H27,MOA,20270407
MOAJ2027,MOANOHIST J2027,F2:MOA\J27,MOA,20270507
MOAK2027,MOANOHIST K2027,F2:MOA\K27,MOA,20270607
MOAM2027,MOANOHIST M2027,F2:MOA\M27,MOA,20270708
MOAN2027,MOANOHIST N2027,F2:MOA\N27,MOA,20270806
MOAQ2027,MOANOHIST Q2027,F2:MOA\Q27,MOA,20270908
MOAU2027,MOANOHIST U2027,F2:MOA\U27,MOA,20271007
MOAV2027,MOANOHIST V2027,F2:MOA\V27,MOA,20271105
MOAX2027,MOANOHIST X2027,F2:MOA\X27,MOA,20271207
MOAZ2027,MOANOHIST Z2027,F2:MOA\Z27,MOA,20280107
MPAM2019,MPANOHIST M2019,F2:MPA\M19,MPA,20190621
MPAQ2019,MPANOHIST Q2019,F2:MPA\Q19,MPA,20190801
MPAU2019,MPANOHIST U2019,F2:MPA\U19,MPA,20190831
MPAV2019,MPANOHIST V2019,F2:MPA\V19,MPA,20191031
MPAX2019,MPANOHIST X2019,F2:MPA\X19,MPA,20191129
MPAZ2019,MPANOHIST Z2019,F2:MPA\Z19,MPA,20191130
MPAF2020,MPANOHIST F2020,F2:MPA\F20,MPA,20200131
MPAG2020,MPANOHIST G2020,F2:MPA\G20,MPA,20200228
MPAH2020,MPANOHIST H2020,F2:MPA\H20,MPA,20200229
MPAJ2020,MPANOHIST J2020,F2:MPA\J20,MPA,20200430
MPAK2020,MPANOHIST K2020,F2:MPA\K20,MPA,20200529
MPAM2020,MPANOHIST M2020,F2:MPA\M20,MPA,20200530
MPAN2020,MPANOHIST N2020,F2:MPA\N20,MPA,20200731
MPAQ2020,MPANOHIST Q2020,F2:MPA\Q20,MPA,20200831
MPAU2020,MPANOHIST U2020,F2:MPA\U20,MPA,20200901
MPAV2020,MPANOHIST V2020,F2:MPA\V20,MPA,20201030
MPAX2020,MPANOHIST X2020,F2:MPA\X20,MPA,20201130
MPAZ2020,MPANOHIST Z2020,F2:MPA\Z20,MPA,20201201
MPAF2021,MPANOHIST F2021,F2:MPA\F21,MPA,20210129
MPAG2021,MPANOHIST G2021,F2:MPA\G21,MPA,20210226
MPAH2021,MPANOHIST H2021,F2:MPA\H21,MPA,20210227
MPAJ2021,MPANOHIST J2021,F2:MPA\J21,MPA,20210401
MPAK2021,MPANOHIST K2021,F2:MPA\K21,MPA,20210607
MPAM2021,MPANOHIST M2021,F2:MPA\M21,MPA,20210708
MPAN2021,MPANOHIST N2021,F2:MPA\N21,MPA,20210806
MPAQ2021,MPANOHIST Q2021,F2:MPA\Q21,MPA,20210908
MPAU2021,MPANOHIST U2021,F2:MPA\U21,MPA,20211007
MPAV2021,MPANOHIST V2021,F2:MPA\V21,MPA,20211105
MPAX2021,MPANOHIST X2021,F2:MPA\X21,MPA,20211207
MPAZ2021,MPANOHIST Z2021,F2:MPA\Z21,MPA,20220107
MPAF2022,MPANOHIST F2022,F2:MPA\F22,MPA,20220207
MPAG2022,MPANOHIST G2022,F2:MPA\G22,MPA,20220307
MPAH2022,MPANOHIST H2022,F2:MPA\H22,MPA,20220407
MPAJ2022,MPANOHIST J2022,F2:MPA\J22,MPA,20220506
MPAK2022,MPANOHIST K2022,F2:MPA\K22,MPA,20220607
MPAM2022,MPANOHIST M2022,F2:MPA\M22,MPA,20220708
MPAN2022,MPANOHIST N2022,F2:MPA\N22,MPA,20220805
MPAQ2022,MPANOHIST Q2022,F2:MPA\Q22,MPA,20220908
MPAU2022,MPANOHIST U2022,F2:MPA\U22,MPA,20221007
MPAV2022,MPANOHIST V2022,F2:MPA\V22,MPA,20221107
MPAX2022,MPANOHIST X2022,F2:MPA\X22,MPA,20221207
MPAZ2022,MPANOHIST Z2022,F2:MPA\Z22,MPA,20230109
MPAF2023,MPANOHIST F2023,F2:MPA\F23,MPA,20230207
MPAG2023,MPANOHIST G2023,F2:MPA\G23,MPA,20230307
MPAH2023,MPANOHIST H2023,F2:MPA\H23,MPA,20230410
MPAJ2023,MPANOHIST J2023,F2:MPA\J23,MPA,20230505
MPAK2023,MPANOHIST K2023,F2:MPA\K23,MPA,20230607
MPAM2023,MPANOHIST M2023,F2:MPA\M23,MPA,20230710
MPAN2023,MPANOHIST N2023,F2:MPA\N23,MPA,20230807
MPAQ2023,MPANOHIST Q2023,F2:MPA\Q23,MPA,20230908
MPAU2023,MPANOHIST U2023,F2:MPA\U23,MPA,20231006
MPAV2023,MPANOHIST V2023,F2:MPA\V23,MPA,20231107
MPAX2023,MPANOHIST X2023,F2:MPA\X23,MPA,20231207
MPAZ2023,MPANOHIST Z2023,F2:MPA\Z23,MPA,20240108
MPAF2024,MPANOHIST F2024,F2:MPA\F24,MPA,20240207
MPAG2024,MPANOHIST G2024,F2:MPA\G24,MPA,20240307
MPAH2024,MPANOHIST H2024,F2:MPA\H24,MPA,20240405
MPAJ2024,MPANOHIST J2024,F2:MPA\J24,MPA,20240507
MPAK2024,MPANOHIST K2024,F2:MPA\K24,MPA,20240607
MPAM2024,MPANOHIST M2024,F2:MPA\M24,MPA,20240708
MPAN2024,MPANOHIST N2024,F2:MPA\N24,MPA,20240807
MPAQ2024,MPANOHIST Q2024,F2:MPA\Q24,MPA,20240909
MPAU2024,MPANOHIST U2024,F2:MPA\U24,MPA,20241007
MPAV2024,MPANOHIST V2024,F2:MPA\V24,MPA,20241107
MPAX2024,MPANOHIST X2024,F2:MPA\X24,MPA,20241206
MPAZ2024,MPANOHIST Z2024,F2:MPA\Z24,MPA,20250108
MPAF2025,MPANOHIST F2025,F2:MPA\F25,MPA,20250207
MPAG2025,MPANOHIST G2025,F2:MPA\G25,MPA,20250307
MPAH2025,MPANOHIST H2025,F2:MPA\H25,MPA,20250407
MPAJ2025,MPANOHIST J2025,F2:MPA\J25,MPA,20250507
MPAK2025,MPANOHIST K2025,F2:MPA\K25,MPA,20250606
MPAM2025,MPANOHIST M2025,F2:MPA\M25,MPA,20250708
MPAN2025,MPANOHIST N2025,F2:MPA\N25,MPA,20250807
MPAQ2025,MPANOHIST Q2025,F2:MPA\Q25,MPA,20250908
MPAU2025,MPANOHIST U2025,F2:MPA\U25,MPA,20251007
MPAV2025,MPANOHIST V2025,F2:MPA\V25,MPA,20251107
MPAX2025,MPANOHIST X2025,F2:MPA\X25,MPA,20251205
MPAZ2025,MPANOHIST Z2025,F2:MPA\Z25,MPA,20260108
MPAF2026,MPANOHIST F2026,F2:MPA\F26,MPA,20260206
MPAG2026,MPANOHIST G2026,F2:MPA\G26,MPA,20260306
MPAH2026,MPANOHIST H2026,F2:MPA\H26,MPA,20260408
MPAJ2026,MPANOHIST J2026,F2:MPA\J26,MPA,20260507
MPAK2026,MPANOHIST K2026,F2:MPA\K26,MPA,20260605
MPAM2026,MPANOHIST M2026,F2:MPA\M26,MPA,20260708
MPAN2026,MPANOHIST N2026,F2:MPA\N26,MPA,20260807
MPAQ2026,MPANOHIST Q2026,F2:MPA\Q26,MPA,20260908
MPAU2026,MPANOHIST U2026,F2:MPA\U26,MPA,20261007
MPAV2026,MPANOHIST V2026,F2:MPA\V26,MPA,20261106
MPAX2026,MPANOHIST X2026,F2:MPA\X26,MPA,20261207
MPAZ2026,MPANOHIST Z2026,F2:MPA\Z26,MPA,20270108
MPAF2027,MPANOHIST F2027,F2:MPA\F27,MPA,20270205
MPAG2027,MPANOHIST G2027,F2:MPA\G27,MPA,20270305
MPAH2027,MPANOHIST H2027,F2:MPA\H27,MPA,20270407
MPAJ2027,MPANOHIST J2027,F2:MPA\J27,MPA,20270507
MPAK2027,MPANOHIST K2027,F2:MPA\K27,MPA,20270607
MPAM2027,MPANOHIST M2027,F2:MPA\M27,MPA,20270708
MPAN2027,MPANOHIST N2027,F2:MPA\N27,MPA,20270806
MPAQ2027,MPANOHIST Q2027,F2:MPA\Q27,MPA,20270908
MPAU2027,MPANOHIST U2027,F2:MPA\U27,MPA,20271007
MPAV2027,MPANOHIST V2027,F2:MPA\V27,MPA,20271105
MPAX2027,MPANOHIST X2027,F2:MPA\X27,MPA,20271207
MPAZ2027,MPANOHIST Z2027,F2:MPA\Z27,MPA,20280107
MPPH2011,MPPNOHIST H2011,F2:MPP\H11,MPP,20110318
MPPM2011,MPPNOHIST M2011,F2:MPP\M11,MPP,20110617
MPPU2011,MPPNOHIST U2011,F2:MPP\U11,MPP,20110916
MPPZ2011,MPPNOHIST Z2011,F2:MPP\Z11,MPP,20111216
MPPH2012,MPPNOHIST H2012,F2:MPP\H12,MPP,20120316
MPPM2012,MPPNOHIST M2012,F2:MPP\M12,MPP,20120615
MPPU2012,MPPNOHIST U2012,F2:MPP\U12,MPP,20120921
MPPZ2012,MPPNOHIST Z2012,F2:MPP\Z12,MPP,20121221
MPPH2013,MPPNOHIST H2013,F2:MPP\H13,MPP,20130315
MPPM2013,MPPNOHIST M2013,F2:MPP\M13,MPP,20130621
MPPU2013,MPPNOHIST U2013,F2:MPP\U13,MPP,20130920
MPPZ2013,MPPNOHIST Z2013,F2:MPP\Z13,MPP,20131220
MPPH2014,MPPNOHIST H2014,F2:MPP\H14,MPP,20140321
MPPM2014,MPPNOHIST M2014,F2:MPP\M14,MPP,20140620
MPPU2014,MPPNOHIST U2014,F2:MPP\U14,MPP,20140919
MPPZ2014,MPPNOHIST Z2014,F2:MPP\Z14,MPP,20141219
MPPH2015,MPPNOHIST H2015,F2:MPP\H15,MPP,20150320
MPPM2015,MPPNOHIST M2015,F2:MPP\M15,MPP,20150619
MPPU2015,MPPNOHIST U2015,F2:MPP\U15,MPP,20150918
MPPZ2015,MPPNOHIST Z2015,F2:MPP\Z15,MPP,20151218
MPPH2016,MPPNOHIST H2016,F2:MPP\H16,MPP,20160318
MPPM2016,MPPNOHIST M2016,F2:MPP\M16,MPP,20160617
MPPU2016,MPPNOHIST U2016,F2:MPP\U16,MPP,20160916
MPPZ2016,MPPNOHIST Z2016,F2:MPP\Z16,MPP,20161216
MPPH2017,MPPNOHIST H2017,F2:MPP\H17,MPP,20170317
MPPM2017,MPPNOHIST M2017,F2:MPP\M17,MPP,20170616
MPPU2017,MPPNOHIST U2017,F2:MPP\U17,MPP,20170915
MPPZ2017,MPPNOHIST Z2017,F2:MPP\Z17,MPP,20171215
MPPH2018,MPPNOHIST H2018,F2:MPP\H18,MPP,20180316
MPPM2018,MPPNOHIST M2018,F2:MPP\M18,MPP,20180615
MPPU2018,MPPNOHIST U2018,F2:MPP\U18,MPP,20180921
MPPZ2018,MPPNOHIST Z2018,F2:MPP\Z18,MPP,20181221
MPPH2019,MPPNOHIST H2019,F2:MPP\H19,MPP,20190315
MPPM2019,MPPNOHIST M2019,F2:MPP\M19,MPP,20190621
MPPQ2019,MPPNOHIST Q2019,F2:MPP\Q19,MPP,20190731
MPPU2019,MPPNOHIST U2019,F2:MPP\U19,MPP,20190830
MPPV2019,MPPNOHIST V2019,F2:MPP\V19,MPP,20190930
MPPX2019,MPPNOHIST X2019,F2:MPP\X19,MPP,20191031
MPPZ2019,MPPNOHIST Z2019,F2:MPP\Z19,MPP,20191129
MPPF2020,MPPNOHIST F2020,F2:MPP\F20,MPP,20191231
MPPG2020,MPPNOHIST G2020,F2:MPP\G20,MPP,20200131
MPPH2020,MPPNOHIST H2020,F2:MPP\H20,MPP,20200228
MPPJ2020,MPPNOHIST J2020,F2:MPP\J20,MPP,20200331
MPPK2020,MPPNOHIST K2020,F2:MPP\K20,MPP,20200430
MPPM2020,MPPNOHIST M2020,F2:MPP\M20,MPP,20200529
MPPN2020,MPPNOHIST N2020,F2:MPP\N20,MPP,20200630
MPPQ2020,MPPNOHIST Q2020,F2:MPP\Q20,MPP,20200731
MPPU2020,MPPNOHIST U2020,F2:MPP\U20,MPP,20200831
MPPV2020,MPPNOHIST V2020,F2:MPP\V20,MPP,20200930
MPPX2020,MPPNOHIST X2020,F2:MPP\X20,MPP,20201030
MPPZ2020,MPPNOHIST Z2020,F2:MPP\Z20,MPP,20201130
MPPF2021,MPPNOHIST F2021,F2:MPP\F21,MPP,20201231
MPPG2021,MPPNOHIST G2021,F2:MPP\G21,MPP,20210129
MPPH2021,MPPNOHIST H2021,F2:MPP\H21,MPP,20210226
MPPJ2021,MPPNOHIST J2021,F2:MPP\J21,MPP,20210331
MPPK2021,MPPNOHIST K2021,F2:MPP\K21,MPP,20210607
MPPM2021,MPPNOHIST M2021,F2:MPP\M21,MPP,20210708
MPPN2021,MPPNOHIST N2021,F2:MPP\N21,MPP,20210806
MPPQ2021,MPPNOHIST Q2021,F2:MPP\Q21,MPP,20210908
MPPU2021,MPPNOHIST U2021,F2:MPP\U21,MPP,20211007
MPPV2021,MPPNOHIST V2021,F2:MPP\V21,MPP,20211105
MPPX2021,MPPNOHIST X2021,F2:MPP\X21,MPP,20211207
MPPZ2021,MPPNOHIST Z2021,F2:MPP\Z21,MPP,20220107
MPPF2022,MPPNOHIST F2022,F2:MPP\F22,MPP,20220207
MPPG2022,MPPNOHIST G2022,F2:MPP\G22,MPP,20220307
MPPH2022,MPPNOHIST H2022,F2:MPP\H22,MPP,20220407
MPPJ2022,MPPNOHIST J2022,F2:MPP\J22,MPP,20220506
MPPK2022,MPPNOHIST K2022,F2:MPP\K22,MPP,20220607
MPPM2022,MPPNOHIST M2022,F2:MPP\M22,MPP,20220708
MPPN2022,MPPNOHIST N2022,F2:MPP\N22,MPP,20220805
MPPQ2022,MPPNOHIST Q2022,F2:MPP\Q22,MPP,20220908
MPPU2022,MPPNOHIST U2022,F2:MPP\U22,MPP,20221007
MPPV2022,MPPNOHIST V2022,F2:MPP\V22,MPP,20221107
MPPX2022,MPPNOHIST X2022,F2:MPP\X22,MPP,20221207
MPPZ2022,MPPNOHIST Z2022,F2:MPP\Z22,MPP,20230109
MPPF2023,MPPNOHIST F2023,F2:MPP\F23,MPP,20230207
MPPG2023,MPPNOHIST G2023,F2:MPP\G23,MPP,20230307
MPPH2023,MPPNOHIST H2023,F2:MPP\H23,MPP,20230410
MPPJ2023,MPPNOHIST J2023,F2:MPP\J23,MPP,20230505
MPPK2023,MPPNOHIST K2023,F2:MPP\K23,MPP,20230607
MPPM2023,MPPNOHIST M2023,F2:MPP\M23,MPP,20230710
MPPN2023,MPPNOHIST N2023,F2:MPP\N23,MPP,20230807
MPPQ2023,MPPNOHIST Q2023,F2:MPP\Q23,MPP,20230908
MPPU2023,MPPNOHIST U2023,F2:MPP\U23,MPP,20231006
MPPV2023,MPPNOHIST V2023,F2:MPP\V23,MPP,20231107
MPPX2023,MPPNOHIST X2023,F2:MPP\X23,MPP,20231207
MPPZ2023,MPPNOHIST Z2023,F2:MPP\Z23,MPP,20240108
MPPF2024,MPPNOHIST F2024,F2:MPP\F24,MPP,20240207
MPPG2024,MPPNOHIST G2024,F2:MPP\G24,MPP,20240307
MPPH2024,MPPNOHIST H2024,F2:MPP\H24,MPP,20240405
MPPJ2024,MPPNOHIST J2024,F2:MPP\J24,MPP,20240507
MPPK2024,MPPNOHIST K2024,F2:MPP\K24,MPP,20240607
MPPM2024,MPPNOHIST M2024,F2:MPP\M24,MPP,20240708
MPPN2024,MPPNOHIST N2024,F2:MPP\N24,MPP,20240807
MPPQ2024,MPPNOHIST Q2024,F2:MPP\Q24,MPP,20240909
MPPU2024,MPPNOHIST U2024,F2:MPP\U24,MPP,20241007
MPPV2024,MPPNOHIST V2024,F2:MPP\V24,MPP,20241107
MPPX2024,MPPNOHIST X2024,F2:MPP\X24,MPP,20241206
MPPZ2024,MPPNOHIST Z2024,F2:MPP\Z24,MPP,20250108
MPPF2025,MPPNOHIST F2025,F2:MPP\F25,MPP,20250207
MPPG2025,MPPNOHIST G2025,F2:MPP\G25,MPP,20250307
MPPH2025,MPPNOHIST H2025,F2:MPP\H25,MPP,20250407
MPPJ2025,MPPNOHIST J2025,F2:MPP\J25,MPP,20250507
MPPK2025,MPPNOHIST K2025,F2:MPP\K25,MPP,20250606
MPPM2025,MPPNOHIST M2025,F2:MPP\M25,MPP,20250708
MPPN2025,MPPNOHIST N2025,F2:MPP\N25,MPP,20250807
MPPQ2025,MPPNOHIST Q2025,F2:MPP\Q25,MPP,20250908
MPPU2025,MPPNOHIST U2025,F2:MPP\U25,MPP,20251007
MPPV2025,MPPNOHIST V2025,F2:MPP\V25,MPP,20251107
MPPX2025,MPPNOHIST X2025,F2:MPP\X25,MPP,20251205
MPPZ2025,MPPNOHIST Z2025,F2:MPP\Z25,MPP,20260108
MPPF2026,MPPNOHIST F2026,F2:MPP\F26,MPP,20260206
MPPG2026,MPPNOHIST G2026,F2:MPP\G26,MPP,20260306
MPPH2026,MPPNOHIST H2026,F2:MPP\H26,MPP,20260408
MPPJ2026,MPPNOHIST J2026,F2:MPP\J26,MPP,20260507
MPPK2026,MPPNOHIST K2026,F2:MPP\K26,MPP,20260605
MPPM2026,MPPNOHIST M2026,F2:MPP\M26,MPP,20260708
MPPN2026,MPPNOHIST N2026,F2:MPP\N26,MPP,20260807
MPPQ2026,MPPNOHIST Q2026,F2:MPP\Q26,MPP,20260908
MPPU2026,MPPNOHIST U2026,F2:MPP\U26,MPP,20261007
MPPV2026,MPPNOHIST V2026,F2:MPP\V26,MPP,20261106
MPPX2026,MPPNOHIST X2026,F2:MPP\X26,MPP,20261207
MPPZ2026,MPPNOHIST Z2026,F2:MPP\Z26,MPP,20270108
MPPF2027,MPPNOHIST F2027,F2:MPP\F27,MPP,20270205
MPPG2027,MPPNOHIST G2027,F2:MPP\G27,MPP,20270305
MPPH2027,MPPNOHIST H2027,F2:MPP\H27,MPP,20270407
MPPJ2027,MPPNOHIST J2027,F2:MPP\J27,MPP,20270507
MPPK2027,MPPNOHIST K2027,F2:MPP\K27,MPP,20270607
MPPM2027,MPPNOHIST M2027,F2:MPP\M27,MPP,20270708
MPPN2027,MPPNOHIST N2027,F2:MPP\N27,MPP,20270806
MPPQ2027,MPPNOHIST Q2027,F2:MPP\Q27,MPP,20270908
MPPU2027,MPPNOHIST U2027,F2:MPP\U27,MPP,20271007
MPPV2027,MPPNOHIST V2027,F2:MPP\V27,MPP,20271105
MPPX2027,MPPNOHIST X2027,F2:MPP\X27,MPP,20271207
MPPZ2027,MPPNOHIST Z2027,F2:MPP\Z27,MPP,20280107
SGGU2019,SGGNOHIST U2019,F2:SGG\U19,SGG,20190930
SGGV2019,SGGNOHIST V2019,F2:SGG\V19,SGG,20191031
SGGX2019,SGGNOHIST X2019,F2:SGG\X19,SGG,20191129
SGGZ2019,SGGNOHIST Z2019,F2:SGG\Z19,SGG,20191231
SGGF2020,SGGNOHIST F2020,F2:SGG\F20,SGG,20200131
SGGG2020,SGGNOHIST G2020,F2:SGG\G20,SGG,20200228
SGGH2020,SGGNOHIST H2020,F2:SGG\H20,SGG,20200331
SGGJ2020,SGGNOHIST J2020,F2:SGG\J20,SGG,20200430
SGGK2020,SGGNOHIST K2020,F2:SGG\K20,SGG,20200529
SGGM2020,SGGNOHIST M2020,F2:SGG\M20,SGG,20200630
SGGN2020,SGGNOHIST N2020,F2:SGG\N20,SGG,20200730
SGGQ2020,SGGNOHIST Q2020,F2:SGG\Q20,SGG,20200828
SGGU2020,SGGNOHIST U2020,F2:SGG\U20,SGG,20200930
SGGV2020,SGGNOHIST V2020,F2:SGG\V20,SGG,20201030
SGGX2020,SGGNOHIST X2020,F2:SGG\X20,SGG,20201130
SGGZ2020,SGGNOHIST Z2020,F2:SGG\Z20,SGG,20210105
SGGF2021,SGGNOHIST F2021,F2:SGG\F21,SGG,20210202
SGGG2021,SGGNOHIST G2021,F2:SGG\G21,SGG,20210302
SGGH2021,SGGNOHIST H2021,F2:SGG\H21,SGG,20210405
SGGJ2021,SGGNOHIST J2021,F2:SGG\J21,SGG,20210504
SGGK2021,SGGNOHIST K2021,F2:SGG\K21,SGG,20210602
SGGM2021,SGGNOHIST M2021,F2:SGG\M21,SGG,20210702
SGGN2021,SGGNOHIST N2021,F2:SGG\N21,SGG,20210803
SGGQ2021,SGGNOHIST Q2021,F2:SGG\Q21,SGG,20210902
SGGU2021,SGGNOHIST U2021,F2:SGG\U21,SGG,20211004
SGGV2021,SGGNOHIST V2021,F2:SGG\V21,SGG,20211102
SGGX2021,SGGNOHIST X2021,F2:SGG\X21,SGG,20211202
SGGZ2021,SGGNOHIST Z2021,F2:SGG\Z21,SGG,20220104
SGGF2022,SGGNOHIST F2022,F2:SGG\F22,SGG,20220202
SGGG2022,SGGNOHIST G2022,F2:SGG\G22,SGG,20220302
SGGH2022,SGGNOHIST H2022,F2:SGG\H22,SGG,20220404
SGGJ2022,SGGNOHIST J2022,F2:SGG\J22,SGG,20220503
SGGK2022,SGGNOHIST K2022,F2:SGG\K22,SGG,20220602
SGGM2022,SGGNOHIST M2022,F2:SGG\M22,SGG,20220705
SGGN2022,SGGNOHIST N2022,F2:SGG\N22,SGG,20220802
SGGQ2022,SGGNOHIST Q2022,F2:SGG\Q22,SGG,20220902
SGGU2022,SGGNOHIST U2022,F2:SGG\U22,SGG,20221004
SGGV2022,SGGNOHIST V2022,F2:SGG\V22,SGG,20221102
SGGX2022,SGGNOHIST X2022,F2:SGG\X22,SGG,20221202
SGGZ2022,SGGNOHIST Z2022,F2:SGG\Z22,SGG,20230104
SGGF2023,SGGNOHIST F2023,F2:SGG\F23,SGG,20230202
SGGG2023,SGGNOHIST G2023,F2:SGG\G23,SGG,20230302
SGGH2023,SGGNOHIST H2023,F2:SGG\H23,SGG,20230404
SGGJ2023,SGGNOHIST J2023,F2:SGG\J23,SGG,20230502
SGGK2023,SGGNOHIST K2023,F2:SGG\K23,SGG,20230602
SGGM2023,SGGNOHIST M2023,F2:SGG\M23,SGG,20230705
SGGN2023,SGGNOHIST N2023,F2:SGG\N23,SGG,20230802
SGGQ2023,SGGNOHIST Q2023,F2:SGG\Q23,SGG,20230905
SGGU2023,SGGNOHIST U2023,F2:SGG\U23,SGG,20231003
SGGV2023,SGGNOHIST V2023,F2:SGG\V23,SGG,20231102
SGGX2023,SGGNOHIST X2023,F2:SGG\X23,SGG,20231204
SGGZ2023,SGGNOHIST Z2023,F2:SGG\Z23,SGG,20240103
SGGF2024,SGGNOHIST F2024,F2:SGG\F24,SGG,20240202
SGGG2024,SGGNOHIST G2024,F2:SGG\G24,SGG,20240304
SGGH2024,SGGNOHIST H2024,F2:SGG\H24,SGG,20240402
SGGJ2024,SGGNOHIST J2024,F2:SGG\J24,SGG,20240502
SGGK2024,SGGNOHIST K2024,F2:SGG\K24,SGG,20240604
SGGM2024,SGGNOHIST M2024,F2:SGG\M24,SGG,20240702
SGGN2024,SGGNOHIST N2024,F2:SGG\N24,SGG,20240802
SGGQ2024,SGGNOHIST Q2024,F2:SGG\Q24,SGG,20240904
SGGU2024,SGGNOHIST U2024,F2:SGG\U24,SGG,20241002
SGGV2024,SGGNOHIST V2024,F2:SGG\V24,SGG,20241104
SGGX2024,SGGNOHIST X2024,F2:SGG\X24,SGG,20241203
SGGZ2024,SGGNOHIST Z2024,F2:SGG\Z24,SGG,20250103
