AMFH2011,AMF H2011-NZF,F:AMF\H11,AMF,20110405
AMFJ2011,AMF J2011-NZF,F:AMF\J11,AMF,20110503
AMFK2011,AMF K2011-NZF,F:AMF\K11,AMF,20110601
AMFM2011,AMF M2011-NZF,F:AMF\M11,AMF,20110705
AMFN2011,AMF N2011-NZF,F:AMF\N11,AMF,20110801
AMFQ2011,AMF Q2011-NZF,F:AMF\Q11,AMF,20110906
AMFU2011,AMF U2011-NZF,F:AMF\U11,AMF,20111004
AMFV2011,AMF V2011-NZF,F:AMF\V11,AMF,20111101
AMFX2011,AMF X2011-NZF,F:AMF\X11,AMF,20111206
AMFZ2011,AMF Z2011-NZF,F:AMF\Z11,AMF,20120103
AMFF2012,AMF F2012-NZF,F:AMF\F12,AMF,20120201
AMFG2012,AMF G2012-NZF,F:AMF\G12,AMF,20120306
AMFH2012,AMF H2012-NZF,F:AMF\H12,AMF,20120403
AMFJ2012,AMF J2012-NZF,F:AMF\J12,AMF,20120501
AMFK2012,AMF K2012-NZF,F:AMF\K12,AMF,20120605
AMFM2012,AMF M2012-NZF,F:AMF\M12,AMF,20120703
AMFN2012,AMF N2012-NZF,F:AMF\N12,AMF,20120801
AMFQ2012,AMF Q2012-NZF,F:AMF\Q12,AMF,20120904
AMFU2012,AMF U2012-NZF,F:AMF\U12,AMF,20121002
AMFV2012,AMF V2012-NZF,F:AMF\V12,AMF,20121106
AMFX2012,AMF X2012-NZF,F:AMF\X12,AMF,20121204
AMFZ2012,AMF Z2012-NZF,F:AMF\Z12,AMF,20121231
AMFF2013,AMF F2013-NZF,F:AMF\F13,AMF,20130131
AMFG2013,AMF G2013-NZF,F:AMF\G13,AMF,20130307
AMFH2013,AMF H2013-NZF,F:AMF\H13,AMF,20130404
AMFJ2013,AMF J2013-NZF,F:AMF\J13,AMF,20130503
AMFK2013,AMF K2013-NZF,F:AMF\K13,AMF,20130606
AMFM2013,AMF M2013-NZF,F:AMF\M13,AMF,20130704
AMFN2013,AMF N2013-NZF,F:AMF\N13,AMF,20130718
AMFQ2013,AMF Q2013-NZF,F:AMF\Q13,AMF,20130822
AMFU2013,AMF U2013-NZF,F:AMF\U13,AMF,20130919
AMFV2013,AMF V2013-NZF,F:AMF\V13,AMF,20131017
AMFX2013,AMF X2013-NZF,F:AMF\X13,AMF,20131121
AMFZ2013,AMF Z2013-NZF,F:AMF\Z13,AMF,20131219
AMFF2014,AMF F2014-NZF,F:AMF\F14,AMF,20140123
AMFG2014,AMF G2014-NZF,F:AMF\G14,AMF,20140220
AMFH2014,AMF H2014-NZF,F:AMF\H14,AMF,20140320
AMFJ2014,AMF J2014-NZF,F:AMF\J14,AMF,20140417
AMFK2014,AMF K2014-NZF,F:AMF\K14,AMF,20140522
AMFM2014,AMF M2014-NZF,F:AMF\M14,AMF,20140619
AMFN2014,AMF N2014-NZF,F:AMF\N14,AMF,20140717
AMFQ2014,AMF Q2014-NZF,F:AMF\Q14,AMF,20140821
AMFU2014,AMF U2014-NZF,F:AMF\U14,AMF,20140918
AMFV2014,AMF V2014-NZF,F:AMF\V14,AMF,20141017
AMFX2014,AMF X2014-NZF,F:AMF\X14,AMF,20141120
AMFZ2014,AMF Z2014-NZF,F:AMF\Z14,AMF,20141218
AMFF2015,AMF F2015-NZF,F:AMF\F15,AMF,20150122
AMFG2015,AMF G2015-NZF,F:AMF\G15,AMF,20150219
AMFH2015,AMF H2015-NZF,F:AMF\H15,AMF,20150319
AMFJ2015,AMF J2015-NZF,F:AMF\J15,AMF,20150417
AMFK2015,AMF K2015-NZF,F:AMF\K15,AMF,20150521
AMFM2015,AMF M2015-NZF,F:AMF\M15,AMF,20150618
AMFN2015,AMF N2015-NZF,F:AMF\N15,AMF,20150717
AMFQ2015,AMF Q2015-NZF,F:AMF\Q15,AMF,20150820
AMFU2015,AMF U2015-NZF,F:AMF\U15,AMF,20150917
AMFV2015,AMF V2015-NZF,F:AMF\V15,AMF,20151022
AMFX2015,AMF X2015-NZF,F:AMF\X15,AMF,20151119
AMFZ2015,AMF Z2015-NZF,F:AMF\Z15,AMF,20151217
AMFF2016,AMF F2016-NZF,F:AMF\F16,AMF,20160121
AMFG2016,AMF G2016-NZF,F:AMF\G16,AMF,20160218
AMFH2016,AMF H2016-NZF,F:AMF\H16,AMF,20160317
AMFJ2016,AMF J2016-NZF,F:AMF\J16,AMF,20160421
AMFK2016,AMF K2016-NZF,F:AMF\K16,AMF,20160519
AMFM2016,AMF M2016-NZF,F:AMF\M16,AMF,20160617
AMFN2016,AMF N2016-NZF,F:AMF\N16,AMF,20160721
AMFQ2016,AMF Q2016-NZF,F:AMF\Q16,AMF,20160818
AMFU2016,AMF U2016-NZF,F:AMF\U16,AMF,20160922
AMFV2016,AMF V2016-NZF,F:AMF\V16,AMF,20161020
AMFX2016,AMF X2016-NZF,F:AMF\X16,AMF,20161117
AMFZ2016,AMF Z2016-NZF,F:AMF\Z16,AMF,20161222
AMFF2017,AMF F2017-NZF,F:AMF\F17,AMF,20170119
AMFG2017,AMF G2017-NZF,F:AMF\G17,AMF,20170223
AMFH2017,AMF H2017-NZF,F:AMF\H17,AMF,20170323
AMFJ2017,AMF J2017-NZF,F:AMF\J17,AMF,20170420
AMFK2017,AMF K2017-NZF,F:AMF\K17,AMF,20170518
AMFM2017,AMF M2017-NZF,F:AMF\M17,AMF,20170622
AMFN2017,AMF N2017-NZF,F:AMF\N17,AMF,20170720
AMFQ2017,AMF Q2017-NZF,F:AMF\Q17,AMF,20170817
AMFU2017,AMF U2017-NZF,F:AMF\U17,AMF,20170921
AMFV2017,AMF V2017-NZF,F:AMF\V17,AMF,20171019
AMFX2017,AMF X2017-NZF,F:AMF\X17,AMF,20171117
AMFZ2017,AMF Z2017-NZF,F:AMF\Z17,AMF,20171221
AMFF2018,AMF F2018-NZF,F:AMF\F18,AMF,20180118
AMFG2018,AMF G2018-NZF,F:AMF\G18,AMF,20180222
AMFH2018,AMF H2018-NZF,F:AMF\H18,AMF,20180321
AMFJ2018,AMF J2018-NZF,F:AMF\J18,AMF,20180418
AMFK2018,AMF K2018-NZF,F:AMF\K18,AMF,20180516
AMFM2018,AMF M2018-NZF,F:AMF\M18,AMF,20180620
AMFN2018,AMF N2018-NZF,F:AMF\N18,AMF,20180718
AMFQ2018,AMF Q2018-NZF,F:AMF\Q18,AMF,20180822
AMFU2018,AMF U2018-NZF,F:AMF\U18,AMF,20180919
AMFV2018,AMF V2018-NZF,F:AMF\V18,AMF,20181017
AMFX2018,AMF X2018-NZF,F:AMF\X18,AMF,20181121
AMFZ2018,AMF Z2018-NZF,F:AMF\Z18,AMF,20181219
AMFF2019,AMF F2019-NZF,F:AMF\F19,AMF,20190116
AMFG2019,AMF G2019-NZF,F:AMF\G19,AMF,20190220
AMFH2019,AMF H2019-NZF,F:AMF\H19,AMF,20190320
AMFJ2019,AMF J2019-NZF,F:AMF\J19,AMF,20190417
AMFK2019,AMF K2019-NZF,F:AMF\K19,AMF,20190522
AMFM2019,AMF M2019-NZF,F:AMF\M19,AMF,20190619
AMFN2019,AMF N2019-NZF,F:AMF\N19,AMF,20190717
AMFQ2019,AMF Q2019-NZF,F:AMF\Q19,AMF,20190821
AMFU2019,AMF U2019-NZF,F:AMF\U19,AMF,20190918
AMFV2019,AMF V2019-NZF,F:AMF\V19,AMF,20191016
AMFX2019,AMF X2019-NZF,F:AMF\X19,AMF,20191120
AMFZ2019,AMF Z2019-NZF,F:AMF\Z19,AMF,20191218
AMFF2020,AMF F2020-NZF,F:AMF\F20,AMF,20200122
AMFG2020,AMF G2020-NZF,F:AMF\G20,AMF,20200219
AMFH2020,AMF H2020-NZF,F:AMF\H20,AMF,20200318
AMFJ2020,AMF J2020-NZF,F:AMF\J20,AMF,20200422
AMFK2020,AMF K2020-NZF,F:AMF\K20,AMF,20200520
AMFM2020,AMF M2020-NZF,F:AMF\M20,AMF,20200617
AMFN2020,AMF N2020-NZF,F:AMF\N20,AMF,20200721
AMFQ2020,AMF Q2020-NZF,F:AMF\Q20,AMF,20200818
AMFU2020,AMF U2020-NZF,F:AMF\U20,AMF,20200915
AMFV2020,AMF V2020-NZF,F:AMF\V20,AMF,20201020
AMFX2020,AMF X2020-NZF,F:AMF\X20,AMF,20201117
AMFZ2020,AMF Z2020-NZF,F:AMF\Z20,AMF,20201215
AMFF2021,AMF F2021-NZF,F:AMF\F21,AMF,20210120
AMFG2021,AMF G2021-NZF,F:AMF\G21,AMF,20210217
AMFH2021,AMF H2021-NZF,F:AMF\H21,AMF,20210317
AMFJ2021,AMF J2021-NZF,F:AMF\J21,AMF,20210421
AMFK2021,AMF K2021-NZF,F:AMF\K21,AMF,20210519
AMFM2021,AMF M2021-NZF,F:AMF\M21,AMF,20210616
AMFN2021,AMF N2021-NZF,F:AMF\N21,AMF,20210721
AMFQ2021,AMF Q2021-NZF,F:AMF\Q21,AMF,20210818
AMFU2021,AMF U2021-NZF,F:AMF\U21,AMF,20210922
AMFV2021,AMF V2021-NZF,F:AMF\V21,AMF,20211020
AMFX2021,AMF X2021-NZF,F:AMF\X21,AMF,20211117
AMFZ2021,AMF Z2021-NZF,F:AMF\Z21,AMF,20211222
AMFF2022,AMF F2022-NZF,F:AMF\F22,AMF,20220119
AMFG2022,AMF G2022-NZF,F:AMF\G22,AMF,20220216
AMFH2022,AMF H2022-NZF,F:AMF\H22,AMF,20220316
AMFJ2022,AMF J2022-NZF,F:AMF\J22,AMF,20220420
AMFK2022,AMF K2022-NZF,F:AMF\K22,AMF,20220518
AMFM2022,AMF M2022-NZF,F:AMF\M22,AMF,20220622
AMFN2022,AMF N2022-NZF,F:AMF\N22,AMF,20220720
AMFQ2022,AMF Q2022-NZF,F:AMF\Q22,AMF,20220817
AMFU2022,AMF U2022-NZF,F:AMF\U22,AMF,20220921
AMFV2022,AMF V2022-NZF,F:AMF\V22,AMF,20221019
AMFX2022,AMF X2022-NZF,F:AMF\X22,AMF,20221116
AMFZ2022,AMF Z2022-NZF,F:AMF\Z22,AMF,20221221
AMFF2023,AMF F2023-NZF,F:AMF\F23,AMF,20230118
AMFG2023,AMF G2023-NZF,F:AMF\G23,AMF,20230222
AMFH2023,AMF H2023-NZF,F:AMF\H23,AMF,20230322
AMFJ2023,AMF J2023-NZF,F:AMF\J23,AMF,20230419
AMFK2023,AMF K2023-NZF,F:AMF\K23,AMF,20230517
AMFM2023,AMF M2023-NZF,F:AMF\M23,AMF,20230621
AMFN2023,AMF N2023-NZF,F:AMF\N23,AMF,20230719
AMFQ2023,AMF Q2023-NZF,F:AMF\Q23,AMF,20230816
AMFU2023,AMF U2023-NZF,F:AMF\U23,AMF,20230920
AMFV2023,AMF V2023-NZF,F:AMF\V23,AMF,20231018
AMFX2023,AMF X2023-NZF,F:AMF\X23,AMF,20231122
AMFZ2023,AMF Z2023-NZF,F:AMF\Z23,AMF,20231220
AMFF2024,AMF F2024-NZF,F:AMF\F24,AMF,20240117
AMFG2024,AMF G2024-NZF,F:AMF\G24,AMF,20240221
AMFH2024,AMF H2024-NZF,F:AMF\H24,AMF,20240320
BTRF2015,BTR F2015-NZF,F:BTR\F15,BTR,20150122
BTRG2015,BTR G2015-NZF,F:BTR\G15,BTR,20150219
BTRH2015,BTR H2015-NZF,F:BTR\H15,BTR,20150319
BTRJ2015,BTR J2015-NZF,F:BTR\J15,BTR,20150417
BTRK2015,BTR K2015-NZF,F:BTR\K15,BTR,20150521
BTRM2015,BTR M2015-NZF,F:BTR\M15,BTR,20150618
BTRN2015,BTR N2015-NZF,F:BTR\N15,BTR,20150717
BTRQ2015,BTR Q2015-NZF,F:BTR\Q15,BTR,20150820
BTRU2015,BTR U2015-NZF,F:BTR\U15,BTR,20150917
BTRV2015,BTR V2015-NZF,F:BTR\V15,BTR,20151022
BTRX2015,BTR X2015-NZF,F:BTR\X15,BTR,20151119
BTRZ2015,BTR Z2015-NZF,F:BTR\Z15,BTR,20151217
BTRF2016,BTR F2016-NZF,F:BTR\F16,BTR,20160121
BTRG2016,BTR G2016-NZF,F:BTR\G16,BTR,20160218
BTRH2016,BTR H2016-NZF,F:BTR\H16,BTR,20160317
BTRJ2016,BTR J2016-NZF,F:BTR\J16,BTR,20160421
BTRK2016,BTR K2016-NZF,F:BTR\K16,BTR,20160519
BTRM2016,BTR M2016-NZF,F:BTR\M16,BTR,20160617
BTRN2016,BTR N2016-NZF,F:BTR\N16,BTR,20160721
BTRQ2016,BTR Q2016-NZF,F:BTR\Q16,BTR,20160818
BTRU2016,BTR U2016-NZF,F:BTR\U16,BTR,20160922
BTRV2016,BTR V2016-NZF,F:BTR\V16,BTR,20161020
BTRX2016,BTR X2016-NZF,F:BTR\X16,BTR,20161117
BTRZ2016,BTR Z2016-NZF,F:BTR\Z16,BTR,20161222
BTRF2017,BTR F2017-NZF,F:BTR\F17,BTR,20170119
BTRG2017,BTR G2017-NZF,F:BTR\G17,BTR,20170223
BTRH2017,BTR H2017-NZF,F:BTR\H17,BTR,20170323
BTRJ2017,BTR J2017-NZF,F:BTR\J17,BTR,20170420
BTRK2017,BTR K2017-NZF,F:BTR\K17,BTR,20170518
BTRM2017,BTR M2017-NZF,F:BTR\M17,BTR,20170622
BTRN2017,BTR N2017-NZF,F:BTR\N17,BTR,20170720
BTRQ2017,BTR Q2017-NZF,F:BTR\Q17,BTR,20170817
BTRU2017,BTR U2017-NZF,F:BTR\U17,BTR,20170921
BTRV2017,BTR V2017-NZF,F:BTR\V17,BTR,20171019
BTRX2017,BTR X2017-NZF,F:BTR\X17,BTR,20171117
BTRZ2017,BTR Z2017-NZF,F:BTR\Z17,BTR,20171221
BTRF2018,BTR F2018-NZF,F:BTR\F18,BTR,20180118
BTRG2018,BTR G2018-NZF,F:BTR\G18,BTR,20180222
BTRH2018,BTR H2018-NZF,F:BTR\H18,BTR,20180321
BTRJ2018,BTR J2018-NZF,F:BTR\J18,BTR,20180418
BTRK2018,BTR K2018-NZF,F:BTR\K18,BTR,20180516
BTRM2018,BTR M2018-NZF,F:BTR\M18,BTR,20180620
BTRN2018,BTR N2018-NZF,F:BTR\N18,BTR,20180718
BTRQ2018,BTR Q2018-NZF,F:BTR\Q18,BTR,20180822
BTRU2018,BTR U2018-NZF,F:BTR\U18,BTR,20180919
BTRV2018,BTR V2018-NZF,F:BTR\V18,BTR,20181017
BTRX2018,BTR X2018-NZF,F:BTR\X18,BTR,20181121
BTRZ2018,BTR Z2018-NZF,F:BTR\Z18,BTR,20181219
BTRF2019,BTR F2019-NZF,F:BTR\F19,BTR,20190116
BTRG2019,BTR G2019-NZF,F:BTR\G19,BTR,20190220
BTRH2019,BTR H2019-NZF,F:BTR\H19,BTR,20190320
BTRJ2019,BTR J2019-NZF,F:BTR\J19,BTR,20190417
BTRK2019,BTR K2019-NZF,F:BTR\K19,BTR,20190522
BTRM2019,BTR M2019-NZF,F:BTR\M19,BTR,20190619
BTRN2019,BTR N2019-NZF,F:BTR\N19,BTR,20190717
BTRQ2019,BTR Q2019-NZF,F:BTR\Q19,BTR,20190821
BTRU2019,BTR U2019-NZF,F:BTR\U19,BTR,20190918
BTRV2019,BTR V2019-NZF,F:BTR\V19,BTR,20191016
BTRX2019,BTR X2019-NZF,F:BTR\X19,BTR,20191120
BTRZ2019,BTR Z2019-NZF,F:BTR\Z19,BTR,20191218
BTRF2020,BTR F2020-NZF,F:BTR\F20,BTR,20200122
BTRG2020,BTR G2020-NZF,F:BTR\G20,BTR,20200219
BTRH2020,BTR H2020-NZF,F:BTR\H20,BTR,20200318
BTRJ2020,BTR J2020-NZF,F:BTR\J20,BTR,20200422
BTRK2020,BTR K2020-NZF,F:BTR\K20,BTR,20200520
BTRM2020,BTR M2020-NZF,F:BTR\M20,BTR,20200617
BTRN2020,BTR N2020-NZF,F:BTR\N20,BTR,20200721
BTRQ2020,BTR Q2020-NZF,F:BTR\Q20,BTR,20200818
BTRU2020,BTR U2020-NZF,F:BTR\U20,BTR,20200915
BTRV2020,BTR V2020-NZF,F:BTR\V20,BTR,20201020
BTRX2020,BTR X2020-NZF,F:BTR\X20,BTR,20201117
BTRZ2020,BTR Z2020-NZF,F:BTR\Z20,BTR,20201215
BTRF2021,BTR F2021-NZF,F:BTR\F21,BTR,20210120
BTRG2021,BTR G2021-NZF,F:BTR\G21,BTR,20210217
BTRH2021,BTR H2021-NZF,F:BTR\H21,BTR,20210317
BTRJ2021,BTR J2021-NZF,F:BTR\J21,BTR,20210421
BTRK2021,BTR K2021-NZF,F:BTR\K21,BTR,20210519
BTRM2021,BTR M2021-NZF,F:BTR\M21,BTR,20210616
BTRN2021,BTR N2021-NZF,F:BTR\N21,BTR,20210721
BTRQ2021,BTR Q2021-NZF,F:BTR\Q21,BTR,20210818
BTRU2021,BTR U2021-NZF,F:BTR\U21,BTR,20210922
BTRV2021,BTR V2021-NZF,F:BTR\V21,BTR,20211020
BTRX2021,BTR X2021-NZF,F:BTR\X21,BTR,20211117
BTRZ2021,BTR Z2021-NZF,F:BTR\Z21,BTR,20211222
BTRF2022,BTR F2022-NZF,F:BTR\F22,BTR,20220119
BTRG2022,BTR G2022-NZF,F:BTR\G22,BTR,20220216
BTRH2022,BTR H2022-NZF,F:BTR\H22,BTR,20220316
BTRJ2022,BTR J2022-NZF,F:BTR\J22,BTR,20220420
BTRK2022,BTR K2022-NZF,F:BTR\K22,BTR,20220518
BTRM2022,BTR M2022-NZF,F:BTR\M22,BTR,20220622
BTRN2022,BTR N2022-NZF,F:BTR\N22,BTR,20220720
BTRQ2022,BTR Q2022-NZF,F:BTR\Q22,BTR,20220817
BTRU2022,BTR U2022-NZF,F:BTR\U22,BTR,20220921
BTRV2022,BTR V2022-NZF,F:BTR\V22,BTR,20221019
BTRX2022,BTR X2022-NZF,F:BTR\X22,BTR,20221116
BTRZ2022,BTR Z2022-NZF,F:BTR\Z22,BTR,20221221
BTRF2023,BTR F2023-NZF,F:BTR\F23,BTR,20230118
BTRG2023,BTR G2023-NZF,F:BTR\G23,BTR,20230222
BTRH2023,BTR H2023-NZF,F:BTR\H23,BTR,20230322
BTRJ2023,BTR J2023-NZF,F:BTR\J23,BTR,20230419
BTRK2023,BTR K2023-NZF,F:BTR\K23,BTR,20230517
BTRM2023,BTR M2023-NZF,F:BTR\M23,BTR,20230621
BTRN2023,BTR N2023-NZF,F:BTR\N23,BTR,20230719
BTRQ2023,BTR Q2023-NZF,F:BTR\Q23,BTR,20230816
BTRU2023,BTR U2023-NZF,F:BTR\U23,BTR,20230920
BTRV2023,BTR V2023-NZF,F:BTR\V23,BTR,20231018
BTRX2023,BTR X2023-NZF,F:BTR\X23,BTR,20231122
BTRZ2023,BTR Z2023-NZF,F:BTR\Z23,BTR,20231220
BTRF2024,BTR F2024-NZF,F:BTR\F24,BTR,20240117
BTRG2024,BTR G2024-NZF,F:BTR\G24,BTR,20240221
BTRH2024,BTR H2024-NZF,F:BTR\H24,BTR,20240320
KIWN2014,NZ20 N2014-NZF,F:NZ20\N14,KIW,20140717
KIWQ2014,NZ20 Q2014-NZF,F:NZ20\Q14,KIW,20140821
KIWU2014,NZ20 U2014-NZF,F:NZ20\U14,KIW,20140918
KIWV2014,NZ20 V2014-NZF,F:NZ20\V14,KIW,20141016
KIWX2014,NZ20 X2014-NZF,F:NZ20\X14,KIW,20141120
KIWZ2014,NZ20 Z2014-NZF,F:NZ20\Z14,KIW,20141218
KIWF2015,NZ20 F2015-NZF,F:NZ20\F15,KIW,20150115
KIWG2015,NZ20 G2015-NZF,F:NZ20\G15,KIW,20150219
KIWH2015,NZ20 H2015-NZF,F:NZ20\H15,KIW,20150319
KIWJ2015,NZ20 J2015-NZF,F:NZ20\J15,KIW,20150416
KIWK2015,NZ20 K2015-NZF,F:NZ20\K15,KIW,20150521
KIWM2015,NZ20 M2015-NZF,F:NZ20\M15,KIW,20150618
KIWN2015,NZ20 N2015-NZF,F:NZ20\N15,KIW,20150716
KIWQ2015,NZ20 Q2015-NZF,F:NZ20\Q15,KIW,20150820
KIWU2015,NZ20 U2015-NZF,F:NZ20\U15,KIW,20150917
KIWZ2015,NZ20 Z2015-NZF,F:NZ20\Z15,KIW,20151217
KIWH2016,NZ20 H2016-NZF,F:NZ20\H16,KIW,20160317
KIWM2016,NZ20 M2016-NZF,F:NZ20\M16,KIW,20160616
KIWU2016,NZ20 U2016-NZF,F:NZ20\U16,KIW,20160915
KIWZ2016,NZ20 Z2016-NZF,F:NZ20\Z16,KIW,20161215
KIWH2017,NZ20 H2017-NZF,F:NZ20\H17,KIW,20170316
KIWM2017,NZ20 M2017-NZF,F:NZ20\M17,KIW,20170615
KIWU2017,NZ20 U2017-NZF,F:NZ20\U17,KIW,20170921
KIWZ2017,NZ20 Z2017-NZF,F:NZ20\Z17,KIW,20171221
KIWH2018,NZ20 H2018-NZF,F:NZ20\H18,KIW,20180330
KIWM2018,NZ20 M2018-NZF,F:NZ20\M18,KIW,20180629
KIWU2018,NZ20 U2018-NZF,F:NZ20\U18,KIW,20180920
KIWZ2018,NZ20 Z2018-NZF,F:NZ20\Z18,KIW,20181220
KIWH2019,NZ20 H2019-NZF,F:NZ20\H19,KIW,20190322
KIWM2019,NZ20 M2019-NZF,F:NZ20\M19,KIW,20190620
KIWU2019,NZ20 U2019-NZF,F:NZ20\U19,KIW,20190919
KIWZ2019,NZ20 Z2019-NZF,F:NZ20\Z19,KIW,20191219
KIWH2020,NZ20 H2020-NZF,F:NZ20\H20,KIW,20200319
KIWM2020,NZ20 M2020-NZF,F:NZ20\M20,KIW,20200618
KIWU2020,NZ20 U2020-NZF,F:NZ20\U20,KIW,20200917
KIWZ2020,NZ20 Z2020-NZF,F:NZ20\Z20,KIW,20201217
KIWH2021,NZ20 H2021-NZF,F:NZ20\H21,KIW,20210318
KIWM2021,NZ20 M2021-NZF,F:NZ20\M21,KIW,20210617
KIWU2021,NZ20 U2021-NZF,F:NZ20\U21,KIW,20210916
KIWZ2021,NZ20 Z2021-NZF,F:NZ20\Z21,KIW,20211216
KIWH2022,NZ20 H2022-NZF,F:NZ20\H22,KIW,20220317
KIWM2022,NZ20 M2022-NZF,F:NZ20\M22,KIW,20220616
KIWU2022,NZ20 U2022-NZF,F:NZ20\U22,KIW,20220915
KIWZ2022,NZ20 Z2022-NZF,F:NZ20\Z22,KIW,20221215
KIWH2023,NZ20 H2023-NZF,F:NZ20\H23,KIW,20230316
KIWM2023,NZ20 M2023-NZF,F:NZ20\M23,KIW,20230630
KIWU2023,NZ20 U2023-NZF,F:NZ20\U23,KIW,20230930
KIWZ2023,NZ20 Z2023-NZF,F:NZ20\Z23,KIW,20231231
MKPU2017,MKP U2017-NZF,F:MKP\U17,MKP,20170914
MKPU2018,MKP U2018-NZF,F:MKP\U18,MKP,20180913
MKPU2019,MKP U2019-NZF,F:MKP\U19,MKP,20190930
MKPU2020,MKP U2020-NZF,F:MKP\U20,MKP,20200930
MKPU2021,MKP U2021-NZF,F:MKP\U21,MKP,20210930
MKPU2022,MKP U2022-NZF,F:MKP\U22,MKP,20221003
MKPU2023,MKP U2023-NZF,F:MKP\U23,MKP,20231002
MKPU2024,MKP U2024-NZF,F:MKP\U24,MKP,20241001
MKPU2025,MKP U2025-NZF,F:MKP\U25,MKP,20251001
SMPH2011,SMP H2011-NZF,F:SMP\H11,SMP,20110405
SMPJ2011,SMP J2011-NZF,F:SMP\J11,SMP,20110503
SMPK2011,SMP K2011-NZF,F:SMP\K11,SMP,20110601
SMPM2011,SMP M2011-NZF,F:SMP\M11,SMP,20110705
SMPN2011,SMP N2011-NZF,F:SMP\N11,SMP,20110801
SMPQ2011,SMP Q2011-NZF,F:SMP\Q11,SMP,20110906
SMPU2011,SMP U2011-NZF,F:SMP\U11,SMP,20111004
SMPV2011,SMP V2011-NZF,F:SMP\V11,SMP,20111101
SMPX2011,SMP X2011-NZF,F:SMP\X11,SMP,20111206
SMPZ2011,SMP Z2011-NZF,F:SMP\Z11,SMP,20120103
SMPF2012,SMP F2012-NZF,F:SMP\F12,SMP,20120201
SMPG2012,SMP G2012-NZF,F:SMP\G12,SMP,20120306
SMPH2012,SMP H2012-NZF,F:SMP\H12,SMP,20120403
SMPJ2012,SMP J2012-NZF,F:SMP\J12,SMP,20120501
SMPK2012,SMP K2012-NZF,F:SMP\K12,SMP,20120605
SMPM2012,SMP M2012-NZF,F:SMP\M12,SMP,20120703
SMPN2012,SMP N2012-NZF,F:SMP\N12,SMP,20120801
SMPQ2012,SMP Q2012-NZF,F:SMP\Q12,SMP,20120904
SMPU2012,SMP U2012-NZF,F:SMP\U12,SMP,20121002
SMPV2012,SMP V2012-NZF,F:SMP\V12,SMP,20121106
SMPX2012,SMP X2012-NZF,F:SMP\X12,SMP,20121204
SMPZ2012,SMP Z2012-NZF,F:SMP\Z12,SMP,20121231
SMPF2013,SMP F2013-NZF,F:SMP\F13,SMP,20130131
SMPG2013,SMP G2013-NZF,F:SMP\G13,SMP,20130307
SMPH2013,SMP H2013-NZF,F:SMP\H13,SMP,20130404
SMPJ2013,SMP J2013-NZF,F:SMP\J13,SMP,20130503
SMPK2013,SMP K2013-NZF,F:SMP\K13,SMP,20130606
SMPM2013,SMP M2013-NZF,F:SMP\M13,SMP,20130704
SMPN2013,SMP N2013-NZF,F:SMP\N13,SMP,20130718
SMPQ2013,SMP Q2013-NZF,F:SMP\Q13,SMP,20130822
SMPU2013,SMP U2013-NZF,F:SMP\U13,SMP,20130919
SMPV2013,SMP V2013-NZF,F:SMP\V13,SMP,20131017
SMPX2013,SMP X2013-NZF,F:SMP\X13,SMP,20131121
SMPZ2013,SMP Z2013-NZF,F:SMP\Z13,SMP,20131219
SMPF2014,SMP F2014-NZF,F:SMP\F14,SMP,20140123
SMPG2014,SMP G2014-NZF,F:SMP\G14,SMP,20140220
SMPH2014,SMP H2014-NZF,F:SMP\H14,SMP,20140320
SMPJ2014,SMP J2014-NZF,F:SMP\J14,SMP,20140417
SMPK2014,SMP K2014-NZF,F:SMP\K14,SMP,20140522
SMPM2014,SMP M2014-NZF,F:SMP\M14,SMP,20140619
SMPN2014,SMP N2014-NZF,F:SMP\N14,SMP,20140717
SMPQ2014,SMP Q2014-NZF,F:SMP\Q14,SMP,20140821
SMPU2014,SMP U2014-NZF,F:SMP\U14,SMP,20140918
SMPV2014,SMP V2014-NZF,F:SMP\V14,SMP,20141017
SMPX2014,SMP X2014-NZF,F:SMP\X14,SMP,20141120
SMPZ2014,SMP Z2014-NZF,F:SMP\Z14,SMP,20141218
SMPF2015,SMP F2015-NZF,F:SMP\F15,SMP,20150122
SMPG2015,SMP G2015-NZF,F:SMP\G15,SMP,20150219
SMPH2015,SMP H2015-NZF,F:SMP\H15,SMP,20150319
SMPJ2015,SMP J2015-NZF,F:SMP\J15,SMP,20150417
SMPK2015,SMP K2015-NZF,F:SMP\K15,SMP,20150521
SMPM2015,SMP M2015-NZF,F:SMP\M15,SMP,20150618
SMPN2015,SMP N2015-NZF,F:SMP\N15,SMP,20150717
SMPQ2015,SMP Q2015-NZF,F:SMP\Q15,SMP,20150820
SMPU2015,SMP U2015-NZF,F:SMP\U15,SMP,20150917
SMPV2015,SMP V2015-NZF,F:SMP\V15,SMP,20151022
SMPX2015,SMP X2015-NZF,F:SMP\X15,SMP,20151119
SMPZ2015,SMP Z2015-NZF,F:SMP\Z15,SMP,20151217
SMPF2016,SMP F2016-NZF,F:SMP\F16,SMP,20160121
SMPG2016,SMP G2016-NZF,F:SMP\G16,SMP,20160218
SMPH2016,SMP H2016-NZF,F:SMP\H16,SMP,20160317
SMPJ2016,SMP J2016-NZF,F:SMP\J16,SMP,20160421
SMPK2016,SMP K2016-NZF,F:SMP\K16,SMP,20160519
SMPM2016,SMP M2016-NZF,F:SMP\M16,SMP,20160617
SMPN2016,SMP N2016-NZF,F:SMP\N16,SMP,20160721
SMPQ2016,SMP Q2016-NZF,F:SMP\Q16,SMP,20160818
SMPU2016,SMP U2016-NZF,F:SMP\U16,SMP,20160922
SMPV2016,SMP V2016-NZF,F:SMP\V16,SMP,20161020
SMPX2016,SMP X2016-NZF,F:SMP\X16,SMP,20161117
SMPZ2016,SMP Z2016-NZF,F:SMP\Z16,SMP,20161222
SMPF2017,SMP F2017-NZF,F:SMP\F17,SMP,20170119
SMPG2017,SMP G2017-NZF,F:SMP\G17,SMP,20170223
SMPH2017,SMP H2017-NZF,F:SMP\H17,SMP,20170323
SMPJ2017,SMP J2017-NZF,F:SMP\J17,SMP,20170420
SMPK2017,SMP K2017-NZF,F:SMP\K17,SMP,20170518
SMPM2017,SMP M2017-NZF,F:SMP\M17,SMP,20170622
SMPN2017,SMP N2017-NZF,F:SMP\N17,SMP,20170720
SMPQ2017,SMP Q2017-NZF,F:SMP\Q17,SMP,20170817
SMPU2017,SMP U2017-NZF,F:SMP\U17,SMP,20170921
SMPV2017,SMP V2017-NZF,F:SMP\V17,SMP,20171019
SMPX2017,SMP X2017-NZF,F:SMP\X17,SMP,20171117
SMPZ2017,SMP Z2017-NZF,F:SMP\Z17,SMP,20171221
SMPF2018,SMP F2018-NZF,F:SMP\F18,SMP,20180118
SMPG2018,SMP G2018-NZF,F:SMP\G18,SMP,20180222
SMPH2018,SMP H2018-NZF,F:SMP\H18,SMP,20180321
SMPJ2018,SMP J2018-NZF,F:SMP\J18,SMP,20180418
SMPK2018,SMP K2018-NZF,F:SMP\K18,SMP,20180516
SMPM2018,SMP M2018-NZF,F:SMP\M18,SMP,20180620
SMPN2018,SMP N2018-NZF,F:SMP\N18,SMP,20180718
SMPQ2018,SMP Q2018-NZF,F:SMP\Q18,SMP,20180822
SMPU2018,SMP U2018-NZF,F:SMP\U18,SMP,20180919
SMPV2018,SMP V2018-NZF,F:SMP\V18,SMP,20181017
SMPX2018,SMP X2018-NZF,F:SMP\X18,SMP,20181121
SMPZ2018,SMP Z2018-NZF,F:SMP\Z18,SMP,20181219
SMPF2019,SMP F2019-NZF,F:SMP\F19,SMP,20190116
SMPG2019,SMP G2019-NZF,F:SMP\G19,SMP,20190220
SMPH2019,SMP H2019-NZF,F:SMP\H19,SMP,20190320
SMPJ2019,SMP J2019-NZF,F:SMP\J19,SMP,20190417
SMPK2019,SMP K2019-NZF,F:SMP\K19,SMP,20190522
SMPM2019,SMP M2019-NZF,F:SMP\M19,SMP,20190619
SMPN2019,SMP N2019-NZF,F:SMP\N19,SMP,20190717
SMPQ2019,SMP Q2019-NZF,F:SMP\Q19,SMP,20190821
SMPU2019,SMP U2019-NZF,F:SMP\U19,SMP,20190918
SMPV2019,SMP V2019-NZF,F:SMP\V19,SMP,20191016
SMPX2019,SMP X2019-NZF,F:SMP\X19,SMP,20191120
SMPZ2019,SMP Z2019-NZF,F:SMP\Z19,SMP,20191218
SMPF2020,SMP F2020-NZF,F:SMP\F20,SMP,20200122
SMPG2020,SMP G2020-NZF,F:SMP\G20,SMP,20200219
SMPH2020,SMP H2020-NZF,F:SMP\H20,SMP,20200318
SMPJ2020,SMP J2020-NZF,F:SMP\J20,SMP,20200422
SMPK2020,SMP K2020-NZF,F:SMP\K20,SMP,20200520
SMPM2020,SMP M2020-NZF,F:SMP\M20,SMP,20200617
SMPN2020,SMP N2020-NZF,F:SMP\N20,SMP,20200721
SMPQ2020,SMP Q2020-NZF,F:SMP\Q20,SMP,20200818
SMPU2020,SMP U2020-NZF,F:SMP\U20,SMP,20200915
SMPV2020,SMP V2020-NZF,F:SMP\V20,SMP,20201020
SMPX2020,SMP X2020-NZF,F:SMP\X20,SMP,20201117
SMPZ2020,SMP Z2020-NZF,F:SMP\Z20,SMP,20201215
SMPF2021,SMP F2021-NZF,F:SMP\F21,SMP,20210120
SMPG2021,SMP G2021-NZF,F:SMP\G21,SMP,20210217
SMPH2021,SMP H2021-NZF,F:SMP\H21,SMP,20210317
SMPJ2021,SMP J2021-NZF,F:SMP\J21,SMP,20210421
SMPK2021,SMP K2021-NZF,F:SMP\K21,SMP,20210519
SMPM2021,SMP M2021-NZF,F:SMP\M21,SMP,20210616
SMPN2021,SMP N2021-NZF,F:SMP\N21,SMP,20210721
SMPQ2021,SMP Q2021-NZF,F:SMP\Q21,SMP,20210818
SMPU2021,SMP U2021-NZF,F:SMP\U21,SMP,20210922
SMPV2021,SMP V2021-NZF,F:SMP\V21,SMP,20211020
SMPX2021,SMP X2021-NZF,F:SMP\X21,SMP,20211117
SMPZ2021,SMP Z2021-NZF,F:SMP\Z21,SMP,20211222
SMPF2022,SMP F2022-NZF,F:SMP\F22,SMP,20220119
SMPG2022,SMP G2022-NZF,F:SMP\G22,SMP,20220216
SMPH2022,SMP H2022-NZF,F:SMP\H22,SMP,20220316
SMPJ2022,SMP J2022-NZF,F:SMP\J22,SMP,20220420
SMPK2022,SMP K2022-NZF,F:SMP\K22,SMP,20220518
SMPM2022,SMP M2022-NZF,F:SMP\M22,SMP,20220622
SMPN2022,SMP N2022-NZF,F:SMP\N22,SMP,20220720
SMPQ2022,SMP Q2022-NZF,F:SMP\Q22,SMP,20220817
SMPU2022,SMP U2022-NZF,F:SMP\U22,SMP,20220921
SMPV2022,SMP V2022-NZF,F:SMP\V22,SMP,20221019
SMPX2022,SMP X2022-NZF,F:SMP\X22,SMP,20221116
SMPZ2022,SMP Z2022-NZF,F:SMP\Z22,SMP,20221221
SMPF2023,SMP F2023-NZF,F:SMP\F23,SMP,20230118
SMPG2023,SMP G2023-NZF,F:SMP\G23,SMP,20230222
SMPH2023,SMP H2023-NZF,F:SMP\H23,SMP,20230322
SMPJ2023,SMP J2023-NZF,F:SMP\J23,SMP,20230419
SMPK2023,SMP K2023-NZF,F:SMP\K23,SMP,20230517
SMPM2023,SMP M2023-NZF,F:SMP\M23,SMP,20230621
SMPN2023,SMP N2023-NZF,F:SMP\N23,SMP,20230719
SMPQ2023,SMP Q2023-NZF,F:SMP\Q23,SMP,20230816
SMPU2023,SMP U2023-NZF,F:SMP\U23,SMP,20230920
SMPV2023,SMP V2023-NZF,F:SMP\V23,SMP,20231018
SMPX2023,SMP X2023-NZF,F:SMP\X23,SMP,20231122
SMPZ2023,SMP Z2023-NZF,F:SMP\Z23,SMP,20231220
SMPF2024,SMP F2024-NZF,F:SMP\F24,SMP,20240117
SMPG2024,SMP G2024-NZF,F:SMP\G24,SMP,20240221
SMPH2024,SMP H2024-NZF,F:SMP\H24,SMP,20240320
WMPV2010,WMP V2010-NZF,F:WMP\V10,WMP,20101102
WMPX2010,WMP X2010-NZF,F:WMP\X10,WMP,20101201
WMPZ2010,WMP Z2010-NZF,F:WMP\Z10,WMP,20110104
WMPF2011,WMP F2011-NZF,F:WMP\F11,WMP,20110201
WMPG2011,WMP G2011-NZF,F:WMP\G11,WMP,20110301
WMPH2011,WMP H2011-NZF,F:WMP\H11,WMP,20110405
WMPJ2011,WMP J2011-NZF,F:WMP\J11,WMP,20110503
WMPK2011,WMP K2011-NZF,F:WMP\K11,WMP,20110601
WMPM2011,WMP M2011-NZF,F:WMP\M11,WMP,20110705
WMPN2011,WMP N2011-NZF,F:WMP\N11,WMP,20110801
WMPQ2011,WMP Q2011-NZF,F:WMP\Q11,WMP,20110906
WMPU2011,WMP U2011-NZF,F:WMP\U11,WMP,20111004
WMPV2011,WMP V2011-NZF,F:WMP\V11,WMP,20111101
WMPX2011,WMP X2011-NZF,F:WMP\X11,WMP,20111206
WMPZ2011,WMP Z2011-NZF,F:WMP\Z11,WMP,20120103
WMPF2012,WMP F2012-NZF,F:WMP\F12,WMP,20120201
WMPG2012,WMP G2012-NZF,F:WMP\G12,WMP,20120306
WMPH2012,WMP H2012-NZF,F:WMP\H12,WMP,20120403
WMPJ2012,WMP J2012-NZF,F:WMP\J12,WMP,20120501
WMPK2012,WMP K2012-NZF,F:WMP\K12,WMP,20120605
WMPM2012,WMP M2012-NZF,F:WMP\M12,WMP,20120703
WMPN2012,WMP N2012-NZF,F:WMP\N12,WMP,20120801
WMPQ2012,WMP Q2012-NZF,F:WMP\Q12,WMP,20120904
WMPU2012,WMP U2012-NZF,F:WMP\U12,WMP,20121002
WMPV2012,WMP V2012-NZF,F:WMP\V12,WMP,20121106
WMPX2012,WMP X2012-NZF,F:WMP\X12,WMP,20121204
WMPZ2012,WMP Z2012-NZF,F:WMP\Z12,WMP,20121231
WMPF2013,WMP F2013-NZF,F:WMP\F13,WMP,20130131
WMPG2013,WMP G2013-NZF,F:WMP\G13,WMP,20130307
WMPH2013,WMP H2013-NZF,F:WMP\H13,WMP,20130402
WMPJ2013,WMP J2013-NZF,F:WMP\J13,WMP,20130503
WMPK2013,WMP K2013-NZF,F:WMP\K13,WMP,20130606
WMPM2013,WMP M2013-NZF,F:WMP\M13,WMP,20130701
WMPN2013,WMP N2013-NZF,F:WMP\N13,WMP,20130718
WMPQ2013,WMP Q2013-NZF,F:WMP\Q13,WMP,20130822
WMPU2013,WMP U2013-NZF,F:WMP\U13,WMP,20130919
WMPV2013,WMP V2013-NZF,F:WMP\V13,WMP,20131017
WMPX2013,WMP X2013-NZF,F:WMP\X13,WMP,20131121
WMPZ2013,WMP Z2013-NZF,F:WMP\Z13,WMP,20131219
WMPF2014,WMP F2014-NZF,F:WMP\F14,WMP,20140123
WMPG2014,WMP G2014-NZF,F:WMP\G14,WMP,20140220
WMPH2014,WMP H2014-NZF,F:WMP\H14,WMP,20140320
WMPJ2014,WMP J2014-NZF,F:WMP\J14,WMP,20140417
WMPK2014,WMP K2014-NZF,F:WMP\K14,WMP,20140522
WMPM2014,WMP M2014-NZF,F:WMP\M14,WMP,20140619
WMPN2014,WMP N2014-NZF,F:WMP\N14,WMP,20140717
WMPQ2014,WMP Q2014-NZF,F:WMP\Q14,WMP,20140821
WMPU2014,WMP U2014-NZF,F:WMP\U14,WMP,20140918
WMPV2014,WMP V2014-NZF,F:WMP\V14,WMP,20141017
WMPX2014,WMP X2014-NZF,F:WMP\X14,WMP,20141120
WMPZ2014,WMP Z2014-NZF,F:WMP\Z14,WMP,20141218
WMPF2015,WMP F2015-NZF,F:WMP\F15,WMP,20150122
WMPG2015,WMP G2015-NZF,F:WMP\G15,WMP,20150219
WMPH2015,WMP H2015-NZF,F:WMP\H15,WMP,20150319
WMPJ2015,WMP J2015-NZF,F:WMP\J15,WMP,20150417
WMPK2015,WMP K2015-NZF,F:WMP\K15,WMP,20150521
WMPM2015,WMP M2015-NZF,F:WMP\M15,WMP,20150618
WMPN2015,WMP N2015-NZF,F:WMP\N15,WMP,20150717
WMPQ2015,WMP Q2015-NZF,F:WMP\Q15,WMP,20150820
WMPU2015,WMP U2015-NZF,F:WMP\U15,WMP,20150917
WMPV2015,WMP V2015-NZF,F:WMP\V15,WMP,20151022
WMPX2015,WMP X2015-NZF,F:WMP\X15,WMP,20151119
WMPZ2015,WMP Z2015-NZF,F:WMP\Z15,WMP,20151217
WMPF2016,WMP F2016-NZF,F:WMP\F16,WMP,20160121
WMPG2016,WMP G2016-NZF,F:WMP\G16,WMP,20160218
WMPH2016,WMP H2016-NZF,F:WMP\H16,WMP,20160317
WMPJ2016,WMP J2016-NZF,F:WMP\J16,WMP,20160421
WMPK2016,WMP K2016-NZF,F:WMP\K16,WMP,20160519
WMPM2016,WMP M2016-NZF,F:WMP\M16,WMP,20160617
WMPN2016,WMP N2016-NZF,F:WMP\N16,WMP,20160721
WMPQ2016,WMP Q2016-NZF,F:WMP\Q16,WMP,20160818
WMPU2016,WMP U2016-NZF,F:WMP\U16,WMP,20160922
WMPV2016,WMP V2016-NZF,F:WMP\V16,WMP,20161020
WMPX2016,WMP X2016-NZF,F:WMP\X16,WMP,20161117
WMPZ2016,WMP Z2016-NZF,F:WMP\Z16,WMP,20161222
WMPF2017,WMP F2017-NZF,F:WMP\F17,WMP,20170119
WMPG2017,WMP G2017-NZF,F:WMP\G17,WMP,20170223
WMPH2017,WMP H2017-NZF,F:WMP\H17,WMP,20170323
WMPJ2017,WMP J2017-NZF,F:WMP\J17,WMP,20170420
WMPK2017,WMP K2017-NZF,F:WMP\K17,WMP,20170518
WMPM2017,WMP M2017-NZF,F:WMP\M17,WMP,20170622
WMPN2017,WMP N2017-NZF,F:WMP\N17,WMP,20170720
WMPQ2017,WMP Q2017-NZF,F:WMP\Q17,WMP,20170817
WMPU2017,WMP U2017-NZF,F:WMP\U17,WMP,20170921
WMPV2017,WMP V2017-NZF,F:WMP\V17,WMP,20171019
WMPX2017,WMP X2017-NZF,F:WMP\X17,WMP,20171117
WMPZ2017,WMP Z2017-NZF,F:WMP\Z17,WMP,20171221
WMPF2018,WMP F2018-NZF,F:WMP\F18,WMP,20180118
WMPG2018,WMP G2018-NZF,F:WMP\G18,WMP,20180222
WMPH2018,WMP H2018-NZF,F:WMP\H18,WMP,20180321
WMPJ2018,WMP J2018-NZF,F:WMP\J18,WMP,20180418
WMPK2018,WMP K2018-NZF,F:WMP\K18,WMP,20180516
WMPM2018,WMP M2018-NZF,F:WMP\M18,WMP,20180620
WMPN2018,WMP N2018-NZF,F:WMP\N18,WMP,20180718
WMPQ2018,WMP Q2018-NZF,F:WMP\Q18,WMP,20180822
WMPU2018,WMP U2018-NZF,F:WMP\U18,WMP,20180919
WMPV2018,WMP V2018-NZF,F:WMP\V18,WMP,20181017
WMPX2018,WMP X2018-NZF,F:WMP\X18,WMP,20181121
WMPZ2018,WMP Z2018-NZF,F:WMP\Z18,WMP,20181219
WMPF2019,WMP F2019-NZF,F:WMP\F19,WMP,20190116
WMPG2019,WMP G2019-NZF,F:WMP\G19,WMP,20190220
WMPH2019,WMP H2019-NZF,F:WMP\H19,WMP,20190320
WMPJ2019,WMP J2019-NZF,F:WMP\J19,WMP,20190417
WMPK2019,WMP K2019-NZF,F:WMP\K19,WMP,20190522
WMPM2019,WMP M2019-NZF,F:WMP\M19,WMP,20190619
WMPN2019,WMP N2019-NZF,F:WMP\N19,WMP,20190717
WMPQ2019,WMP Q2019-NZF,F:WMP\Q19,WMP,20190821
WMPU2019,WMP U2019-NZF,F:WMP\U19,WMP,20190918
WMPV2019,WMP V2019-NZF,F:WMP\V19,WMP,20191016
WMPX2019,WMP X2019-NZF,F:WMP\X19,WMP,20191120
WMPZ2019,WMP Z2019-NZF,F:WMP\Z19,WMP,20191218
WMPF2020,WMP F2020-NZF,F:WMP\F20,WMP,20200122
WMPG2020,WMP G2020-NZF,F:WMP\G20,WMP,20200219
WMPH2020,WMP H2020-NZF,F:WMP\H20,WMP,20200318
WMPJ2020,WMP J2020-NZF,F:WMP\J20,WMP,20200422
WMPK2020,WMP K2020-NZF,F:WMP\K20,WMP,20200520
WMPM2020,WMP M2020-NZF,F:WMP\M20,WMP,20200617
WMPN2020,WMP N2020-NZF,F:WMP\N20,WMP,20200721
WMPQ2020,WMP Q2020-NZF,F:WMP\Q20,WMP,20200818
WMPU2020,WMP U2020-NZF,F:WMP\U20,WMP,20200915
WMPV2020,WMP V2020-NZF,F:WMP\V20,WMP,20201020
WMPX2020,WMP X2020-NZF,F:WMP\X20,WMP,20201117
WMPZ2020,WMP Z2020-NZF,F:WMP\Z20,WMP,20201215
WMPF2021,WMP F2021-NZF,F:WMP\F21,WMP,20210120
WMPG2021,WMP G2021-NZF,F:WMP\G21,WMP,20210217
WMPH2021,WMP H2021-NZF,F:WMP\H21,WMP,20210317
WMPJ2021,WMP J2021-NZF,F:WMP\J21,WMP,20210421
WMPK2021,WMP K2021-NZF,F:WMP\K21,WMP,20210519
WMPM2021,WMP M2021-NZF,F:WMP\M21,WMP,20210616
WMPN2021,WMP N2021-NZF,F:WMP\N21,WMP,20210721
WMPQ2021,WMP Q2021-NZF,F:WMP\Q21,WMP,20210818
WMPU2021,WMP U2021-NZF,F:WMP\U21,WMP,20210922
WMPV2021,WMP V2021-NZF,F:WMP\V21,WMP,20211020
WMPX2021,WMP X2021-NZF,F:WMP\X21,WMP,20211117
WMPZ2021,WMP Z2021-NZF,F:WMP\Z21,WMP,20211222
WMPF2022,WMP F2022-NZF,F:WMP\F22,WMP,20220119
WMPG2022,WMP G2022-NZF,F:WMP\G22,WMP,20220216
WMPH2022,WMP H2022-NZF,F:WMP\H22,WMP,20220316
WMPJ2022,WMP J2022-NZF,F:WMP\J22,WMP,20220420
WMPK2022,WMP K2022-NZF,F:WMP\K22,WMP,20220518
WMPM2022,WMP M2022-NZF,F:WMP\M22,WMP,20220622
WMPN2022,WMP N2022-NZF,F:WMP\N22,WMP,20220720
WMPQ2022,WMP Q2022-NZF,F:WMP\Q22,WMP,20220817
WMPU2022,WMP U2022-NZF,F:WMP\U22,WMP,20220921
WMPV2022,WMP V2022-NZF,F:WMP\V22,WMP,20221019
WMPX2022,WMP X2022-NZF,F:WMP\X22,WMP,20221116
WMPZ2022,WMP Z2022-NZF,F:WMP\Z22,WMP,20221221
WMPF2023,WMP F2023-NZF,F:WMP\F23,WMP,20230118
WMPG2023,WMP G2023-NZF,F:WMP\G23,WMP,20230222
WMPH2023,WMP H2023-NZF,F:WMP\H23,WMP,20230322
WMPJ2023,WMP J2023-NZF,F:WMP\J23,WMP,20230419
WMPK2023,WMP K2023-NZF,F:WMP\K23,WMP,20230517
WMPM2023,WMP M2023-NZF,F:WMP\M23,WMP,20230621
WMPN2023,WMP N2023-NZF,F:WMP\N23,WMP,20230719
WMPQ2023,WMP Q2023-NZF,F:WMP\Q23,WMP,20230816
WMPU2023,WMP U2023-NZF,F:WMP\U23,WMP,20230920
WMPV2023,WMP V2023-NZF,F:WMP\V23,WMP,20231018
WMPX2023,WMP X2023-NZF,F:WMP\X23,WMP,20231122
WMPZ2023,WMP Z2023-NZF,F:WMP\Z23,WMP,20231220
WMPF2024,WMP F2024-NZF,F:WMP\F24,WMP,20240117
WMPG2024,WMP G2024-NZF,F:WMP\G24,WMP,20240221
WMPH2024,WMP H2024-NZF,F:WMP\H24,WMP,20240320
