BANKU2016,BANK U2016-OSM,F:BANK\U16,BANK,20160908
BANKZ2016,BANK Z2016-OSM,F:BANK\Z16,BANK,20161208
BANKH2017,BANK H2017-OSM,F:BANK\H17,BANK,20170309
BANKM2017,BANK M2017-OSM,F:BANK\M17,BANK,20170608
BANKU2017,BANK U2017-OSM,F:BANK\U17,BANK,20170907
BANKZ2017,BANK Z2017-OSM,F:BANK\Z17,BANK,20171207
BANKH2018,BANK H2018-OSM,F:BANK\H18,BANK,20180308
BANKM2018,BANK M2018-OSM,F:BANK\M18,BANK,20180607
BANKU2018,BANK U2018-OSM,F:BANK\U18,BANK,20180913
BANKZ2018,BANK Z2018-OSM,F:BANK\Z18,BANK,20181213
BANKH2019,BANK H2019-OSM,F:BANK\H19,BANK,20190307
BANKM2019,BANK M2019-OSM,F:BANK\M19,BANK,20190613
BANKU2019,BANK U2019-OSM,F:BANK\U19,BANK,20190912
BANKZ2019,BANK Z2019-OSM,F:BANK\Z19,BANK,20191212
BANKH2020,BANK H2020-OSM,F:BANK\H20,BANK,20200312
BANKM2020,BANK M2020-OSM,F:BANK\M20,BANK,20200611
BANKU2020,BANK U2020-OSM,F:BANK\U20,BANK,20200910
BANKZ2020,BANK Z2020-OSM,F:BANK\Z20,BANK,20201210
BANKH2021,BANK H2021-OSM,F:BANK\H21,BANK,20210312
BANKM2021,BANK M2021-OSM,F:BANK\M21,BANK,20210611
BANKU2021,BANK U2021-OSM,F:BANK\U21,BANK,20210910
BANKZ2021,BANK Z2021-OSM,F:BANK\Z21,BANK,20211210
BANKH2022,BANK H2022-OSM,F:BANK\H22,BANK,20220311
BANKM2022,BANK M2022-OSM,F:BANK\M22,BANK,20220609
BANKU2022,BANK U2022-OSM,F:BANK\U22,BANK,20220908
BANKZ2022,BANK Z2022-OSM,F:BANK\Z22,BANK,20221208
BANKH2023,BANK H2023-OSM,F:BANK\H23,BANK,20230309
BANKM2023,BANK M2023-OSM,F:BANK\M23,BANK,20230608
DJIAH2012,DJIA H2012-OSM,F:DJIA\H12,DJIA,20120316
DJIAM2012,DJIA M2012-OSM,F:DJIA\M12,DJIA,20120615
DJIAU2012,DJIA U2012-OSM,F:DJIA\U12,DJIA,20120921
DJIAZ2012,DJIA Z2012-OSM,F:DJIA\Z12,DJIA,20121221
DJIAH2013,DJIA H2013-OSM,F:DJIA\H13,DJIA,20130315
DJIAM2013,DJIA M2013-OSM,F:DJIA\M13,DJIA,20130621
DJIAU2013,DJIA U2013-OSM,F:DJIA\U13,DJIA,20130920
DJIAZ2013,DJIA Z2013-OSM,F:DJIA\Z13,DJIA,20131220
DJIAH2014,DJIA H2014-OSM,F:DJIA\H14,DJIA,20140321
DJIAM2014,DJIA M2014-OSM,F:DJIA\M14,DJIA,20140620
DJIAU2014,DJIA U2014-OSM,F:DJIA\U14,DJIA,20140919
DJIAZ2014,DJIA Z2014-OSM,F:DJIA\Z14,DJIA,20141219
DJIAH2015,DJIA H2015-OSM,F:DJIA\H15,DJIA,20150320
DJIAM2015,DJIA M2015-OSM,F:DJIA\M15,DJIA,20150619
DJIAU2015,DJIA U2015-OSM,F:DJIA\U15,DJIA,20150918
DJIAZ2015,DJIA Z2015-OSM,F:DJIA\Z15,DJIA,20151218
DJIAH2016,DJIA H2016-OSM,F:DJIA\H16,DJIA,20160318
DJIAM2016,DJIA M2016-OSM,F:DJIA\M16,DJIA,20160617
DJIAU2016,DJIA U2016-OSM,F:DJIA\U16,DJIA,20160916
DJIAZ2016,DJIA Z2016-OSM,F:DJIA\Z16,DJIA,20161216
DJIAH2017,DJIA H2017-OSM,F:DJIA\H17,DJIA,20170317
DJIAM2017,DJIA M2017-OSM,F:DJIA\M17,DJIA,20170616
DJIAU2017,DJIA U2017-OSM,F:DJIA\U17,DJIA,20170915
DJIAZ2017,DJIA Z2017-OSM,F:DJIA\Z17,DJIA,20171215
DJIAH2018,DJIA H2018-OSM,F:DJIA\H18,DJIA,20180316
DJIAM2018,DJIA M2018-OSM,F:DJIA\M18,DJIA,20180615
DJIAU2018,DJIA U2018-OSM,F:DJIA\U18,DJIA,20180921
DJIAZ2018,DJIA Z2018-OSM,F:DJIA\Z18,DJIA,20181221
DJIAH2019,DJIA H2019-OSM,F:DJIA\H19,DJIA,20190315
DJIAM2019,DJIA M2019-OSM,F:DJIA\M19,DJIA,20190621
DJIAU2019,DJIA U2019-OSM,F:DJIA\U19,DJIA,20190920
DJIAZ2019,DJIA Z2019-OSM,F:DJIA\Z19,DJIA,20191220
DJIAH2020,DJIA H2020-OSM,F:DJIA\H20,DJIA,20200319
DJIAM2020,DJIA M2020-OSM,F:DJIA\M20,DJIA,20200619
DJIAU2020,DJIA U2020-OSM,F:DJIA\U20,DJIA,20200918
DJIAZ2020,DJIA Z2020-OSM,F:DJIA\Z20,DJIA,20201218
DJIAH2021,DJIA H2021-OSM,F:DJIA\H21,DJIA,20210322
DJIAM2021,DJIA M2021-OSM,F:DJIA\M21,DJIA,20210621
DJIAU2021,DJIA U2021-OSM,F:DJIA\U21,DJIA,20210921
DJIAZ2021,DJIA Z2021-OSM,F:DJIA\Z21,DJIA,20211220
DJIAH2022,DJIA H2022-OSM,F:DJIA\H22,DJIA,20220318
DJIAM2022,DJIA M2022-OSM,F:DJIA\M22,DJIA,20220617
DJIAU2022,DJIA U2022-OSM,F:DJIA\U22,DJIA,20220916
DJIAZ2022,DJIA Z2022-OSM,F:DJIA\Z22,DJIA,20221216
DJIAH2023,DJIA H2023-OSM,F:DJIA\H23,DJIA,20230317
DJIAM2023,DJIA M2023-OSM,F:DJIA\M23,DJIA,20230616
DJIAU2023,DJIA U2023-OSM,F:DJIA\U23,DJIA,20230915
FTC50N2016,FT50 N2016-OSM,F:FTC50\N16,FTC50,20160729
FTC50Q2016,FT50 Q2016-OSM,F:FTC50\Q16,FTC50,20160831
FTC50U2016,FT50 U2016-OSM,F:FTC50\U16,FTC50,20160930
FTC50V2016,FT50 V2016-OSM,F:FTC50\V16,FTC50,20161031
FTC50X2016,FT50 X2016-OSM,F:FTC50\X16,FTC50,20161130
FTC50Z2016,FT50 Z2016-OSM,F:FTC50\Z16,FTC50,20161230
FTC50F2017,FT50 F2017-OSM,F:FTC50\F17,FTC50,20170131
FTC50G2017,FT50 G2017-OSM,F:FTC50\G17,FTC50,20170228
FTC50H2017,FT50 H2017-OSM,F:FTC50\H17,FTC50,20170331
FTC50J2017,FT50 J2017-OSM,F:FTC50\J17,FTC50,20170428
FTC50K2017,FT50 K2017-OSM,F:FTC50\K17,FTC50,20170531
FTC50M2017,FT50 M2017-OSM,F:FTC50\M17,FTC50,20170630
FTC50N2017,FT50 N2017-OSM,F:FTC50\N17,FTC50,20170731
FTC50Q2017,FT50 Q2017-OSM,F:FTC50\Q17,FTC50,20170831
FTC50U2017,FT50 U2017-OSM,F:FTC50\U17,FTC50,20170929
FTC50V2017,FT50 V2017-OSM,F:FTC50\V17,FTC50,20171031
FTC50X2017,FT50 X2017-OSM,F:FTC50\X17,FTC50,20171130
FTC50Z2017,FT50 Z2017-OSM,F:FTC50\Z17,FTC50,20171229
FTC50F2018,FT50 F2018-OSM,F:FTC50\F18,FTC50,20180131
FTC50G2018,FT50 G2018-OSM,F:FTC50\G18,FTC50,20180228
FTC50H2018,FT50 H2018-OSM,F:FTC50\H18,FTC50,20180330
FTC50J2018,FT50 J2018-OSM,F:FTC50\J18,FTC50,20180430
FTC50K2018,FT50 K2018-OSM,F:FTC50\K18,FTC50,20180531
FTC50M2018,FT50 M2018-OSM,F:FTC50\M18,FTC50,20180629
FTC50N2018,FT50 N2018-OSM,F:FTC50\N18,FTC50,20180731
FTC50Q2018,FT50 Q2018-OSM,F:FTC50\Q18,FTC50,20180831
FTC50U2018,FT50 U2018-OSM,F:FTC50\U18,FTC50,20180928
FTC50V2018,FT50 V2018-OSM,F:FTC50\V18,FTC50,20181031
FTC50X2018,FT50 X2018-OSM,F:FTC50\X18,FTC50,20181130
FTC50Z2018,FT50 Z2018-OSM,F:FTC50\Z18,FTC50,20181231
FTC50F2019,FT50 F2019-OSM,F:FTC50\F19,FTC50,20190131
FTC50G2019,FT50 G2019-OSM,F:FTC50\G19,FTC50,20190228
FTC50H2019,FT50 H2019-OSM,F:FTC50\H19,FTC50,20190329
FTC50J2019,FT50 J2019-OSM,F:FTC50\J19,FTC50,20190430
FTC50K2019,FT50 K2019-OSM,F:FTC50\K19,FTC50,20190531
FTC50M2019,FT50 M2019-OSM,F:FTC50\M19,FTC50,20190628
FTC50N2019,FT50 N2019-OSM,F:FTC50\N19,FTC50,20190731
FTC50Q2019,FT50 Q2019-OSM,F:FTC50\Q19,FTC50,20190830
FTC50U2019,FT50 U2019-OSM,F:FTC50\U19,FTC50,20190930
FTC50V2019,FT50 V2019-OSM,F:FTC50\V19,FTC50,20191031
FTC50X2019,FT50 X2019-OSM,F:FTC50\X19,FTC50,20191129
FTC50Z2019,FT50 Z2019-OSM,F:FTC50\Z19,FTC50,20191231
FTC50F2020,FT50 F2020-OSM,F:FTC50\F20,FTC50,20200131
FTC50G2020,FT50 G2020-OSM,F:FTC50\G20,FTC50,20200228
FTC50H2020,FT50 H2020-OSM,F:FTC50\H20,FTC50,20200331
FTC50J2020,FT50 J2020-OSM,F:FTC50\J20,FTC50,20200430
FTC50K2020,FT50 K2020-OSM,F:FTC50\K20,FTC50,20200529
FTC50M2020,FT50 M2020-OSM,F:FTC50\M20,FTC50,20200630
FTC50N2020,FT50 N2020-OSM,F:FTC50\N20,FTC50,20200731
FTC50Q2020,FT50 Q2020-OSM,F:FTC50\Q20,FTC50,20200831
FTC50U2020,FT50 U2020-OSM,F:FTC50\U20,FTC50,20200930
FTC50V2020,FT50 V2020-OSM,F:FTC50\V20,FTC50,20201030
FTC50X2020,FT50 X2020-OSM,F:FTC50\X20,FTC50,20201130
FTC50Z2020,FT50 Z2020-OSM,F:FTC50\Z20,FTC50,20210104
FTC50F2021,FT50 F2021-OSM,F:FTC50\F21,FTC50,20210129
FTC50G2021,FT50 G2021-OSM,F:FTC50\G21,FTC50,20210226
FTC50H2021,FT50 H2021-OSM,F:FTC50\H21,FTC50,20210331
FTC50J2021,FT50 J2021-OSM,F:FTC50\J21,FTC50,20210430
FTC50K2021,FT50 K2021-OSM,F:FTC50\K21,FTC50,20210531
FTC50M2021,FT50 M2021-OSM,F:FTC50\M21,FTC50,20210630
FTC50N2021,FT50 N2021-OSM,F:FTC50\N21,FTC50,20210730
FTC50Q2021,FT50 Q2021-OSM,F:FTC50\Q21,FTC50,20210831
FTC50U2021,FT50 U2021-OSM,F:FTC50\U21,FTC50,20210930
FTC50V2021,FT50 V2021-OSM,F:FTC50\V21,FTC50,20211029
FTC50X2021,FT50 X2021-OSM,F:FTC50\X21,FTC50,20211130
FTC50Z2021,FT50 Z2021-OSM,F:FTC50\Z21,FTC50,20220104
FTC50F2022,FT50 F2022-OSM,F:FTC50\F22,FTC50,20220131
FTC50G2022,FT50 G2022-OSM,F:FTC50\G22,FTC50,20220228
FTC50H2022,FT50 H2022-OSM,F:FTC50\H22,FTC50,20220330
FTC50J2022,FT50 J2022-OSM,F:FT50\J22,FTC50,20220428
FTC50K2022,FT50 K2022-OSM,F:FT50\K22,FTC50,20220530
FTC50M2022,FT50 M2022-OSM,F:FTC50\M22,FTC50,20220629
FTC50N2022,FT50 N2022-OSM,F:FT50\N22,FTC50,20220728
FTC50Q2022,FT50 Q2022-OSM,F:FT50\Q22,FTC50,20220830
FTC50U2022,FT50 U2022-OSM,F:FTC50\U22,FTC50,20220929
FTC50V2022,FT50 V2022-OSM,F:FT50\V22,FTC50,20221028
FTC50Z2022,FT50 Z2022-OSM,F:FT50\Z22,FTC50,20221229
FTC50H2023,FT50 H2023-OSM,F:FT50\H23,FTC50,20230330
FTC50Z2029,FTC50 Z2029-OSM,F:FTC50\Z29,FTC50,20291231
JN400M2015,400 M2015-OSM,F:JN400\M15,JN400,20150611
JN400U2015,400 U2015-OSM,F:JN400\U15,JN400,20150910
JN400Z2015,400 Z2015-OSM,F:JN400\Z15,JN400,20151210
JN400H2016,400 H2016-OSM,F:JN400\H16,JN400,20160310
JN400M2016,400 M2016-OSM,F:JN400\M16,JN400,20160609
JN400U2016,400 U2016-OSM,F:JN400\U16,JN400,20160908
JN400Z2016,400 Z2016-OSM,F:JN400\Z16,JN400,20161208
JN400H2017,400 H2017-OSM,F:JN400\H17,JN400,20170309
JN400M2017,400 M2017-OSM,F:JN400\M17,JN400,20170608
JN400U2017,400 U2017-OSM,F:JN400\U17,JN400,20170907
JN400Z2017,400 Z2017-OSM,F:JN400\Z17,JN400,20171207
JN400H2018,400 H2018-OSM,F:JN400\H18,JN400,20180308
JN400M2018,400 M2018-OSM,F:JN400\M18,JN400,20180607
JN400U2018,400 U2018-OSM,F:JN400\U18,JN400,20180913
JN400Z2018,400 Z2018-OSM,F:JN400\Z18,JN400,20181213
JN400H2019,400 H2019-OSM,F:JN400\H19,JN400,20190307
JN400M2019,400 M2019-OSM,F:JN400\M19,JN400,20190613
JN400U2019,400 U2019-OSM,F:JN400\U19,JN400,20190912
JN400Z2019,400 Z2019-OSM,F:JN400\Z19,JN400,20191212
JN400H2020,400 H2020-OSM,F:JN400\H20,JN400,20200312
JN400M2020,400 M2020-OSM,F:JN400\M20,JN400,20200611
JN400U2020,400 U2020-OSM,F:JN400\U20,JN400,20200910
JN400Z2020,400 Z2020-OSM,F:JN400\Z20,JN400,20201211
JN400H2021,400 H2021-OSM,F:JN400\H21,JN400,20210312
JN400M2021,400 M2021-OSM,F:JN400\M21,JN400,20210611
JN400U2021,400 U2021-OSM,F:JN400\U21,JN400,20210910
JN400Z2021,400 Z2021-OSM,F:JN400\Z21,JN400,20211210
JN400H2022,400 H2022-OSM,F:JN400\H22,JN400,20220311
JN400M2022,400 M2022-OSM,F:JN400\M22,JN400,20220609
JN400U2022,400 U2022-OSM,F:JN400\U22,JN400,20220908
JN400Z2022,400 Z2022-OSM,F:JN400\Z22,JN400,20221208
JN400H2023,400 H2023-OSM,F:JN400\H23,JN400,20230309
JN400M2023,400 M2023-OSM,F:400\M23,JN400,20230608
JN400U2023,400 U2023-OSM,F:400\U23,JN400,20230907
JN400Z2023,400 Z2023-OSM,F:400\Z23,JN400,20231207
MOTHEU2016,MOTH U2016-OSM,F:MOTHE\U16,MOTHE,20160908
MOTHEZ2016,MOTH Z2016-OSM,F:MOTHE\Z16,MOTHE,20161208
MOTHEH2017,MOTH H2017-OSM,F:MOTHE\H17,MOTHE,20170309
MOTHEM2017,MOTH M2017-OSM,F:MOTHE\M17,MOTHE,20170608
MOTHEU2017,MOTH U2017-OSM,F:MOTHE\U17,MOTHE,20170907
MOTHEZ2017,MOTH Z2017-OSM,F:MOTHE\Z17,MOTHE,20171207
MOTHEH2018,MOTH H2018-OSM,F:MOTHE\H18,MOTHE,20180308
MOTHEM2018,MOTH M2018-OSM,F:MOTHE\M18,MOTHE,20180607
MOTHEU2018,MOTH U2018-OSM,F:MOTHE\U18,MOTHE,20180913
MOTHEZ2018,MOTH Z2018-OSM,F:MOTHE\Z18,MOTHE,20181213
MOTHEH2019,MOTH H2019-OSM,F:MOTHE\H19,MOTHE,20190307
MOTHEM2019,MOTH M2019-OSM,F:MOTHE\M19,MOTHE,20190613
MOTHEU2019,MOTH U2019-OSM,F:MOTHE\U19,MOTHE,20190912
MOTHEZ2019,MOTH Z2019-OSM,F:MOTHE\Z19,MOTHE,20191212
MOTHEH2020,MOTH H2020-OSM,F:MOTHE\H20,MOTHE,20200312
MOTHEM2020,MOTH M2020-OSM,F:MOTHE\M20,MOTHE,20200611
MOTHEU2020,MOTH U2020-OSM,F:MOTHE\U20,MOTHE,20200910
MOTHEZ2020,MOTH Z2020-OSM,F:MOTHE\Z20,MOTHE,20201211
MOTHEH2021,MOTH H2021-OSM,F:MOTHE\H21,MOTHE,20210312
MOTHEM2021,MOTH M2021-OSM,F:MOTHE\M21,MOTHE,20210611
MOTHEU2021,MOTH U2021-OSM,F:MOTHE\U21,MOTHE,20210910
MOTHEZ2021,MOTH Z2021-OSM,F:MOTHE\Z21,MOTHE,20211210
MOTHEH2022,MOTH H2022-OSM,F:MOTHE\H22,MOTHE,20220311
MOTHEM2022,MOTH M2022-OSM,F:MOTHE\M22,MOTHE,20220609
MOTHEU2022,MOTH U2022-OSM,F:MOTHE\U22,MOTHE,20220908
MOTHEZ2022,MOTH Z2022-OSM,F:MOTHE\Z22,MOTHE,20221208
MOTHEH2023,MOTH H2023-OSM,F:MOTHE\H23,MOTHE,20230309
MOTHEM2023,MOTH M2023-OSM,F:MOTH\M23,MOTHE,20230608
MOTHEU2023,MOTH U2023-OSM,F:MOTH\U23,MOTHE,20230907
MOTHEZ2023,MOTH Z2023-OSM,F:MOTH\Z23,MOTHE,20231207
NK225H2008,225 H2008-OSM,F:NK225\H08,NK225,20080313
NK225M2008,225 M2008-OSM,F:NK225\M08,NK225,20080612
NK225U2008,225 U2008-OSM,F:NK225\U08,NK225,20080911
NK225Z2008,225 Z2008-OSM,F:NK225\Z08,NK225,20081211
NK225H2009,225 H2009-OSM,F:NK225\H09,NK225,20090312
NK225M2009,225 M2009-OSM,F:NK225\M09,NK225,20090611
NK225U2009,225 U2009-OSM,F:NK225\U09,NK225,20090910
NK225Z2009,225 Z2009-OSM,F:NK225\Z09,NK225,20091210
NK225H2010,225 H2010-OSM,F:NK225\H10,NK225,20100311
NK225M2010,225 M2010-OSM,F:NK225\M10,NK225,20100610
NK225U2010,225 U2010-OSM,F:NK225\U10,NK225,20100909
NK225Z2010,225 Z2010-OSM,F:NK225\Z10,NK225,20101209
NK225H2011,225 H2011-OSM,F:NK225\H11,NK225,20110310
NK225M2011,225 M2011-OSM,F:NK225\M11,NK225,20110609
NK225U2011,225 U2011-OSM,F:NK225\U11,NK225,20110908
NK225Z2011,225 Z2011-OSM,F:NK225\Z11,NK225,20111208
NK225H2012,225 H2012-OSM,F:NK225\H12,NK225,20120308
NK225M2012,225 M2012-OSM,F:NK225\M12,NK225,20120607
NK225U2012,225 U2012-OSM,F:NK225\U12,NK225,20120913
NK225Z2012,225 Z2012-OSM,F:NK225\Z12,NK225,20121213
NK225H2013,225 H2013-OSM,F:NK225\H13,NK225,20130307
NK225M2013,225 M2013-OSM,F:NK225\M13,NK225,20130613
NK225U2013,225 U2013-OSM,F:NK225\U13,NK225,20130912
NK225Z2013,225 Z2013-OSM,F:NK225\Z13,NK225,20131212
NK225H2014,225 H2014-OSM,F:NK225\H14,NK225,20140313
NK225M2014,225 M2014-OSM,F:NK225\M14,NK225,20140612
NK225U2014,225 U2014-OSM,F:NK225\U14,NK225,20140911
NK225Z2014,225 Z2014-OSM,F:NK225\Z14,NK225,20141211
NK225H2015,225 H2015-OSM,F:NK225\H15,NK225,20150312
NK225M2015,225 M2015-OSM,F:NK225\M15,NK225,20150611
NK225U2015,225 U2015-OSM,F:NK225\U15,NK225,20150910
NK225Z2015,225 Z2015-OSM,F:NK225\Z15,NK225,20151210
NK225H2016,225 H2016-OSM,F:NK225\H16,NK225,20160310
NK225M2016,225 M2016-OSM,F:NK225\M16,NK225,20160609
NK225U2016,225 U2016-OSM,F:NK225\U16,NK225,20160908
NK225Z2016,225 Z2016-OSM,F:NK225\Z16,NK225,20161208
NK225H2017,225 H2017-OSM,F:NK225\H17,NK225,20170309
NK225M2017,225 M2017-OSM,F:NK225\M17,NK225,20170608
NK225U2017,225 U2017-OSM,F:NK225\U17,NK225,20170907
NK225Z2017,225 Z2017-OSM,F:NK225\Z17,NK225,20171207
NK225H2018,225 H2018-OSM,F:NK225\H18,NK225,20180308
NK225M2018,225 M2018-OSM,F:NK225\M18,NK225,20180607
NK225U2018,225 U2018-OSM,F:NK225\U18,NK225,20180913
NK225Z2018,225 Z2018-OSM,F:NK225\Z18,NK225,20181213
NK225H2019,225 H2019-OSM,F:NK225\H19,NK225,20190307
NK225M2019,225 M2019-OSM,F:NK225\M19,NK225,20190613
NK225U2019,225 U2019-OSM,F:NK225\U19,NK225,20190912
NK225Z2019,225 Z2019-OSM,F:NK225\Z19,NK225,20191212
NK225H2020,225 H2020-OSM,F:NK225\H20,NK225,20200312
NK225M2020,225 M2020-OSM,F:NK225\M20,NK225,20200611
NK225U2020,225 U2020-OSM,F:NK225\U20,NK225,20200910
NK225Z2020,225 Z2020-OSM,F:NK225\Z20,NK225,20201211
NK225H2021,225 H2021-OSM,F:NK225\H21,NK225,20210312
NK225M2021,225 M2021-OSM,F:NK225\M21,NK225,20210611
NK225U2021,225 U2021-OSM,F:NK225\U21,NK225,20210910
NK225Z2021,225 Z2021-OSM,F:NK225\Z21,NK225,20211210
NK225H2022,225 H2022-OSM,F:NK225\H22,NK225,20220311
NK225M2022,225 M2022-OSM,F:NK225\M22,NK225,20220609
NK225U2022,225 U2022-OSM,F:NK225\U22,NK225,20220908
NK225Z2022,225 Z2022-OSM,F:NK225\Z22,NK225,20221208
NK225H2023,225 H2023-OSM,F:NK225\H23,NK225,20230309
NK225M2023,225 M2023-OSM,F:NK225\M23,NK225,20230608
NK225U2023,225 U2023-OSM,F:225\U23,NK225,20230907
NK225Z2023,225 Z2023-OSM,F:NK225\Z23,NK225,20231207
NK225H2024,225 H2024-OSM,F:225\H24,NK225,20240307
NK225M2024,225 M2024-OSM,F:NK225\M24,NK225,20240613
NK225Z2024,225 Z2024-OSM,F:NK225\Z24,NK225,20241212
NK225M2025,225 M2025-OSM,F:NK225\M25,NK225,20250612
NK225Z2025,225 Z2025-OSM,F:NK225\Z25,NK225,20251211
NK225M2026,225 M2026-OSM,F:NK225\M26,NK225,20260611
NK225Z2026,225 Z2026-OSM,F:NK225\Z26,NK225,20261210
NK225M2027,225 M2027-OSM,F:NK225\M27,NK225,20270610
NK225Z2027,225 Z2027-OSM,F:NK225\Z27,NK225,20271209
NK225M2028,225 M2028-OSM,F:NK225\M28,NK225,20280608
NK225Z2028,225 Z2028-OSM,F:NK225\Z28,NK225,20281207
NK225M2029,225 M2029-OSM,F:NK225\M29,NK225,20290607
NK225Z2029,225 Z2029-OSM,F:NK225\Z29,NK225,20291213
NK225M2030,225 M2030-OSM,F:225\M30,NK225,20300613
NK225MH2008,225M H2008-OSM,F:NK225M\H08,NK225M,20080313
NK225MM2008,225M M2008-OSM,F:NK225M\M08,NK225M,20080612
NK225MU2008,225M U2008-OSM,F:NK225M\U08,NK225M,20080911
NK225MZ2008,225M Z2008-OSM,F:NK225M\Z08,NK225M,20081211
NK225MH2009,225M H2009-OSM,F:NK225M\H09,NK225M,20090312
NK225MM2009,225M M2009-OSM,F:NK225M\M09,NK225M,20090611
NK225MU2009,225M U2009-OSM,F:NK225M\U09,NK225M,20090910
NK225MZ2009,225M Z2009-OSM,F:NK225M\Z09,NK225M,20091210
NK225MH2010,225M H2010-OSM,F:NK225M\H10,NK225M,20100311
NK225MM2010,225M M2010-OSM,F:NK225M\M10,NK225M,20100610
NK225MU2010,225M U2010-OSM,F:NK225M\U10,NK225M,20100909
NK225MZ2010,225M Z2010-OSM,F:NK225M\Z10,NK225M,20101209
NK225MH2011,225M H2011-OSM,F:NK225M\H11,NK225M,20110310
NK225MM2011,225M M2011-OSM,F:NK225M\M11,NK225M,20110609
NK225MU2011,225M U2011-OSM,F:NK225M\U11,NK225M,20110908
NK225MZ2011,225M Z2011-OSM,F:NK225M\Z11,NK225M,20111208
NK225MH2012,225M H2012-OSM,F:NK225M\H12,NK225M,20120308
NK225MM2012,225M M2012-OSM,F:NK225M\M12,NK225M,20120607
NK225MU2012,225M U2012-OSM,F:NK225M\U12,NK225M,20120913
NK225MZ2012,225M Z2012-OSM,F:NK225M\Z12,NK225M,20121213
NK225MH2013,225M H2013-OSM,F:NK225M\H13,NK225M,20130307
NK225MM2013,225M M2013-OSM,F:NK225M\M13,NK225M,20130613
NK225MU2013,225M U2013-OSM,F:NK225M\U13,NK225M,20130912
NK225MZ2013,225M Z2013-OSM,F:NK225M\Z13,NK225M,20131212
NK225MH2014,225M H2014-OSM,F:NK225M\H14,NK225M,20140313
NK225MM2014,225M M2014-OSM,F:NK225M\M14,NK225M,20140612
NK225MU2014,225M U2014-OSM,F:NK225M\U14,NK225M,20140911
NK225MZ2014,225M Z2014-OSM,F:NK225M\Z14,NK225M,20141211
NK225MH2015,225M H2015-OSM,F:NK225M\H15,NK225M,20150312
NK225MM2015,225M M2015-OSM,F:NK225M\M15,NK225M,20150611
NK225MU2015,225M U2015-OSM,F:NK225M\U15,NK225M,20150910
NK225MZ2015,225M Z2015-OSM,F:NK225M\Z15,NK225M,20151210
NK225MH2016,225M H2016-OSM,F:NK225M\H16,NK225M,20160310
NK225MM2016,225M M2016-OSM,F:NK225M\M16,NK225M,20160609
NK225MU2016,225M U2016-OSM,F:NK225M\U16,NK225M,20160908
NK225MZ2016,225M Z2016-OSM,F:NK225M\Z16,NK225M,20161208
NK225MH2017,225M H2017-OSM,F:NK225M\H17,NK225M,20170309
NK225MM2017,225M M2017-OSM,F:NK225M\M17,NK225M,20170608
NK225MU2017,225M U2017-OSM,F:NK225M\U17,NK225M,20170907
NK225MZ2017,225M Z2017-OSM,F:NK225M\Z17,NK225M,20171207
NK225MH2018,225M H2018-OSM,F:NK225M\H18,NK225M,20180308
NK225MM2018,225M M2018-OSM,F:NK225M\M18,NK225M,20180607
NK225MU2018,225M U2018-OSM,F:NK225M\U18,NK225M,20180913
NK225MZ2018,225M Z2018-OSM,F:NK225M\Z18,NK225M,20181213
NK225MH2019,225M H2019-OSM,F:NK225M\H19,NK225M,20190307
NK225MM2019,225M M2019-OSM,F:NK225M\M19,NK225M,20190613
NK225MQ2019,NI225_M Q2019-OSM,F:NK225M\Q19,NK225M,20190808
NK225MU2019,225M U2019-OSM,F:NK225M\U19,NK225M,20190912
NK225MV2019,NI225_M V2019-OSM,F:NK225M\V19,NK225M,20191010
NK225MX2019,NI225_M X2019-OSM,F:NK225M\X19,NK225M,20191107
NK225MZ2019,225M Z2019-OSM,F:NK225M\Z19,NK225M,20191212
NK225MF2020,NI225_M F2020-OSM,F:NK225M\F20,NK225M,20200109
NK225MG2020,NI225_M G2020-OSM,F:NK225M\G20,NK225M,20200213
NK225MH2020,225M H2020-OSM,F:NK225M\H20,NK225M,20200312
NK225MJ2020,NI225_M J2020-OSM,F:NK225M\J20,NK225M,20200409
NK225MK2020,NI225_M K2020-OSM,F:NK225M\K20,NK225M,20200507
NK225MM2020,225M M2020-OSM,F:NK225M\M20,NK225M,20200611
NK225MN2020,NI225_M N2020-OSM,F:NK225M\N20,NK225M,20200709
NK225MQ2020,NI225_M Q2020-OSM,F:NK225M\Q20,NK225M,20200813
NK225MU2020,225M U2020-OSM,F:NK225M\U20,NK225M,20200910
NK225MV2020,NI225_M V2020-OSM,F:NK225M\V20,NK225M,20201008
NK225MX2020,NI225_M X2020-OSM,F:NK225M\X20,NK225M,20201112
NK225MZ2020,225M Z2020-OSM,F:NK225M\Z20,NK225M,20201211
NK225MF2021,NI225_M F2021-OSM,F:NK225M\F21,NK225M,20210108
NK225MG2021,NI225_M G2021-OSM,F:NK225M\G21,NK225M,20210212
NK225MH2021,225M H2021-OSM,F:NK225M\H21,NK225M,20210312
NK225MJ2021,NI225_M J2021-OSM,F:NK225M\J21,NK225M,20210409
NK225MK2021,NI225_M K2021-OSM,F:NK225M\K21,NK225M,20210514
NK225MM2021,225M M2021-OSM,F:NK225M\M21,NK225M,20210611
NK225MN2021,NI225_M N2021-OSM,F:NK225M\N21,NK225M,20210709
NK225MQ2021,NI225_M Q2021-OSM,F:NK225M\Q21,NK225M,20210813
NK225MU2021,225M U2021-OSM,F:NK225M\U21,NK225M,20210910
NK225MV2021,NI225_M V2021-OSM,F:NK225M\V21,NK225M,20211008
NK225MX2021,NI225_M X2021-OSM,F:NK225M\X21,NK225M,20211112
NK225MZ2021,225M Z2021-OSM,F:NK225M\Z21,NK225M,20211210
NK225MF2022,NI225_M F2022-OSM,F:NK225M\F22,NK225M,20220114
NK225MG2022,NI225_M G2022-OSM,F:NK225M\G22,NK225M,20220210
NK225MH2022,225M H2022-OSM,F:NK225M\H22,NK225M,20220311
NK225MJ2022,225M J2022-OSM,F:NK225M\J22,NK225M,20220407
NK225MK2022,225M K2022-OSM,F:NK225M\K22,NK225M,20220512
NK225MM2022,225M M2022-OSM,F:NK225M\M22,NK225M,20220609
NK225MN2022,225M N2022-OSM,F:NK225M\N22,NK225M,20220707
NK225MQ2022,225M Q2022-OSM,F:225M\Q22,NK225M,20220810
NK225MU2022,225M U2022-OSM,F:NK225M\U22,NK225M,20220908
NK225MV2022,225M V2022-OSM,F:225M\V22,NK225M,20221013
NK225MX2022,225M X2022-OSM,F:225M\X22,NK225M,20221110
NK225MZ2022,225M Z2022-OSM,F:NK225M\Z22,NK225M,20221208
NK225MF2023,225M F2023-OSM,F:225M\F23,NK225M,20230112
NK225MH2023,225M H2023-OSM,F:NK225M\H23,NK225M,20230309
NK225MM2023,225M M2023-OSM,F:NK225M\M23,NK225M,20230608
NK225MU2023,225M U2023-OSM,F:225M\U23,NK225M,20230907
NK225MZ2023,225M Z2023-OSM,F:NK225M\Z23,NK225M,20231207
NK225MH2024,225M H2024-OSM,F:225M\H24,NK225M,20240307
NK225MM2024,225M M2024-OSM,F:NK225M\M24,NK225M,20240613
NK225MZ2024,225M Z2024-OSM,F:NK225M\Z24,NK225M,20241212
NK225MM2025,225M M2025-OSM,F:NK225M\M25,NK225M,20250612
NK225MZ2025,225M Z2025-OSM,F:NK225M\Z25,NK225M,20251211
NK225MM2026,225M M2026-OSM,F:NK225M\M26,NK225M,20260611
NK225MZ2026,225M Z2026-OSM,F:NK225M\Z26,NK225M,20261210
NK225MM2027,225M M2027-OSM,F:225M\M27,NK225M,20270610
NKDIVZ2011,NKDV Z2011-OSM,F:NKDIV\Z11,NKDIV,20120330
NKDIVZ2012,NKDV Z2012-OSM,F:NKDIV\Z12,NKDIV,20130329
NKDIVZ2013,NKDV Z2013-OSM,F:NKDIV\Z13,NKDIV,20140331
NKDIVZ2014,NKDV Z2014-OSM,F:NKDIV\Z14,NKDIV,20150331
NKDIVZ2015,NKDV Z2015-OSM,F:NKDIV\Z15,NKDIV,20160331
NKDIVZ2016,NKDV Z2016-OSM,F:NKDIV\Z16,NKDIV,20170331
NKDIVZ2017,NKDV Z2017-OSM,F:NKDIV\Z17,NKDIV,20180330
NKDIVZ2018,NKDV Z2018-OSM,F:NKDIV\Z18,NKDIV,20190329
NKDIVZ2019,NKDV Z2019-OSM,F:NKDIV\Z19,NKDIV,20200331
NKDIVZ2020,NKDV Z2020-OSM,F:NKDIV\Z20,NKDIV,20210401
NKDIVZ2021,NKDV Z2021-OSM,F:NKDIV\Z21,NKDIV,20220331
NKDIVZ2022,NKDV Z2022-OSM,F:NKDIV\Z22,NKDIV,20230331
NKDIVZ2023,NKDV Z2023-OSM,F:NKDIV\Z23,NKDIV,20240329
NKDIVZ2024,NKDV Z2024-OSM,F:NKDIV\Z24,NKDIV,20250331
NKDIVZ2025,NKDV Z2025-OSM,F:NKDIV\Z25,NKDIV,20260331
NKDIVZ2026,NKDV Z2026-OSM,F:NKDIV\Z26,NKDIV,20270331
NKDIVZ2027,NKDV Z2027-OSM,F:NKDIV\Z27,NKDIV,20280331
NKDIVZ2028,NKDV Z2028-OSM,F:NKDIV\Z28,NKDIV,20290330
NKDIVZ2029,NKDV Z2029-OSM,F:NKDIV\Z29,NKDIV,20300329
NKVIH2012,NVI H2012-OSM,F:NKVI\H12,NKVI,20120313
NKVIJ2012,NVI J2012-OSM,F:NKVI\J12,NKVI,20120410
NKVIK2012,NVI K2012-OSM,F:NKVI\K12,NKVI,20120508
NKVIM2012,NVI M2012-OSM,F:NKVI\M12,NKVI,20120612
NKVIN2012,NVI N2012-OSM,F:NKVI\N12,NKVI,20120710
NKVIQ2012,NVI Q2012-OSM,F:NKVI\Q12,NKVI,20120814
NKVIU2012,NVI U2012-OSM,F:NKVI\U12,NKVI,20120911
NKVIV2012,NVI V2012-OSM,F:NKVI\V12,NKVI,20121009
NKVIX2012,NVI X2012-OSM,F:NKVI\X12,NKVI,20121113
NKVIZ2012,NVI Z2012-OSM,F:NKVI\Z12,NKVI,20121211
NKVIF2013,NVI F2013-OSM,F:NKVI\F13,NKVI,20130108
NKVIG2013,NVI G2013-OSM,F:NKVI\G13,NKVI,20130205
NKVIH2013,NVI H2013-OSM,F:NKVI\H13,NKVI,20130312
NKVIJ2013,NVI J2013-OSM,F:NKVI\J13,NKVI,20130408
NKVIK2013,NVI K2013-OSM,F:NKVI\K13,NKVI,20130514
NKVIM2013,NVI M2013-OSM,F:NKVI\M13,NKVI,20130611
NKVIN2013,NVI N2013-OSM,F:NKVI\N13,NKVI,20130709
NKVIQ2013,NVI Q2013-OSM,F:NKVI\Q13,NKVI,20130813
NKVIU2013,NVI U2013-OSM,F:NKVI\U13,NKVI,20130910
NKVIV2013,NVI V2013-OSM,F:NKVI\V13,NKVI,20131008
NKVIX2013,NVI X2013-OSM,F:NKVI\X13,NKVI,20131112
NKVIZ2013,NVI Z2013-OSM,F:NKVI\Z13,NKVI,20131210
NKVIF2014,NVI F2014-OSM,F:NKVI\F14,NKVI,20140114
NKVIG2014,NVI G2014-OSM,F:NKVI\G14,NKVI,20140210
NKVIH2014,NVI H2014-OSM,F:NKVI\H14,NKVI,20140311
NKVIJ2014,NVI J2014-OSM,F:NKVI\J14,NKVI,20140408
NKVIK2014,NVI K2014-OSM,F:NKVI\K14,NKVI,20140513
NKVIM2014,NVI M2014-OSM,F:NKVI\M14,NKVI,20140610
NKVIN2014,NVI N2014-OSM,F:NKVI\N14,NKVI,20140708
NKVIQ2014,NVI Q2014-OSM,F:NKVI\Q14,NKVI,20140812
NKVIU2014,NVI U2014-OSM,F:NKVI\U14,NKVI,20140909
NKVIV2014,NVI V2014-OSM,F:NKVI\V14,NKVI,20141014
NKVIX2014,NVI X2014-OSM,F:NKVI\X14,NKVI,20141112
NKVIZ2014,NVI Z2014-OSM,F:NKVI\Z14,NKVI,20141209
NKVIF2015,NVI F2015-OSM,F:NKVI\F15,NKVI,20150113
NKVIG2015,NVI G2015-OSM,F:NKVI\G15,NKVI,20150209
NKVIH2015,NVI H2015-OSM,F:NKVI\H15,NKVI,20150310
NKVIJ2015,NVI J2015-OSM,F:NKVI\J15,NKVI,20150407
NKVIK2015,NVI K2015-OSM,F:NKVI\K15,NKVI,20150512
NKVIM2015,NVI M2015-OSM,F:NKVI\M15,NKVI,20150609
NKVIN2015,NVI N2015-OSM,F:NKVI\N15,NKVI,20150714
NKVIQ2015,NVI Q2015-OSM,F:NKVI\Q15,NKVI,20150811
NKVIU2015,NVI U2015-OSM,F:NKVI\U15,NKVI,20150908
NKVIV2015,NVI V2015-OSM,F:NKVI\V15,NKVI,20151013
NKVIX2015,NVI X2015-OSM,F:NKVI\X15,NKVI,20151110
NKVIZ2015,NVI Z2015-OSM,F:NKVI\Z15,NKVI,20151208
NKVIF2016,NVI F2016-OSM,F:NKVI\F16,NKVI,20160129
NKVIG2016,NVI G2016-OSM,F:NKVI\G16,NKVI,20160229
NKVIH2016,NVI H2016-OSM,F:NKVI\H16,NKVI,20160331
NKVIJ2016,NVI J2016-OSM,F:NKVI\J16,NKVI,20160429
NKVIK2016,NVI K2016-OSM,F:NKVI\K16,NKVI,20160531
NKVIM2016,NVI M2016-OSM,F:NKVI\M16,NKVI,20160608
NKVIN2016,NVI N2016-OSM,F:NKVI\N16,NKVI,20160713
NKVIQ2016,NVI Q2016-OSM,F:NKVI\Q16,NKVI,20160809
NKVIU2016,NVI U2016-OSM,F:NKVI\U16,NKVI,20160913
NKVIV2016,NVI V2016-OSM,F:NKVI\V16,NKVI,20161011
NKVIX2016,NVI X2016-OSM,F:NKVI\X16,NKVI,20161108
NKVIZ2016,NVI Z2016-OSM,F:NKVI\Z16,NKVI,20161213
NKVIF2017,NVI F2017-OSM,F:NKVI\F17,NKVI,20170110
NKVIG2017,NVI G2017-OSM,F:NKVI\G17,NKVI,20170207
NKVIH2017,NVI H2017-OSM,F:NKVI\H17,NKVI,20170314
NKVIJ2017,NVI J2017-OSM,F:NKVI\J17,NKVI,20170411
NKVIK2017,NVI K2017-OSM,F:NKVI\K17,NKVI,20170509
NKVIM2017,NVI M2017-OSM,F:NKVI\M17,NKVI,20170613
NKVIN2017,NVI N2017-OSM,F:NKVI\N17,NKVI,20170711
NKVIQ2017,NVI Q2017-OSM,F:NKVI\Q17,NKVI,20170808
NKVIU2017,NVI U2017-OSM,F:NKVI\U17,NKVI,20170912
NKVIV2017,NVI V2017-OSM,F:NKVI\V17,NKVI,20171010
NKVIX2017,NVI X2017-OSM,F:NKVI\X17,NKVI,20171107
NKVIZ2017,NVI Z2017-OSM,F:NKVI\Z17,NKVI,20171212
NKVIF2018,NVI F2018-OSM,F:NKVI\F18,NKVI,20180109
NKVIG2018,NVI G2018-OSM,F:NKVI\G18,NKVI,20180206
NKVIH2018,NVI H2018-OSM,F:NKVI\H18,NKVI,20180313
NKVIJ2018,NVI J2018-OSM,F:NKVI\J18,NKVI,20180410
NKVIK2018,NVI K2018-OSM,F:NKVI\K18,NKVI,20180508
NKVIM2018,NVI M2018-OSM,F:NKVI\M18,NKVI,20180612
NKVIN2018,NVI N2018-OSM,F:NKVI\N18,NKVI,20180710
NKVIQ2018,NVI Q2018-OSM,F:NKVI\Q18,NKVI,20180814
NKVIU2018,NVI U2018-OSM,F:NKVI\U18,NKVI,20180911
NKVIV2018,NVI V2018-OSM,F:NKVI\V18,NKVI,20181009
NKVIX2018,NVI X2018-OSM,F:NKVI\X18,NKVI,20181113
NKVIZ2018,NVI Z2018-OSM,F:NKVI\Z18,NKVI,20181211
NKVIF2019,NVI F2019-OSM,F:NKVI\F19,NKVI,20190131
NKVIG2019,NVI G2019-OSM,F:NKVI\G19,NKVI,20190228
NKVIH2019,NVI H2019-OSM,F:NKVI\H19,NKVI,20190313
NKVIJ2019,NVI J2019-OSM,F:NKVI\J19,NKVI,20190410
NKVIK2019,NVI K2019-OSM,F:NKVI\K19,NKVI,20190515
NKVIM2019,NVI M2019-OSM,F:NKVI\M19,NKVI,20190612
NKVIN2019,NVI N2019-OSM,F:NKVI\N19,NKVI,20190710
NKVIQ2019,NVI Q2019-OSM,F:NKVI\Q19,NKVI,20190814
NKVIU2019,NVI U2019-OSM,F:NKVI\U19,NKVI,20190911
NKVIV2019,NVI V2019-OSM,F:NKVI\V19,NKVI,20191009
NKVIX2019,NVI X2019-OSM,F:NKVI\X19,NKVI,20191129
NKVIZ2019,NVI Z2019-OSM,F:NKVI\Z19,NKVI,20191212
NKVIF2020,NVI F2020-OSM,F:NKVI\F20,NKVI,20200131
NKVIG2020,NVI G2020-OSM,F:NKVI\G20,NKVI,20200228
NKVIH2020,NVI H2020-OSM,F:NKVI\H20,NKVI,20200331
NKVIJ2020,NVI J2020-OSM,F:NKVI\J20,NKVI,20200430
NKVIK2020,NVI K2020-OSM,F:NKVI\K20,NKVI,20200529
NKVIM2020,NVI M2020-OSM,F:NKVI\M20,NKVI,20200630
NKVIN2020,NVI N2020-OSM,F:NKVI\N20,NKVI,20200731
NKVIQ2020,NVI Q2020-OSM,F:NKVI\Q20,NKVI,20200831
NKVIU2020,NVI U2020-OSM,F:NKVI\U20,NKVI,20200930
NKVIV2020,NVI V2020-OSM,F:NKVI\V20,NKVI,20201014
NKVIX2020,NVI X2020-OSM,F:NKVI\X20,NKVI,20201111
NKVIZ2020,NVI Z2020-OSM,F:NKVI\Z20,NKVI,20201209
NKVIF2021,NVI F2021-OSM,F:NKVI\F21,NKVI,20210113
NKVIG2021,NVI G2021-OSM,F:NKVI\G21,NKVI,20210210
NKVIH2021,NVI H2021-OSM,F:NKVI\H21,NKVI,20210310
NKVIJ2021,NVI J2021-OSM,F:NKVI\J21,NKVI,20210414
NKVIK2021,NVI K2021-OSM,F:NKVI\K21,NKVI,20210512
NKVIM2021,NVI M2021-OSM,F:NKVI\M21,NKVI,20210609
NKVIN2021,NVI N2021-OSM,F:NKVI\N21,NKVI,20210714
NKVIQ2021,NVI Q2021-OSM,F:NKVI\Q21,NKVI,20210811
NKVIU2021,NVI U2021-OSM,F:NKVI\U21,NKVI,20210908
NKVIV2021,NVI V2021-OSM,F:NKVI\V21,NKVI,20211013
NKVIX2021,NVI X2021-OSM,F:NKVI\X21,NKVI,20211110
NKVIZ2021,NVI Z2021-OSM,F:NKVI\Z21,NKVI,20211215
NKVIF2022,NVI F2022-OSM,F:NKVI\F22,NKVI,20220111
NKVIG2022,NVI G2022-OSM,F:NKVI\G22,NKVI,20220209
NKVIH2022,NVI H2022-OSM,F:NKVI\H22,NKVI,20220309
NKVIJ2022,NVI J2022-OSM,F:NKVI\J22,NKVI,20220412
NKVIK2022,NVI K2022-OSM,F:NKVI\K22,NKVI,20220510
NKVIM2022,NVI M2022-OSM,F:NKVI\M22,NKVI,20220607
NKVIN2022,NVI N2022-OSM,F:NKVI\N22,NKVI,20220712
NKVIQ2022,NVI Q2022-OSM,F:NKVI\Q22,NKVI,20220809
NKVIU2022,NVI U2022-OSM,F:NKVI\U22,NKVI,20220913
NKVIV2022,NVI V2022-OSM,F:NKVI\V22,NKVI,20221011
NKVIX2022,NVI X2022-OSM,F:NVI\X22,NKVI,20221108
NKVIZ2022,NVI Z2022-OSM,F:NVI\Z22,NKVI,20221213
NKVIF2023,NVI F2023-OSM,F:NVI\F23,NKVI,20230110
NKVIG2023,NVI G2023-OSM,F:NVI\G23,NKVI,20230207
NKVIH2023,NVI H2023-OSM,F:NVI\H23,NKVI,20230314
NKVIJ2023,NVI J2023-OSM,F:NVI\J23,NKVI,20230411
NKVIK2023,NVI K2023-OSM,F:NVI\K23,NKVI,20230509
REITZ2010,REIT Z2010-OSM,F:REIT\Z10,REIT,20101209
REITH2011,REIT H2011-OSM,F:REIT\H11,REIT,20110310
REITM2011,REIT M2011-OSM,F:REIT\M11,REIT,20110609
REITU2011,REIT U2011-OSM,F:REIT\U11,REIT,20110908
REITZ2011,REIT Z2011-OSM,F:REIT\Z11,REIT,20111208
REITH2012,REIT H2012-OSM,F:REIT\H12,REIT,20120308
REITM2012,REIT M2012-OSM,F:REIT\M12,REIT,20120607
REITU2012,REIT U2012-OSM,F:REIT\U12,REIT,20120913
REITZ2012,REIT Z2012-OSM,F:REIT\Z12,REIT,20121213
REITH2013,REIT H2013-OSM,F:REIT\H13,REIT,20130307
REITM2013,REIT M2013-OSM,F:REIT\M13,REIT,20130613
REITU2013,REIT U2013-OSM,F:REIT\U13,REIT,20130912
REITZ2013,REIT Z2013-OSM,F:REIT\Z13,REIT,20131212
REITH2014,REIT H2014-OSM,F:REIT\H14,REIT,20140313
REITM2014,REIT M2014-OSM,F:REIT\M14,REIT,20140612
REITU2014,REIT U2014-OSM,F:REIT\U14,REIT,20140911
REITZ2014,REIT Z2014-OSM,F:REIT\Z14,REIT,20141211
REITH2015,REIT H2015-OSM,F:REIT\H15,REIT,20150312
REITM2015,REIT M2015-OSM,F:REIT\M15,REIT,20150611
REITU2015,REIT U2015-OSM,F:REIT\U15,REIT,20150910
REITZ2015,REIT Z2015-OSM,F:REIT\Z15,REIT,20151210
REITH2016,REIT H2016-OSM,F:REIT\H16,REIT,20160310
REITM2016,REIT M2016-OSM,F:REIT\M16,REIT,20160609
REITU2016,REIT U2016-OSM,F:REIT\U16,REIT,20160908
REITZ2016,REIT Z2016-OSM,F:REIT\Z16,REIT,20161208
REITH2017,REIT H2017-OSM,F:REIT\H17,REIT,20170309
REITM2017,REIT M2017-OSM,F:REIT\M17,REIT,20170608
REITU2017,REIT U2017-OSM,F:REIT\U17,REIT,20170907
REITZ2017,REIT Z2017-OSM,F:REIT\Z17,REIT,20171207
REITH2018,REIT H2018-OSM,F:REIT\H18,REIT,20180308
REITM2018,REIT M2018-OSM,F:REIT\M18,REIT,20180607
REITU2018,REIT U2018-OSM,F:REIT\U18,REIT,20180913
REITZ2018,REIT Z2018-OSM,F:REIT\Z18,REIT,20181213
REITH2019,REIT H2019-OSM,F:REIT\H19,REIT,20190307
REITM2019,REIT M2019-OSM,F:REIT\M19,REIT,20190613
REITU2019,REIT U2019-OSM,F:REIT\U19,REIT,20190912
REITZ2019,REIT Z2019-OSM,F:REIT\Z19,REIT,20191212
REITH2020,REIT H2020-OSM,F:REIT\H20,REIT,20200312
REITM2020,REIT M2020-OSM,F:REIT\M20,REIT,20200611
REITU2020,REIT U2020-OSM,F:REIT\U20,REIT,20200910
REITZ2020,REIT Z2020-OSM,F:REIT\Z20,REIT,20201210
REITH2021,REIT H2021-OSM,F:REIT\H21,REIT,20210312
REITM2021,REIT M2021-OSM,F:REIT\M21,REIT,20210611
REITU2021,REIT U2021-OSM,F:REIT\U21,REIT,20210910
REITZ2021,REIT Z2021-OSM,F:REIT\Z21,REIT,20211210
REITH2022,REIT H2022-OSM,F:REIT\H22,REIT,20220311
REITM2022,REIT M2022-OSM,F:REIT\M22,REIT,20220609
REITU2022,REIT U2022-OSM,F:REIT\U22,REIT,20220908
REITZ2022,REIT Z2022-OSM,F:REIT\Z22,REIT,20221208
REITH2023,REIT H2023-OSM,F:REIT\H23,REIT,20230309
REITM2023,REIT M2023-OSM,F:REIT\M23,REIT,20230608
RNPH2008,RNP H2008-OSM,F:RNP\H08,RNP,20080313
RNPM2008,RNP M2008-OSM,F:RNP\M08,RNP,20080612
RNPU2008,RNP U2008-OSM,F:RNP\U08,RNP,20080911
RNPZ2008,RNP Z2008-OSM,F:RNP\Z08,RNP,20081211
RNPH2009,RNP H2009-OSM,F:RNP\H09,RNP,20090312
RNPM2009,RNP M2009-OSM,F:RNP\M09,RNP,20090611
RNPU2009,RNP U2009-OSM,F:RNP\U09,RNP,20090910
RNPZ2009,RNP Z2009-OSM,F:RNP\Z09,RNP,20091210
RNPH2010,RNP H2010-OSM,F:RNP\H10,RNP,20100311
RNPM2010,RNP M2010-OSM,F:RNP\M10,RNP,20100610
RNPU2010,RNP U2010-OSM,F:RNP\U10,RNP,20100909
RNPZ2010,RNP Z2010-OSM,F:RNP\Z10,RNP,20101209
RNPH2011,RNP H2011-OSM,F:RNP\H11,RNP,20110310
RNPM2011,RNP M2011-OSM,F:RNP\M11,RNP,20110609
RNPU2011,RNP U2011-OSM,F:RNP\U11,RNP,20110908
RNPZ2011,RNP Z2011-OSM,F:RNP\Z11,RNP,20111208
RNPH2012,RNP H2012-OSM,F:RNP\H12,RNP,20120308
RNPM2012,RNP M2012-OSM,F:RNP\M12,RNP,20120607
RNPU2012,RNP U2012-OSM,F:RNP\U12,RNP,20120913
RNPZ2012,RNP Z2012-OSM,F:RNP\Z12,RNP,20121213
RNPH2013,RNP H2013-OSM,F:RNP\H13,RNP,20130307
RNPM2013,RNP M2013-OSM,F:RNP\M13,RNP,20130613
RNPU2013,RNP U2013-OSM,F:RNP\U13,RNP,20130912
RNPZ2013,RNP Z2013-OSM,F:RNP\Z13,RNP,20131212
RNPH2014,RNP H2014-OSM,F:RNP\H14,RNP,20140313
RNPM2014,RNP M2014-OSM,F:RNP\M14,RNP,20140612
RNPU2014,RNP U2014-OSM,F:RNP\U14,RNP,20140911
RNPZ2014,RNP Z2014-OSM,F:RNP\Z14,RNP,20141211
RNPH2015,RNP H2015-OSM,F:RNP\H15,RNP,20150312
RNPM2015,RNP M2015-OSM,F:RNP\M15,RNP,20150611
RNPU2015,RNP U2015-OSM,F:RNP\U15,RNP,20150910
RNPZ2015,RNP Z2015-OSM,F:RNP\Z15,RNP,20151210
RNPH2016,RNP H2016-OSM,F:RNP\H16,RNP,20160310
RNPM2016,RNP M2016-OSM,F:RNP\M16,RNP,20160609
RNPU2016,RNP U2016-OSM,F:RNP\U16,RNP,20160908
RNPZ2016,RNP Z2016-OSM,F:RNP\Z16,RNP,20161208
RNPH2017,RNP H2017-OSM,F:RNP\H17,RNP,20170309
RNPM2017,RNP M2017-OSM,F:RNP\M17,RNP,20170608
RNPU2017,RNP U2017-OSM,F:RNP\U17,RNP,20170907
RNPZ2017,RNP Z2017-OSM,F:RNP\Z17,RNP,20171207
RNPH2018,RNP H2018-OSM,F:RNP\H18,RNP,20180308
RNPM2018,RNP M2018-OSM,F:RNP\M18,RNP,20180607
RNPU2018,RNP U2018-OSM,F:RNP\U18,RNP,20180913
RNPZ2018,RNP Z2018-OSM,F:RNP\Z18,RNP,20181213
RNPH2019,RNP H2019-OSM,F:RNP\H19,RNP,20190307
RNPM2019,RNP M2019-OSM,F:RNP\M19,RNP,20190613
RNPU2019,RNP U2019-OSM,F:RNP\U19,RNP,20190912
RNPZ2019,RNP Z2019-OSM,F:RNP\Z19,RNP,20191212
RNPH2020,RNP H2020-OSM,F:RNP\H20,RNP,20200312
RNPM2020,RNP M2020-OSM,F:RNP\M20,RNP,20200611
RNPU2020,RNP U2020-OSM,F:RNP\U20,RNP,20200910
RNPZ2020,RNP Z2020-OSM,F:RNP\Z20,RNP,20201210
RNPH2021,RNP H2021-OSM,F:RNP\H21,RNP,20210312
RNPM2021,RNP M2021-OSM,F:RNP\M21,RNP,20210611
RNPU2021,RNP U2021-OSM,F:RNP\U21,RNP,20210910
RNPZ2021,RNP Z2021-OSM,F:RNP\Z21,RNP,20211210
RNPH2022,RNP H2022-OSM,F:RNP\H22,RNP,20220311
RNPM2022,RNP M2022-OSM,F:RNP\M22,RNP,20220609
RNPU2022,RNP U2022-OSM,F:RNP\U22,RNP,20220908
RNPZ2022,RNP Z2022-OSM,F:RNP\Z22,RNP,20221208
RNPH2023,RNP H2023-OSM,F:RNP\H23,RNP,20230309
RNPM2023,RNP M2023-OSM,F:RNP\M23,RNP,20230608
RNPU2023,RNP U2023-OSM,F:RNP\U23,RNP,20230907
RNPZ2023,RNP Z2023-OSM,F:RNP\Z23,RNP,20231207
T30DZ2016,T30D Z2016-OSM,F:T30D\Z16,T30D,20170331
T30DZ2017,T30D Z2017-OSM,F:T30D\Z17,T30D,20180330
T30DZ2018,T30D Z2018-OSM,F:T30D\Z18,T30D,20190329
T30DZ2019,T30D Z2019-OSM,F:T30D\Z19,T30D,20200331
T30DZ2020,T30D Z2020-OSM,F:T30D\Z20,T30D,20210331
T30DZ2021,T30D Z2021-OSM,F:T30D\Z21,T30D,20220331
T30DZ2022,T30D Z2022-OSM,F:T30D\Z22,T30D,20230331
T30DZ2023,T30D Z2023-OSM,F:T30D\Z23,T30D,20240329
T30DZ2024,T30D Z2024-OSM,F:T30D\Z24,T30D,20250331
T30DZ2025,T30D Z2025-OSM,F:T30D\Z25,T30D,20260331
T30DZ2026,T30D Z2026-OSM,F:T30D\Z26,T30D,20270331
T30DZ2027,T30D Z2027-OSM,F:T30D\Z27,T30D,20280331
T30DZ2029,T30D Z2029-OSM,F:T30D\Z29,T30D,20291231
TAIEXQ2016,TAIX Q2016-OSM,F:TAIEX\Q16,TAIEX,20160816
TAIEXU2016,TAIX U2016-OSM,F:TAIEX\U16,TAIEX,20160920
TAIEXV2016,TAIX V2016-OSM,F:TAIEX\V16,TAIEX,20161018
TAIEXX2016,TAIX X2016-OSM,F:TAIEX\X16,TAIEX,20161115
TAIEXZ2016,TAIX Z2016-OSM,F:TAIEX\Z16,TAIEX,20161220
TAIEXF2017,TAIX F2017-OSM,F:TAIEX\F17,TAIEX,20170117
TAIEXG2017,TAIX G2017-OSM,F:TAIEX\G17,TAIEX,20170221
TAIEXH2017,TAIX H2017-OSM,F:TAIEX\H17,TAIEX,20170321
TAIEXJ2017,TAIX J2017-OSM,F:TAIEX\J17,TAIEX,20170418
TAIEXK2017,TAIX K2017-OSM,F:TAIEX\K17,TAIEX,20170516
TAIEXM2017,TAIX M2017-OSM,F:TAIEX\M17,TAIEX,20170620
TAIEXN2017,TAIX N2017-OSM,F:TAIEX\N17,TAIEX,20170718
TAIEXQ2017,TAIX Q2017-OSM,F:TAIEX\Q17,TAIEX,20170815
TAIEXU2017,TAIX U2017-OSM,F:TAIEX\U17,TAIEX,20170919
TAIEXV2017,TAIX V2017-OSM,F:TAIEX\V17,TAIEX,20171017
TAIEXX2017,TAIX X2017-OSM,F:TAIEX\X17,TAIEX,20171114
TAIEXZ2017,TAIX Z2017-OSM,F:TAIEX\Z17,TAIEX,20171219
TAIEXF2018,TAIX F2018-OSM,F:TAIEX\F18,TAIEX,20180116
TAIEXG2018,TAIX G2018-OSM,F:TAIEX\G18,TAIEX,20180220
TAIEXH2018,TAIX H2018-OSM,F:TAIEX\H18,TAIEX,20180320
TAIEXJ2018,TAIX J2018-OSM,F:TAIEX\J18,TAIEX,20180417
TAIEXK2018,TAIX K2018-OSM,F:TAIEX\K18,TAIEX,20180515
TAIEXM2018,TAIX M2018-OSM,F:TAIEX\M18,TAIEX,20180619
TAIEXN2018,TAIX N2018-OSM,F:TAIEX\N18,TAIEX,20180717
TAIEXQ2018,TAIX Q2018-OSM,F:TAIEX\Q18,TAIEX,20180817
TAIEXU2018,TAIX U2018-OSM,F:TAIEX\U18,TAIEX,20180918
TAIEXV2018,TAIX V2018-OSM,F:TAIEX\V18,TAIEX,20181016
TAIEXX2018,TAIX X2018-OSM,F:TAIEX\X18,TAIEX,20181120
TAIEXZ2018,TAIX Z2018-OSM,F:TAIEX\Z18,TAIEX,20181218
TAIEXF2019,TAIX F2019-OSM,F:TAIEX\F19,TAIEX,20190115
TAIEXG2019,TAIX G2019-OSM,F:TAIEX\G19,TAIEX,20190219
TAIEXH2019,TAIX H2019-OSM,F:TAIEX\H19,TAIEX,20190319
TAIEXJ2019,TAIX J2019-OSM,F:TAIEX\J19,TAIEX,20190416
TAIEXK2019,TAIX K2019-OSM,F:TAIEX\K19,TAIEX,20190514
TAIEXM2019,TAIX M2019-OSM,F:TAIEX\M19,TAIEX,20190618
TAIEXN2019,TAIX N2019-OSM,F:TAIEX\N19,TAIEX,20190716
TAIEXQ2019,TAIX Q2019-OSM,F:TAIEX\Q19,TAIEX,20190820
TAIEXU2019,TAIX U2019-OSM,F:TAIEX\U19,TAIEX,20190917
TAIEXV2019,TAIX V2019-OSM,F:TAIEX\V19,TAIEX,20191015
TAIEXX2019,TAIX X2019-OSM,F:TAIEX\X19,TAIEX,20191120
TAIEXZ2019,TAIX Z2019-OSM,F:TAIEX\Z19,TAIEX,20191218
TAIEXF2020,TAIX F2020-OSM,F:TAIEX\F20,TAIEX,20200131
TAIEXG2020,TAIX G2020-OSM,F:TAIEX\G20,TAIEX,20200228
TAIEXH2020,TAIX H2020-OSM,F:TAIEX\H20,TAIEX,20200318
TAIEXJ2020,TAIX J2020-OSM,F:TAIEX\J20,TAIEX,20200430
TAIEXK2020,TAIX K2020-OSM,F:TAIEX\K20,TAIEX,20200529
TAIEXM2020,TAIX M2020-OSM,F:TAIEX\M20,TAIEX,20200617
TAIEXN2020,TAIX N2020-OSM,F:TAIEX\N20,TAIEX,20200731
TAIEXQ2020,TAIX Q2020-OSM,F:TAIEX\Q20,TAIEX,20200831
TAIEXU2020,TAIX U2020-OSM,F:TAIEX\U20,TAIEX,20200916
TAIEXV2020,TAIX V2020-OSM,F:TAIEX\V20,TAIEX,20201021
TAIEXX2020,TAIX X2020-OSM,F:TAIEX\X20,TAIEX,20201118
TAIEXZ2020,TAIX Z2020-OSM,F:TAIEX\Z20,TAIEX,20201216
TAIEXF2021,TAIX F2021-OSM,F:TAIEX\F21,TAIEX,20210120
TAIEXG2021,TAIX G2021-OSM,F:TAIEX\G21,TAIEX,20210217
TAIEXH2021,TAIX H2021-OSM,F:TAIEX\H21,TAIEX,20210317
TAIEXJ2021,TAIX J2021-OSM,F:TAIEX\J21,TAIEX,20210421
TAIEXK2021,TAIX K2021-OSM,F:TAIEX\K21,TAIEX,20210519
TAIEXM2021,TAIX M2021-OSM,F:TAIEX\M21,TAIEX,20210616
TAIEXN2021,TAIX N2021-OSM,F:TAIEX\N21,TAIEX,20210721
TAIEXQ2021,TAIX Q2021-OSM,F:TAIEX\Q21,TAIEX,20210818
TAIEXU2021,TAIX U2021-OSM,F:TAIEX\U21,TAIEX,20210915
TAIEXV2021,TAIX V2021-OSM,F:TAIEX\V21,TAIEX,20211020
TAIEXX2021,TAIX X2021-OSM,F:TAIEX\X21,TAIEX,20211117
TAIEXZ2021,TAIX Z2021-OSM,F:TAIEX\Z21,TAIEX,20211215
TAIEXF2022,TAIX F2022-OSM,F:TAIEX\F22,TAIEX,20220119
TAIEXG2022,TAIX G2022-OSM,F:TAIEX\G22,TAIEX,20220216
TAIEXH2022,TAIX H2022-OSM,F:TAIEX\H22,TAIEX,20220316
TAIEXJ2022,TAIX J2022-OSM,F:TAIX\J22,TAIEX,20220419
TAIEXK2022,TAIX K2022-OSM,F:TAIX\K22,TAIEX,20220517
TAIEXM2022,TAIX M2022-OSM,F:TAIEX\M22,TAIEX,20220614
TAIEXN2022,TAIX N2022-OSM,F:TAIX\N22,TAIEX,20220719
TAIEXQ2022,TAIX Q2022-OSM,F:TAIX\Q22,TAIEX,20220816
TAIEXU2022,TAIX U2022-OSM,F:TAIEX\U22,TAIEX,20220920
TAIEXV2022,TAIX V2022-OSM,F:TAIX\V22,TAIEX,20221018
TAIEXX2022,TAIX X2022-OSM,F:TAIX\X22,TAIEX,20221115
TAIEXZ2022,TAIX Z2022-OSM,F:TAIEX\Z22,TAIEX,20221220
TAIEXH2023,TAIX H2023-OSM,F:TAIX\H23,TAIEX,20230314
TAIEXM2023,TAIX M2023-OSM,F:TAIX\M23,TAIEX,20230620
TOPIXH1990,TPX H1990-OSM,F:TOPIX\H90,TOPIX,19900308
TOPIXM1990,TPX M1990-OSM,F:TOPIX\M90,TOPIX,19900607
TOPIXU1990,TPX U1990-OSM,F:TOPIX\U90,TOPIX,19900913
TOPIXZ1990,TPX Z1990-OSM,F:TOPIX\Z90,TOPIX,19901213
TOPIXH1991,TPX H1991-OSM,F:TOPIX\H91,TOPIX,19910307
TOPIXM1991,TPX M1991-OSM,F:TOPIX\M91,TOPIX,19910613
TOPIXU1991,TPX U1991-OSM,F:TOPIX\U91,TOPIX,19910912
TOPIXZ1991,TPX Z1991-OSM,F:TOPIX\Z91,TOPIX,19911212
TOPIXH1992,TPX H1992-OSM,F:TOPIX\H92,TOPIX,19920313
TOPIXM1992,TPX M1992-OSM,F:TOPIX\M92,TOPIX,19920611
TOPIXU1992,TPX U1992-OSM,F:TOPIX\U92,TOPIX,19920910
TOPIXZ1992,TPX Z1992-OSM,F:TOPIX\Z92,TOPIX,19921210
TOPIXH1993,TPX H1993-OSM,F:TOPIX\H93,TOPIX,19930311
TOPIXM1993,TPX M1993-OSM,F:TOPIX\M93,TOPIX,19930610
TOPIXU1993,TPX U1993-OSM,F:TOPIX\U93,TOPIX,19930909
TOPIXZ1993,TPX Z1993-OSM,F:TOPIX\Z93,TOPIX,19931209
TOPIXH1994,TPX H1994-OSM,F:TOPIX\H94,TOPIX,19940310
TOPIXM1994,TPX M1994-OSM,F:TOPIX\M94,TOPIX,19940609
TOPIXU1994,TPX U1994-OSM,F:TOPIX\U94,TOPIX,19940908
TOPIXZ1994,TPX Z1994-OSM,F:TOPIX\Z94,TOPIX,19941208
TOPIXH1995,TPX H1995-OSM,F:TOPIX\H95,TOPIX,19950309
TOPIXM1995,TPX M1995-OSM,F:TOPIX\M95,TOPIX,19950608
TOPIXU1995,TPX U1995-OSM,F:TOPIX\U95,TOPIX,19950907
TOPIXZ1995,TPX Z1995-OSM,F:TOPIX\Z95,TOPIX,19951207
TOPIXH1996,TPX H1996-OSM,F:TOPIX\H96,TOPIX,19960307
TOPIXM1996,TPX M1996-OSM,F:TOPIX\M96,TOPIX,19960613
TOPIXU1996,TPX U1996-OSM,F:TOPIX\U96,TOPIX,19960912
TOPIXZ1996,TPX Z1996-OSM,F:TOPIX\Z96,TOPIX,19961212
TOPIXH1997,TPX H1997-OSM,F:TOPIX\H97,TOPIX,19970313
TOPIXM1997,TPX M1997-OSM,F:TOPIX\M97,TOPIX,19970612
TOPIXU1997,TPX U1997-OSM,F:TOPIX\U97,TOPIX,19970911
TOPIXZ1997,TPX Z1997-OSM,F:TOPIX\Z97,TOPIX,19971211
TOPIXH1998,TPX H1998-OSM,F:TOPIX\H98,TOPIX,19980312
TOPIXM1998,TPX M1998-OSM,F:TOPIX\M98,TOPIX,19980611
TOPIXU1998,TPX U1998-OSM,F:TOPIX\U98,TOPIX,19980910
TOPIXZ1998,TPX Z1998-OSM,F:TOPIX\Z98,TOPIX,19981210
TOPIXH1999,TPX H1999-OSM,F:TOPIX\H99,TOPIX,19990311
TOPIXM1999,TPX M1999-OSM,F:TOPIX\M99,TOPIX,19990610
TOPIXU1999,TPX U1999-OSM,F:TOPIX\U99,TOPIX,19990909
TOPIXZ1999,TPX Z1999-OSM,F:TOPIX\Z99,TOPIX,19991209
TOPIXH2000,TPX H2000-OSM,F:TOPIX\H00,TOPIX,20000309
TOPIXM2000,TPX M2000-OSM,F:TOPIX\M00,TOPIX,20000608
TOPIXU2000,TPX U2000-OSM,F:TOPIX\U00,TOPIX,20000907
TOPIXZ2000,TPX Z2000-OSM,F:TOPIX\Z00,TOPIX,20001207
TOPIXH2001,TPX H2001-OSM,F:TOPIX\H01,TOPIX,20010308
TOPIXM2001,TPX M2001-OSM,F:TOPIX\M01,TOPIX,20010607
TOPIXU2001,TPX U2001-OSM,F:TOPIX\U01,TOPIX,20010913
TOPIXZ2001,TPX Z2001-OSM,F:TOPIX\Z01,TOPIX,20011213
TOPIXH2002,TPX H2002-OSM,F:TOPIX\H02,TOPIX,20020307
TOPIXM2002,TPX M2002-OSM,F:TOPIX\M02,TOPIX,20020613
TOPIXU2002,TPX U2002-OSM,F:TOPIX\U02,TOPIX,20020912
TOPIXZ2002,TPX Z2002-OSM,F:TOPIX\Z02,TOPIX,20021212
TOPIXH2003,TPX H2003-OSM,F:TOPIX\H03,TOPIX,20030313
TOPIXM2003,TPX M2003-OSM,F:TOPIX\M03,TOPIX,20030612
TOPIXU2003,TPX U2003-OSM,F:TOPIX\U03,TOPIX,20030911
TOPIXZ2003,TPX Z2003-OSM,F:TOPIX\Z03,TOPIX,20031211
TOPIXH2004,TPX H2004-OSM,F:TOPIX\H04,TOPIX,20040311
TOPIXM2004,TPX M2004-OSM,F:TOPIX\M04,TOPIX,20040610
TOPIXU2004,TPX U2004-OSM,F:TOPIX\U04,TOPIX,20040909
TOPIXZ2004,TPX Z2004-OSM,F:TOPIX\Z04,TOPIX,20041209
TOPIXH2005,TPX H2005-OSM,F:TOPIX\H05,TOPIX,20050310
TOPIXM2005,TPX M2005-OSM,F:TOPIX\M05,TOPIX,20050609
TOPIXU2005,TPX U2005-OSM,F:TOPIX\U05,TOPIX,20050908
TOPIXZ2005,TPX Z2005-OSM,F:TOPIX\Z05,TOPIX,20051208
TOPIXH2006,TPX H2006-OSM,F:TOPIX\H06,TOPIX,20060309
TOPIXM2006,TPX M2006-OSM,F:TOPIX\M06,TOPIX,20060608
TOPIXU2006,TPX U2006-OSM,F:TOPIX\U06,TOPIX,20060907
TOPIXZ2006,TPX Z2006-OSM,F:TOPIX\Z06,TOPIX,20061207
TOPIXH2007,TPX H2007-OSM,F:TOPIX\H07,TOPIX,20070308
TOPIXM2007,TPX M2007-OSM,F:TOPIX\M07,TOPIX,20070607
TOPIXU2007,TPX U2007-OSM,F:TOPIX\U07,TOPIX,20070913
TOPIXZ2007,TPX Z2007-OSM,F:TOPIX\Z07,TOPIX,20071213
TOPIXH2008,TPX H2008-OSM,F:TOPIX\H08,TOPIX,20080313
TOPIXM2008,TPX M2008-OSM,F:TOPIX\M08,TOPIX,20080612
TOPIXU2008,TPX U2008-OSM,F:TOPIX\U08,TOPIX,20080911
TOPIXZ2008,TPX Z2008-OSM,F:TOPIX\Z08,TOPIX,20081211
TOPIXH2009,TPX H2009-OSM,F:TOPIX\H09,TOPIX,20090312
TOPIXM2009,TPX M2009-OSM,F:TOPIX\M09,TOPIX,20090611
TOPIXU2009,TPX U2009-OSM,F:TOPIX\U09,TOPIX,20090910
TOPIXZ2009,TPX Z2009-OSM,F:TOPIX\Z09,TOPIX,20091210
TOPIXH2010,TPX H2010-OSM,F:TOPIX\H10,TOPIX,20100311
TOPIXM2010,TPX M2010-OSM,F:TOPIX\M10,TOPIX,20100610
TOPIXU2010,TPX U2010-OSM,F:TOPIX\U10,TOPIX,20100909
TOPIXZ2010,TPX Z2010-OSM,F:TOPIX\Z10,TOPIX,20101209
TOPIXH2011,TPX H2011-OSM,F:TOPIX\H11,TOPIX,20110310
TOPIXM2011,TPX M2011-OSM,F:TOPIX\M11,TOPIX,20110609
TOPIXU2011,TPX U2011-OSM,F:TOPIX\U11,TOPIX,20110908
TOPIXZ2011,TPX Z2011-OSM,F:TOPIX\Z11,TOPIX,20111208
TOPIXH2012,TPX H2012-OSM,F:TOPIX\H12,TOPIX,20120308
TOPIXM2012,TPX M2012-OSM,F:TOPIX\M12,TOPIX,20120607
TOPIXU2012,TPX U2012-OSM,F:TOPIX\U12,TOPIX,20120913
TOPIXZ2012,TPX Z2012-OSM,F:TOPIX\Z12,TOPIX,20121213
TOPIXH2013,TPX H2013-OSM,F:TOPIX\H13,TOPIX,20130307
TOPIXM2013,TPX M2013-OSM,F:TOPIX\M13,TOPIX,20130613
TOPIXU2013,TPX U2013-OSM,F:TOPIX\U13,TOPIX,20130912
TOPIXZ2013,TPX Z2013-OSM,F:TOPIX\Z13,TOPIX,20131212
TOPIXH2014,TPX H2014-OSM,F:TOPIX\H14,TOPIX,20140313
TOPIXM2014,TPX M2014-OSM,F:TOPIX\M14,TOPIX,20140612
TOPIXU2014,TPX U2014-OSM,F:TOPIX\U14,TOPIX,20140911
TOPIXZ2014,TPX Z2014-OSM,F:TOPIX\Z14,TOPIX,20141211
TOPIXH2015,TPX H2015-OSM,F:TOPIX\H15,TOPIX,20150312
TOPIXM2015,TPX M2015-OSM,F:TOPIX\M15,TOPIX,20150611
TOPIXU2015,TPX U2015-OSM,F:TOPIX\U15,TOPIX,20150910
TOPIXZ2015,TPX Z2015-OSM,F:TOPIX\Z15,TOPIX,20151210
TOPIXH2016,TPX H2016-OSM,F:TOPIX\H16,TOPIX,20160310
TOPIXM2016,TPX M2016-OSM,F:TOPIX\M16,TOPIX,20160609
TOPIXU2016,TPX U2016-OSM,F:TOPIX\U16,TOPIX,20160908
TOPIXZ2016,TPX Z2016-OSM,F:TOPIX\Z16,TOPIX,20161208
TOPIXH2017,TPX H2017-OSM,F:TOPIX\H17,TOPIX,20170309
TOPIXM2017,TPX M2017-OSM,F:TOPIX\M17,TOPIX,20170608
TOPIXU2017,TPX U2017-OSM,F:TOPIX\U17,TOPIX,20170907
TOPIXZ2017,TPX Z2017-OSM,F:TOPIX\Z17,TOPIX,20171207
TOPIXH2018,TPX H2018-OSM,F:TOPIX\H18,TOPIX,20180308
TOPIXM2018,TPX M2018-OSM,F:TOPIX\M18,TOPIX,20180607
TOPIXU2018,TPX U2018-OSM,F:TOPIX\U18,TOPIX,20180913
TOPIXZ2018,TPX Z2018-OSM,F:TOPIX\Z18,TOPIX,20181213
TOPIXH2019,TPX H2019-OSM,F:TOPIX\H19,TOPIX,20190307
TOPIXM2019,TPX M2019-OSM,F:TOPIX\M19,TOPIX,20190613
TOPIXU2019,TPX U2019-OSM,F:TOPIX\U19,TOPIX,20190912
TOPIXZ2019,TPX Z2019-OSM,F:TOPIX\Z19,TOPIX,20191212
TOPIXH2020,TPX H2020-OSM,F:TOPIX\H20,TOPIX,20200312
TOPIXM2020,TPX M2020-OSM,F:TOPIX\M20,TOPIX,20200611
TOPIXU2020,TPX U2020-OSM,F:TOPIX\U20,TOPIX,20200910
TOPIXZ2020,TPX Z2020-OSM,F:TOPIX\Z20,TOPIX,20201211
TOPIXH2021,TPX H2021-OSM,F:TOPIX\H21,TOPIX,20210312
TOPIXM2021,TPX M2021-OSM,F:TOPIX\M21,TOPIX,20210611
TOPIXU2021,TPX U2021-OSM,F:TOPIX\U21,TOPIX,20210910
TOPIXZ2021,TPX Z2021-OSM,F:TOPIX\Z21,TOPIX,20211210
TOPIXH2022,TPX H2022-OSM,F:TOPIX\H22,TOPIX,20220311
TOPIXM2022,TPX M2022-OSM,F:TOPIX\M22,TOPIX,20220609
TOPIXU2022,TPX U2022-OSM,F:TOPIX\U22,TOPIX,20220908
TOPIXZ2022,TPX Z2022-OSM,F:TOPIX\Z22,TOPIX,20221208
TOPIXH2023,TPX H2023-OSM,F:TOPIX\H23,TOPIX,20230309
TOPIXM2023,TPX M2023-OSM,F:TPX\M23,TOPIX,20230608
TOPIXU2023,TPX U2023-OSM,F:TPX\U23,TOPIX,20230907
TOPIXZ2023,TPX Z2023-OSM,F:TPX\Z23,TOPIX,20231207
TOPIXMZ2010,TPXM Z2010-OSM,F:TOPIXM\Z10,TOPIXM,20101209
TOPIXMH2011,TPXM H2011-OSM,F:TOPIXM\H11,TOPIXM,20110310
TOPIXMM2011,TPXM M2011-OSM,F:TOPIXM\M11,TOPIXM,20110609
TOPIXMU2011,TPXM U2011-OSM,F:TOPIXM\U11,TOPIXM,20110908
TOPIXMZ2011,TPXM Z2011-OSM,F:TOPIXM\Z11,TOPIXM,20111208
TOPIXMH2012,TPXM H2012-OSM,F:TOPIXM\H12,TOPIXM,20120308
TOPIXMM2012,TPXM M2012-OSM,F:TOPIXM\M12,TOPIXM,20120607
TOPIXMU2012,TPXM U2012-OSM,F:TOPIXM\U12,TOPIXM,20120913
TOPIXMZ2012,TPXM Z2012-OSM,F:TOPIXM\Z12,TOPIXM,20121213
TOPIXMH2013,TPXM H2013-OSM,F:TOPIXM\H13,TOPIXM,20130307
TOPIXMM2013,TPXM M2013-OSM,F:TOPIXM\M13,TOPIXM,20130613
TOPIXMU2013,TPXM U2013-OSM,F:TOPIXM\U13,TOPIXM,20130912
TOPIXMZ2013,TPXM Z2013-OSM,F:TOPIXM\Z13,TOPIXM,20131212
TOPIXMH2014,TPXM H2014-OSM,F:TOPIXM\H14,TOPIXM,20140313
TOPIXMM2014,TPXM M2014-OSM,F:TOPIXM\M14,TOPIXM,20140612
TOPIXMU2014,TPXM U2014-OSM,F:TOPIXM\U14,TOPIXM,20140911
TOPIXMZ2014,TPXM Z2014-OSM,F:TOPIXM\Z14,TOPIXM,20141211
TOPIXMH2015,TPXM H2015-OSM,F:TOPIXM\H15,TOPIXM,20150312
TOPIXMM2015,TPXM M2015-OSM,F:TOPIXM\M15,TOPIXM,20150611
TOPIXMU2015,TPXM U2015-OSM,F:TOPIXM\U15,TOPIXM,20150910
TOPIXMZ2015,TPXM Z2015-OSM,F:TOPIXM\Z15,TOPIXM,20151210
TOPIXMH2016,TPXM H2016-OSM,F:TOPIXM\H16,TOPIXM,20160310
TOPIXMM2016,TPXM M2016-OSM,F:TOPIXM\M16,TOPIXM,20160609
TOPIXMU2016,TPXM U2016-OSM,F:TOPIXM\U16,TOPIXM,20160908
TOPIXMZ2016,TPXM Z2016-OSM,F:TOPIXM\Z16,TOPIXM,20161208
TOPIXMH2017,TPXM H2017-OSM,F:TOPIXM\H17,TOPIXM,20170309
TOPIXMM2017,TPXM M2017-OSM,F:TOPIXM\M17,TOPIXM,20170608
TOPIXMU2017,TPXM U2017-OSM,F:TOPIXM\U17,TOPIXM,20170907
TOPIXMZ2017,TPXM Z2017-OSM,F:TOPIXM\Z17,TOPIXM,20171207
TOPIXMH2018,TPXM H2018-OSM,F:TOPIXM\H18,TOPIXM,20180308
TOPIXMM2018,TPXM M2018-OSM,F:TOPIXM\M18,TOPIXM,20180607
TOPIXMU2018,TPXM U2018-OSM,F:TOPIXM\U18,TOPIXM,20180913
TOPIXMZ2018,TPXM Z2018-OSM,F:TOPIXM\Z18,TOPIXM,20181213
TOPIXMH2019,TPXM H2019-OSM,F:TOPIXM\H19,TOPIXM,20190307
TOPIXMM2019,TPXM M2019-OSM,F:TOPIXM\M19,TOPIXM,20190613
TOPIXMU2019,TPXM U2019-OSM,F:TOPIXM\U19,TOPIXM,20190912
TOPIXMZ2019,TPXM Z2019-OSM,F:TOPIXM\Z19,TOPIXM,20191212
TOPIXMH2020,TPXM H2020-OSM,F:TOPIXM\H20,TOPIXM,20200312
TOPIXMM2020,TPXM M2020-OSM,F:TOPIXM\M20,TOPIXM,20200611
TOPIXMU2020,TPXM U2020-OSM,F:TOPIXM\U20,TOPIXM,20200910
TOPIXMZ2020,TPXM Z2020-OSM,F:TOPIXM\Z20,TOPIXM,20201211
TOPIXMH2021,TPXM H2021-OSM,F:TOPIXM\H21,TOPIXM,20210312
TOPIXMM2021,TPXM M2021-OSM,F:TOPIXM\M21,TOPIXM,20210611
TOPIXMU2021,TPXM U2021-OSM,F:TOPIXM\U21,TOPIXM,20210910
TOPIXMZ2021,TPXM Z2021-OSM,F:TOPIXM\Z21,TOPIXM,20211210
TOPIXMH2022,TPXM H2022-OSM,F:TOPIXM\H22,TOPIXM,20220311
TOPIXMM2022,TPXM M2022-OSM,F:TOPIXM\M22,TOPIXM,20220609
TOPIXMU2022,TPXM U2022-OSM,F:TOPIXM\U22,TOPIXM,20220908
TOPIXMZ2022,TPXM Z2022-OSM,F:TPXM\Z22,TOPIXM,20221208
TOPIXMH2023,TPXM H2023-OSM,F:TPXM\H23,TOPIXM,20230309
TOPIXMM2023,TPXM M2023-OSM,F:TPXM\M23,TOPIXM,20230608
TPDIVZ2011,TPDIV Z2011-OSM,F:TPDIV\Z11,TPDIV,20120330
TPDIVZ2012,TPDIV Z2012-OSM,F:TPDIV\Z12,TPDIV,20130329
TPDIVZ2013,TPDIV Z2013-OSM,F:TPDIV\Z13,TPDIV,20140331
TPDIVZ2014,TPDIV Z2014-OSM,F:TPDIV\Z14,TPDIV,20150331
TPDIVZ2015,TPDIV Z2015-OSM,F:TPDIV\Z15,TPDIV,20160331
TPDIVZ2016,TPDIV Z2016-OSM,F:TPDIV\Z16,TPDIV,20170331
TPDIVZ2017,TPDIV Z2017-OSM,F:TPDIV\Z17,TPDIV,20180330
TPDIVZ2018,TPDIV Z2018-OSM,F:TPDIV\Z18,TPDIV,20190329
TPDIVZ2019,TPDIV Z2019-OSM,F:TPDIV\Z19,TPDIV,20200331
TPDIVZ2020,TPDIV Z2020-OSM,F:TPDIV\Z20,TPDIV,20210331
TPDIVZ2021,TPDIV Z2021-OSM,F:TPDIV\Z21,TPDIV,20220331
TPDIVZ2022,TPDIV Z2022-OSM,F:TPDIV\Z22,TPDIV,20230331
TPDIVZ2023,TPDIV Z2023-OSM,F:TPDIV\Z23,TPDIV,20240329
TPDIVZ2024,TPDIV Z2024-OSM,F:TPDIV\Z24,TPDIV,20250331
TPDIVZ2025,TPDIV Z2025-OSM,F:TPDIV\Z25,TPDIV,20260331
TPDIVZ2026,TPDIV Z2026-OSM,F:TPDIV\Z26,TPDIV,20270331
TPDIVZ2027,TPDIV Z2027-OSM,F:TPDIV\Z27,TPDIV,20280331
TPDIVZ2029,TPDIV Z2029-OSM,F:TPDIV\Z29,TPDIV,20291231
TPX30M2011,C30 M2011-OSM,F:TPX30\M11,TPX30,20110609
TPX30U2011,C30 U2011-OSM,F:TPX30\U11,TPX30,20110908
TPX30Z2011,C30 Z2011-OSM,F:TPX30\Z11,TPX30,20111208
TPX30H2012,C30 H2012-OSM,F:TPX30\H12,TPX30,20120308
TPX30M2012,C30 M2012-OSM,F:TPX30\M12,TPX30,20120607
TPX30U2012,C30 U2012-OSM,F:TPX30\U12,TPX30,20120913
TPX30Z2012,C30 Z2012-OSM,F:TPX30\Z12,TPX30,20121213
TPX30H2013,C30 H2013-OSM,F:TPX30\H13,TPX30,20130307
TPX30M2013,C30 M2013-OSM,F:TPX30\M13,TPX30,20130613
TPX30U2013,C30 U2013-OSM,F:TPX30\U13,TPX30,20130912
TPX30Z2013,C30 Z2013-OSM,F:TPX30\Z13,TPX30,20131212
TPX30H2014,C30 H2014-OSM,F:TPX30\H14,TPX30,20140313
TPX30M2014,C30 M2014-OSM,F:TPX30\M14,TPX30,20140612
TPX30U2014,C30 U2014-OSM,F:TPX30\U14,TPX30,20140911
TPX30Z2014,C30 Z2014-OSM,F:TPX30\Z14,TPX30,20141211
TPX30H2015,C30 H2015-OSM,F:TPX30\H15,TPX30,20150312
TPX30M2015,C30 M2015-OSM,F:TPX30\M15,TPX30,20150611
TPX30U2015,C30 U2015-OSM,F:TPX30\U15,TPX30,20150910
TPX30Z2015,C30 Z2015-OSM,F:TPX30\Z15,TPX30,20151210
TPX30H2016,C30 H2016-OSM,F:TPX30\H16,TPX30,20160310
TPX30M2016,C30 M2016-OSM,F:TPX30\M16,TPX30,20160609
TPX30U2016,C30 U2016-OSM,F:TPX30\U16,TPX30,20160908
TPX30Z2016,C30 Z2016-OSM,F:TPX30\Z16,TPX30,20161208
TPX30H2017,C30 H2017-OSM,F:TPX30\H17,TPX30,20170309
TPX30M2017,C30 M2017-OSM,F:TPX30\M17,TPX30,20170608
TPX30U2017,C30 U2017-OSM,F:TPX30\U17,TPX30,20170907
TPX30Z2017,C30 Z2017-OSM,F:TPX30\Z17,TPX30,20171207
TPX30H2018,C30 H2018-OSM,F:TPX30\H18,TPX30,20180308
TPX30M2018,C30 M2018-OSM,F:TPX30\M18,TPX30,20180607
TPX30U2018,C30 U2018-OSM,F:TPX30\U18,TPX30,20180913
TPX30Z2018,C30 Z2018-OSM,F:TPX30\Z18,TPX30,20181213
TPX30H2019,C30 H2019-OSM,F:TPX30\H19,TPX30,20190307
TPX30M2019,C30 M2019-OSM,F:TPX30\M19,TPX30,20190613
TPX30U2019,C30 U2019-OSM,F:TPX30\U19,TPX30,20190912
TPX30Z2019,C30 Z2019-OSM,F:TPX30\Z19,TPX30,20191212
TPX30H2020,C30 H2020-OSM,F:TPX30\H20,TPX30,20200312
TPX30M2020,C30 M2020-OSM,F:TPX30\M20,TPX30,20200611
TPX30U2020,C30 U2020-OSM,F:TPX30\U20,TPX30,20200910
TPX30Z2020,C30 Z2020-OSM,F:TPX30\Z20,TPX30,20201211
TPX30H2021,C30 H2021-OSM,F:TPX30\H21,TPX30,20210312
TPX30M2021,C30 M2021-OSM,F:TPX30\M21,TPX30,20210611
TPX30U2021,C30 U2021-OSM,F:TPX30\U21,TPX30,20210910
TPX30Z2021,C30 Z2021-OSM,F:TPX30\Z21,TPX30,20211210
TPX30H2022,C30 H2022-OSM,F:TPX30\H22,TPX30,20220311
TPX30M2022,C30 M2022-OSM,F:TPX30\M22,TPX30,20220609
TPX30U2022,C30 U2022-OSM,F:TPX30\U22,TPX30,20220908
TPX30Z2022,C30 Z2022-OSM,F:C30\Z22,TPX30,20221208
TPX30H2023,C30 H2023-OSM,F:C30\H23,TPX30,20230309
TPX30M2023,C30 M2023-OSM,F:C30\M23,TPX30,20230608
