AGU2012,AG U2012-SHF,F:AG\U12,AG,20120917
AGV2012,AG V2012-SHF,F:AG\V12,AG,20121015
AGX2012,AG X2012-SHF,F:AG\X12,AG,20121115
AGZ2012,AG Z2012-SHF,F:AG\Z12,AG,20121217
AGF2013,AG F2013-SHF,F:AG\F13,AG,20130115
AGG2013,AG G2013-SHF,F:AG\G13,AG,20130218
AGH2013,AG H2013-SHF,F:AG\H13,AG,20130315
AGJ2013,AG J2013-SHF,F:AG\J13,AG,20130415
AGK2013,AG K2013-SHF,F:AG\K13,AG,20130515
AGM2013,AG M2013-SHF,F:AG\M13,AG,20130617
AGN2013,AG N2013-SHF,F:AG\N13,AG,20130715
AGQ2013,AG Q2013-SHF,F:AG\Q13,AG,20130815
AGU2013,AG U2013-SHF,F:AG\U13,AG,20130916
AGV2013,AG V2013-SHF,F:AG\V13,AG,20131015
AGX2013,AG X2013-SHF,F:AG\X13,AG,20131115
AGZ2013,AG Z2013-SHF,F:AG\Z13,AG,20131216
AGF2014,AG F2014-SHF,F:AG\F14,AG,20140115
AGG2014,AG G2014-SHF,F:AG\G14,AG,20140217
AGH2014,AG H2014-SHF,F:AG\H14,AG,20140317
AGJ2014,AG J2014-SHF,F:AG\J14,AG,20140415
AGK2014,AG K2014-SHF,F:AG\K14,AG,20140515
AGM2014,AG M2014-SHF,F:AG\M14,AG,20140616
AGN2014,AG N2014-SHF,F:AG\N14,AG,20140715
AGQ2014,AG Q2014-SHF,F:AG\Q14,AG,20140815
AGU2014,AG U2014-SHF,F:AG\U14,AG,20140915
AGV2014,AG V2014-SHF,F:AG\V14,AG,20141015
AGX2014,AG X2014-SHF,F:AG\X14,AG,20141117
AGZ2014,AG Z2014-SHF,F:AG\Z14,AG,20141215
AGF2015,AG F2015-SHF,F:AG\F15,AG,20150115
AGG2015,AG G2015-SHF,F:AG\G15,AG,20150216
AGH2015,AG H2015-SHF,F:AG\H15,AG,20150316
AGJ2015,AG J2015-SHF,F:AG\J15,AG,20150415
AGK2015,AG K2015-SHF,F:AG\K15,AG,20150515
AGM2015,AG M2015-SHF,F:AG\M15,AG,20150615
AGN2015,AG N2015-SHF,F:AG\N15,AG,20150715
AGQ2015,AG Q2015-SHF,F:AG\Q15,AG,20150817
AGU2015,AG U2015-SHF,F:AG\U15,AG,20150915
AGV2015,AG V2015-SHF,F:AG\V15,AG,20151015
AGX2015,AG X2015-SHF,F:AG\X15,AG,20151116
AGZ2015,AG Z2015-SHF,F:AG\Z15,AG,20151215
AGF2016,AG F2016-SHF,F:AG\F16,AG,20160115
AGG2016,AG G2016-SHF,F:AG\G16,AG,20160215
AGH2016,AG H2016-SHF,F:AG\H16,AG,20160315
AGJ2016,AG J2016-SHF,F:AG\J16,AG,20160415
AGK2016,AG K2016-SHF,F:AG\K16,AG,20160516
AGM2016,AG M2016-SHF,F:AG\M16,AG,20160615
AGN2016,AG N2016-SHF,F:AG\N16,AG,20160715
AGQ2016,AG Q2016-SHF,F:AG\Q16,AG,20160815
AGU2016,AG U2016-SHF,F:AG\U16,AG,20160915
AGV2016,AG V2016-SHF,F:AG\V16,AG,20161017
AGX2016,AG X2016-SHF,F:AG\X16,AG,20161115
AGZ2016,AG Z2016-SHF,F:AG\Z16,AG,20161215
AGF2017,AG F2017-SHF,F:AG\F17,AG,20170116
AGG2017,AG G2017-SHF,F:AG\G17,AG,20170215
AGH2017,AG H2017-SHF,F:AG\H17,AG,20170315
AGJ2017,AG J2017-SHF,F:AG\J17,AG,20170417
AGK2017,AG K2017-SHF,F:AG\K17,AG,20170515
AGM2017,AG M2017-SHF,F:AG\M17,AG,20170615
AGN2017,AG N2017-SHF,F:AG\N17,AG,20170717
AGQ2017,AG Q2017-SHF,F:AG\Q17,AG,20170815
AGU2017,AG U2017-SHF,F:AG\U17,AG,20170915
AGV2017,AG V2017-SHF,F:AG\V17,AG,20171016
AGX2017,AG X2017-SHF,F:AG\X17,AG,20171115
AGZ2017,AG Z2017-SHF,F:AG\Z17,AG,20171215
AGF2018,AG F2018-SHF,F:AG\F18,AG,20180115
AGG2018,AG G2018-SHF,F:AG\G18,AG,20180215
AGH2018,AG H2018-SHF,F:AG\H18,AG,20180315
AGJ2018,AG J2018-SHF,F:AG\J18,AG,20180416
AGK2018,AG K2018-SHF,F:AG\K18,AG,20180515
AGM2018,AG M2018-SHF,F:AG\M18,AG,20180615
AGN2018,AG N2018-SHF,F:AG\N18,AG,20180716
AGQ2018,AG Q2018-SHF,F:AG\Q18,AG,20180815
AGU2018,AG U2018-SHF,F:AG\U18,AG,20180917
AGV2018,AG V2018-SHF,F:AG\V18,AG,20181015
AGX2018,AG X2018-SHF,F:AG\X18,AG,20181115
AGZ2018,AG Z2018-SHF,F:AG\Z18,AG,20181217
AGF2019,AG F2019-SHF,F:AG\F19,AG,20190115
AGG2019,AG G2019-SHF,F:AG\G19,AG,20190215
AGH2019,AG H2019-SHF,F:AG\H19,AG,20190315
AGJ2019,AG J2019-SHF,F:AG\J19,AG,20190415
AGK2019,AG K2019-SHF,F:AG\K19,AG,20190515
AGM2019,AG M2019-SHF,F:AG\M19,AG,20190617
AGN2019,AG N2019-SHF,F:AG\N19,AG,20190715
AGQ2019,AG Q2019-SHF,F:AG\Q19,AG,20190815
AGU2019,AG U2019-SHF,F:AG\U19,AG,20190916
AGV2019,AG V2019-SHF,F:AG\V19,AG,20191015
AGX2019,AG X2019-SHF,F:AG\X19,AG,20191118
AGZ2019,AG Z2019-SHF,F:AG\Z19,AG,20191216
AGF2020,AG F2020-SHF,F:AG\F20,AG,20200115
AGG2020,AG G2020-SHF,F:AG\G20,AG,20200217
AGH2020,AG H2020-SHF,F:AG\H20,AG,20200316
AGJ2020,AG J2020-SHF,F:AG\J20,AG,20200415
AGK2020,AG K2020-SHF,F:AG\K20,AG,20200515
AGM2020,AG M2020-SHF,F:AG\M20,AG,20200615
AGN2020,AG N2020-SHF,F:AG\N20,AG,20200715
AGQ2020,AG Q2020-SHF,F:AG\Q20,AG,20200817
AGU2020,AG U2020-SHF,F:AG\U20,AG,20200915
AGV2020,AG V2020-SHF,F:AG\V20,AG,20201015
AGX2020,AG X2020-SHF,F:AG\X20,AG,20201116
AGZ2020,AG Z2020-SHF,F:AG\Z20,AG,20201215
AGF2021,AG F2021-SHF,F:AG\F21,AG,20210115
AGG2021,AG G2021-SHF,F:AG\G21,AG,20210215
AGH2021,AG H2021-SHF,F:AG\H21,AG,20210315
AGJ2021,AG J2021-SHF,F:AG\J21,AG,20210415
AGK2021,AG K2021-SHF,F:AG\K21,AG,20210517
AGM2021,AG M2021-SHF,F:AG\M21,AG,20210615
AGN2021,AG N2021-SHF,F:AG\N21,AG,20210715
AGQ2021,AG Q2021-SHF,F:AG\Q21,AG,20210816
AGU2021,AG U2021-SHF,F:AG\U21,AG,20210915
AGV2021,AG V2021-SHF,F:AG\V21,AG,20211015
AGX2021,AG X2021-SHF,F:AG\X21,AG,20211115
AGZ2021,AG Z2021-SHF,F:AG\Z21,AG,20211215
AGF2022,AG F2022-SHF,F:AG\F22,AG,20220117
AGG2022,AG G2022-SHF,F:AG\G22,AG,20220215
AGH2022,AG H2022-SHF,F:AG\H22,AG,20220315
AGJ2022,AG J2022-SHF,F:AG\J22,AG,20220415
AGK2022,AG K2022-SHF,F:AG\K22,AG,20220516
AGM2022,AG M2022-SHF,F:AG\M22,AG,20220615
AGN2022,AG N2022-SHF,F:AG\N22,AG,20220715
AGQ2022,AG Q2022-SHF,F:AG\Q22,AG,20220815
AGU2022,AG U2022-SHF,F:AG\U22,AG,20220915
AGV2022,AG V2022-SHF,F:AG\V22,AG,20221017
AGX2022,AG X2022-SHF,F:AG\X22,AG,20221115
AGZ2022,AG Z2022-SHF,F:AG\Z22,AG,20221215
AGF2023,AG F2023-SHF,F:AG\F23,AG,20230116
AGG2023,AG G2023-SHF,F:AG\G23,AG,20230215
AGH2023,AG H2023-SHF,F:AG\H23,AG,20230315
AGJ2023,AG J2023-SHF,F:AG\J23,AG,20230417
AGK2023,AG K2023-SHF,F:AG\K23,AG,20230515
AGM2023,AG M2023-SHF,F:AG\M23,AG,20230615
AGN2023,AG N2023-SHF,F:AG\N23,AG,20230717
AGQ2023,AG Q2023-SHF,F:AG\Q23,AG,20230815
AGU2023,AG U2023-SHF,F:AG\U23,AG,20230915
AGV2023,AG V2023-SHF,F:AG\V23,AG,20231016
AGX2023,AG X2023-SHF,F:AG\X23,AG,20231115
AGZ2023,AG Z2023-SHF,F:AG\Z23,AG,20231215
AGF2024,AG F2024-SHF,F:AG\F24,AG,20240115
AGG2024,AG G2024-SHF,F:AG\G24,AG,20240215
AGH2024,AG H2024-SHF,F:AG\H24,AG,20240315
AGJ2024,AG J2024-SHF,F:AG\J24,AG,20240415
AGK2024,AG K2024-SHF,F:AG\K24,AG,20240515
AGM2024,AG M2024-SHF,F:AG\M24,AG,20240617
AGN2024,AG N2024-SHF,F:AG\N24,AG,20240715
ALF2010,AL F2010-SHF,F:AL\F10,AL,20100115
ALG2010,AL G2010-SHF,F:AL\G10,AL,20100209
ALH2010,AL H2010-SHF,F:AL\H10,AL,20100315
ALJ2010,AL J2010-SHF,F:AL\J10,AL,20100415
ALK2010,AL K2010-SHF,F:AL\K10,AL,20100517
ALM2010,AL M2010-SHF,F:AL\M10,AL,20100617
ALN2010,AL N2010-SHF,F:AL\N10,AL,20100715
ALQ2010,AL Q2010-SHF,F:AL\Q10,AL,20100816
ALU2010,AL U2010-SHF,F:AL\U10,AL,20100915
ALV2010,AL V2010-SHF,F:AL\V10,AL,20101015
ALX2010,AL X2010-SHF,F:AL\X10,AL,20101115
ALZ2010,AL Z2010-SHF,F:AL\Z10,AL,20101215
ALF2011,AL F2011-SHF,F:AL\F11,AL,20110117
ALG2011,AL G2011-SHF,F:AL\G11,AL,20110215
ALH2011,AL H2011-SHF,F:AL\H11,AL,20110315
ALJ2011,AL J2011-SHF,F:AL\J11,AL,20110415
ALK2011,AL K2011-SHF,F:AL\K11,AL,20110516
ALM2011,AL M2011-SHF,F:AL\M11,AL,20110615
ALN2011,AL N2011-SHF,F:AL\N11,AL,20110715
ALQ2011,AL Q2011-SHF,F:AL\Q11,AL,20110815
ALU2011,AL U2011-SHF,F:AL\U11,AL,20110915
ALV2011,AL V2011-SHF,F:AL\V11,AL,20111017
ALX2011,AL X2011-SHF,F:AL\X11,AL,20111115
ALZ2011,AL Z2011-SHF,F:AL\Z11,AL,20111215
ALF2012,AL F2012-SHF,F:AL\F12,AL,20120113
ALG2012,AL G2012-SHF,F:AL\G12,AL,20120215
ALH2012,AL H2012-SHF,F:AL\H12,AL,20120315
ALJ2012,AL J2012-SHF,F:AL\J12,AL,20120415
ALK2012,AL K2012-SHF,F:AL\K12,AL,20120515
ALM2012,AL M2012-SHF,F:AL\M12,AL,20120615
ALN2012,AL N2012-SHF,F:AL\N12,AL,20120716
ALQ2012,AL Q2012-SHF,F:AL\Q12,AL,20120815
ALU2012,AL U2012-SHF,F:AL\U12,AL,20120917
ALV2012,AL V2012-SHF,F:AL\V12,AL,20121015
ALX2012,AL X2012-SHF,F:AL\X12,AL,20121115
ALZ2012,AL Z2012-SHF,F:AL\Z12,AL,20121217
ALF2013,AL F2013-SHF,F:AL\F13,AL,20130115
ALG2013,AL G2013-SHF,F:AL\G13,AL,20130218
ALH2013,AL H2013-SHF,F:AL\H13,AL,20130315
ALJ2013,AL J2013-SHF,F:AL\J13,AL,20130415
ALK2013,AL K2013-SHF,F:AL\K13,AL,20130515
ALM2013,AL M2013-SHF,F:AL\M13,AL,20130617
ALN2013,AL N2013-SHF,F:AL\N13,AL,20130715
ALQ2013,AL Q2013-SHF,F:AL\Q13,AL,20130815
ALU2013,AL U2013-SHF,F:AL\U13,AL,20130916
ALV2013,AL V2013-SHF,F:AL\V13,AL,20131015
ALX2013,AL X2013-SHF,F:AL\X13,AL,20131115
ALZ2013,AL Z2013-SHF,F:AL\Z13,AL,20131216
ALF2014,AL F2014-SHF,F:AL\F14,AL,20140115
ALG2014,AL G2014-SHF,F:AL\G14,AL,20140217
ALH2014,AL H2014-SHF,F:AL\H14,AL,20140317
ALJ2014,AL J2014-SHF,F:AL\J14,AL,20140415
ALK2014,AL K2014-SHF,F:AL\K14,AL,20140515
ALM2014,AL M2014-SHF,F:AL\M14,AL,20140616
ALN2014,AL N2014-SHF,F:AL\N14,AL,20140715
ALQ2014,AL Q2014-SHF,F:AL\Q14,AL,20140815
ALU2014,AL U2014-SHF,F:AL\U14,AL,20140915
ALV2014,AL V2014-SHF,F:AL\V14,AL,20141015
ALX2014,AL X2014-SHF,F:AL\X14,AL,20141117
ALZ2014,AL Z2014-SHF,F:AL\Z14,AL,20141215
ALF2015,AL F2015-SHF,F:AL\F15,AL,20150115
ALG2015,AL G2015-SHF,F:AL\G15,AL,20150216
ALH2015,AL H2015-SHF,F:AL\H15,AL,20150316
ALJ2015,AL J2015-SHF,F:AL\J15,AL,20150415
ALK2015,AL K2015-SHF,F:AL\K15,AL,20150515
ALM2015,AL M2015-SHF,F:AL\M15,AL,20150615
ALN2015,AL N2015-SHF,F:AL\N15,AL,20150715
ALQ2015,AL Q2015-SHF,F:AL\Q15,AL,20150817
ALU2015,AL U2015-SHF,F:AL\U15,AL,20150915
ALV2015,AL V2015-SHF,F:AL\V15,AL,20151015
ALX2015,AL X2015-SHF,F:AL\X15,AL,20151116
ALZ2015,AL Z2015-SHF,F:AL\Z15,AL,20151215
ALF2016,AL F2016-SHF,F:AL\F16,AL,20160115
ALG2016,AL G2016-SHF,F:AL\G16,AL,20160215
ALH2016,AL H2016-SHF,F:AL\H16,AL,20160315
ALJ2016,AL J2016-SHF,F:AL\J16,AL,20160415
ALK2016,AL K2016-SHF,F:AL\K16,AL,20160516
ALM2016,AL M2016-SHF,F:AL\M16,AL,20160615
ALN2016,AL N2016-SHF,F:AL\N16,AL,20160715
ALQ2016,AL Q2016-SHF,F:AL\Q16,AL,20160815
ALU2016,AL U2016-SHF,F:AL\U16,AL,20160915
ALV2016,AL V2016-SHF,F:AL\V16,AL,20161017
ALX2016,AL X2016-SHF,F:AL\X16,AL,20161115
ALZ2016,AL Z2016-SHF,F:AL\Z16,AL,20161215
ALF2017,AL F2017-SHF,F:AL\F17,AL,20170116
ALG2017,AL G2017-SHF,F:AL\G17,AL,20170215
ALH2017,AL H2017-SHF,F:AL\H17,AL,20170315
ALJ2017,AL J2017-SHF,F:AL\J17,AL,20170417
ALK2017,AL K2017-SHF,F:AL\K17,AL,20170515
ALM2017,AL M2017-SHF,F:AL\M17,AL,20170615
ALN2017,AL N2017-SHF,F:AL\N17,AL,20170717
ALQ2017,AL Q2017-SHF,F:AL\Q17,AL,20170815
ALU2017,AL U2017-SHF,F:AL\U17,AL,20170915
ALV2017,AL V2017-SHF,F:AL\V17,AL,20171016
ALX2017,AL X2017-SHF,F:AL\X17,AL,20171115
ALZ2017,AL Z2017-SHF,F:AL\Z17,AL,20171215
ALF2018,AL F2018-SHF,F:AL\F18,AL,20180115
ALG2018,AL G2018-SHF,F:AL\G18,AL,20180215
ALH2018,AL H2018-SHF,F:AL\H18,AL,20180315
ALJ2018,AL J2018-SHF,F:AL\J18,AL,20180416
ALK2018,AL K2018-SHF,F:AL\K18,AL,20180515
ALM2018,AL M2018-SHF,F:AL\M18,AL,20180615
ALN2018,AL N2018-SHF,F:AL\N18,AL,20180716
ALQ2018,AL Q2018-SHF,F:AL\Q18,AL,20180815
ALU2018,AL U2018-SHF,F:AL\U18,AL,20180917
ALV2018,AL V2018-SHF,F:AL\V18,AL,20181015
ALX2018,AL X2018-SHF,F:AL\X18,AL,20181115
ALZ2018,AL Z2018-SHF,F:AL\Z18,AL,20181217
ALF2019,AL F2019-SHF,F:AL\F19,AL,20190115
ALG2019,AL G2019-SHF,F:AL\G19,AL,20190215
ALH2019,AL H2019-SHF,F:AL\H19,AL,20190315
ALJ2019,AL J2019-SHF,F:AL\J19,AL,20190415
ALK2019,AL K2019-SHF,F:AL\K19,AL,20190515
ALM2019,AL M2019-SHF,F:AL\M19,AL,20190617
ALN2019,AL N2019-SHF,F:AL\N19,AL,20190715
ALQ2019,AL Q2019-SHF,F:AL\Q19,AL,20190815
ALU2019,AL U2019-SHF,F:AL\U19,AL,20190916
ALV2019,AL V2019-SHF,F:AL\V19,AL,20191015
ALX2019,AL X2019-SHF,F:AL\X19,AL,20191118
ALZ2019,AL Z2019-SHF,F:AL\Z19,AL,20191216
ALF2020,AL F2020-SHF,F:AL\F20,AL,20200115
ALG2020,AL G2020-SHF,F:AL\G20,AL,20200217
ALH2020,AL H2020-SHF,F:AL\H20,AL,20200316
ALJ2020,AL J2020-SHF,F:AL\J20,AL,20200415
ALK2020,AL K2020-SHF,F:AL\K20,AL,20200515
ALM2020,AL M2020-SHF,F:AL\M20,AL,20200615
ALN2020,AL N2020-SHF,F:AL\N20,AL,20200715
ALQ2020,AL Q2020-SHF,F:AL\Q20,AL,20200817
ALU2020,AL U2020-SHF,F:AL\U20,AL,20200915
ALV2020,AL V2020-SHF,F:AL\V20,AL,20201015
ALX2020,AL X2020-SHF,F:AL\X20,AL,20201116
ALZ2020,AL Z2020-SHF,F:AL\Z20,AL,20201215
ALF2021,AL F2021-SHF,F:AL\F21,AL,20210115
ALG2021,AL G2021-SHF,F:AL\G21,AL,20210215
ALH2021,AL H2021-SHF,F:AL\H21,AL,20210315
ALJ2021,AL J2021-SHF,F:AL\J21,AL,20210415
ALK2021,AL K2021-SHF,F:AL\K21,AL,20210517
ALM2021,AL M2021-SHF,F:AL\M21,AL,20210615
ALN2021,AL N2021-SHF,F:AL\N21,AL,20210715
ALQ2021,AL Q2021-SHF,F:AL\Q21,AL,20210816
ALU2021,AL U2021-SHF,F:AL\U21,AL,20210915
ALV2021,AL V2021-SHF,F:AL\V21,AL,20211015
ALX2021,AL X2021-SHF,F:AL\X21,AL,20211115
ALZ2021,AL Z2021-SHF,F:AL\Z21,AL,20211215
ALF2022,AL F2022-SHF,F:AL\F22,AL,20220117
ALG2022,AL G2022-SHF,F:AL\G22,AL,20220215
ALH2022,AL H2022-SHF,F:AL\H22,AL,20220315
ALJ2022,AL J2022-SHF,F:AL\J22,AL,20220415
ALK2022,AL K2022-SHF,F:AL\K22,AL,20220516
ALM2022,AL M2022-SHF,F:AL\M22,AL,20220615
ALN2022,AL N2022-SHF,F:AL\N22,AL,20220715
ALQ2022,AL Q2022-SHF,F:AL\Q22,AL,20220815
ALU2022,AL U2022-SHF,F:AL\U22,AL,20220915
ALV2022,AL V2022-SHF,F:AL\V22,AL,20221017
ALX2022,AL X2022-SHF,F:AL\X22,AL,20221115
ALZ2022,AL Z2022-SHF,F:AL\Z22,AL,20221215
ALF2023,AL F2023-SHF,F:AL\F23,AL,20230116
ALG2023,AL G2023-SHF,F:AL\G23,AL,20230215
ALH2023,AL H2023-SHF,F:AL\H23,AL,20230315
ALJ2023,AL J2023-SHF,F:AL\J23,AL,20230417
ALK2023,AL K2023-SHF,F:AL\K23,AL,20230515
ALM2023,AL M2023-SHF,F:AL\M23,AL,20230615
ALN2023,AL N2023-SHF,F:AL\N23,AL,20230717
ALQ2023,AL Q2023-SHF,F:AL\Q23,AL,20230815
ALU2023,AL U2023-SHF,F:AL\U23,AL,20230915
ALV2023,AL V2023-SHF,F:AL\V23,AL,20231016
ALX2023,AL X2023-SHF,F:AL\X23,AL,20231115
ALZ2023,AL Z2023-SHF,F:AL\Z23,AL,20231215
ALF2024,AL F2024-SHF,F:AL\F24,AL,20240115
ALG2024,AL G2024-SHF,F:AL\G24,AL,20240215
ALH2024,AL H2024-SHF,F:AL\H24,AL,20240315
ALJ2024,AL J2024-SHF,F:AL\J24,AL,20240415
ALK2024,AL K2024-SHF,F:AL\K24,AL,20240515
ALM2024,AL M2024-SHF,F:AL\M24,AL,20240617
ALN2024,AL N2024-SHF,F:AL\N24,AL,20240715
AOX2023,AO X2023-SHF,F:AO\X23,AO,20231115
AOZ2023,AO Z2023-SHF,F:AO\Z23,AO,20231215
AOF2024,AO F2024-SHF,F:AO\F24,AO,20240115
AOG2024,AO G2024-SHF,F:AO\G24,AO,20240215
AOH2024,AO H2024-SHF,F:AO\H24,AO,20240315
AOJ2024,AO J2024-SHF,F:AO\J24,AO,20240415
AOK2024,AO K2024-SHF,F:AO\K24,AO,20240515
AOM2024,AO M2024-SHF,F:AO\M24,AO,20240617
AON2024,AO N2024-SHF,F:AO\N24,AO,20240715
AUG2010,AU G2010-SHF,F:AU\G10,AU,20100209
AUH2010,AU H2010-SHF,F:AU\H10,AU,20100315
AUJ2010,AU J2010-SHF,F:AU\J10,AU,20100415
AUK2010,AU K2010-SHF,F:AU\K10,AU,20100517
AUM2010,AU M2010-SHF,F:AU\M10,AU,20100617
AUN2010,AU N2010-SHF,F:AU\N10,AU,20100715
AUQ2010,AU Q2010-SHF,F:AU\Q10,AU,20100816
AUU2010,AU U2010-SHF,F:AU\U10,AU,20100915
AUV2010,AU V2010-SHF,F:AU\V10,AU,20101015
AUX2010,AU X2010-SHF,F:AU\X10,AU,20101115
AUZ2010,AU Z2010-SHF,F:AU\Z10,AU,20101215
AUF2011,AU F2011-SHF,F:AU\F11,AU,20110117
AUG2011,AU G2011-SHF,F:AU\G11,AU,20110215
AUH2011,AU H2011-SHF,F:AU\H11,AU,20110315
AUJ2011,AU J2011-SHF,F:AU\J11,AU,20110415
AUK2011,AU K2011-SHF,F:AU\K11,AU,20110516
AUM2011,AU M2011-SHF,F:AU\M11,AU,20110615
AUN2011,AU N2011-SHF,F:AU\N11,AU,20110715
AUQ2011,AU Q2011-SHF,F:AU\Q11,AU,20110815
AUU2011,AU U2011-SHF,F:AU\U11,AU,20110915
AUV2011,AU V2011-SHF,F:AU\V11,AU,20111017
AUX2011,AU X2011-SHF,F:AU\X11,AU,20111115
AUZ2011,AU Z2011-SHF,F:AU\Z11,AU,20111215
AUF2012,AU F2012-SHF,F:AU\F12,AU,20120113
AUG2012,AU G2012-SHF,F:AU\G12,AU,20120215
AUH2012,AU H2012-SHF,F:AU\H12,AU,20120315
AUJ2012,AU J2012-SHF,F:AU\J12,AU,20120415
AUK2012,AU K2012-SHF,F:AU\K12,AU,20120515
AUM2012,AU M2012-SHF,F:AU\M12,AU,20120615
AUN2012,AU N2012-SHF,F:AU\N12,AU,20120716
AUQ2012,AU Q2012-SHF,F:AU\Q12,AU,20120815
AUU2012,AU U2012-SHF,F:AU\U12,AU,20120917
AUV2012,AU V2012-SHF,F:AU\V12,AU,20121015
AUX2012,AU X2012-SHF,F:AU\X12,AU,20121115
AUZ2012,AU Z2012-SHF,F:AU\Z12,AU,20121217
AUF2013,AU F2013-SHF,F:AU\F13,AU,20130115
AUG2013,AU G2013-SHF,F:AU\G13,AU,20130218
AUH2013,AU H2013-SHF,F:AU\H13,AU,20130315
AUJ2013,AU J2013-SHF,F:AU\J13,AU,20130415
AUK2013,AU K2013-SHF,F:AU\K13,AU,20130515
AUM2013,AU M2013-SHF,F:AU\M13,AU,20130617
AUN2013,AU N2013-SHF,F:AU\N13,AU,20130715
AUQ2013,AU Q2013-SHF,F:AU\Q13,AU,20130815
AUU2013,AU U2013-SHF,F:AU\U13,AU,20130916
AUV2013,AU V2013-SHF,F:AU\V13,AU,20131015
AUX2013,AU X2013-SHF,F:AU\X13,AU,20131115
AUZ2013,AU Z2013-SHF,F:AU\Z13,AU,20131216
AUF2014,AU F2014-SHF,F:AU\F14,AU,20140115
AUG2014,AU G2014-SHF,F:AU\G14,AU,20140217
AUH2014,AU H2014-SHF,F:AU\H14,AU,20140317
AUJ2014,AU J2014-SHF,F:AU\J14,AU,20140415
AUK2014,AU K2014-SHF,F:AU\K14,AU,20140515
AUM2014,AU M2014-SHF,F:AU\M14,AU,20140616
AUN2014,AU N2014-SHF,F:AU\N14,AU,20140715
AUQ2014,AU Q2014-SHF,F:AU\Q14,AU,20140815
AUU2014,AU U2014-SHF,F:AU\U14,AU,20140915
AUV2014,AU V2014-SHF,F:AU\V14,AU,20141015
AUX2014,AU X2014-SHF,F:AU\X14,AU,20141117
AUZ2014,AU Z2014-SHF,F:AU\Z14,AU,20141215
AUF2015,AU F2015-SHF,F:AU\F15,AU,20150115
AUG2015,AU G2015-SHF,F:AU\G15,AU,20150216
AUH2015,AU H2015-SHF,F:AU\H15,AU,20150316
AUJ2015,AU J2015-SHF,F:AU\J15,AU,20150415
AUK2015,AU K2015-SHF,F:AU\K15,AU,20150515
AUM2015,AU M2015-SHF,F:AU\M15,AU,20150615
AUN2015,AU N2015-SHF,F:AU\N15,AU,20150715
AUQ2015,AU Q2015-SHF,F:AU\Q15,AU,20150817
AUU2015,AU U2015-SHF,F:AU\U15,AU,20150915
AUV2015,AU V2015-SHF,F:AU\V15,AU,20151015
AUX2015,AU X2015-SHF,F:AU\X15,AU,20151116
AUZ2015,AU Z2015-SHF,F:AU\Z15,AU,20151215
AUF2016,AU F2016-SHF,F:AU\F16,AU,20160115
AUG2016,AU G2016-SHF,F:AU\G16,AU,20160215
AUH2016,AU H2016-SHF,F:AU\H16,AU,20160315
AUJ2016,AU J2016-SHF,F:AU\J16,AU,20160415
AUK2016,AU K2016-SHF,F:AU\K16,AU,20160516
AUM2016,AU M2016-SHF,F:AU\M16,AU,20160615
AUN2016,AU N2016-SHF,F:AU\N16,AU,20160715
AUQ2016,AU Q2016-SHF,F:AU\Q16,AU,20160815
AUU2016,AU U2016-SHF,F:AU\U16,AU,20160915
AUV2016,AU V2016-SHF,F:AU\V16,AU,20161017
AUX2016,AU X2016-SHF,F:AU\X16,AU,20161115
AUZ2016,AU Z2016-SHF,F:AU\Z16,AU,20161215
AUF2017,AU F2017-SHF,F:AU\F17,AU,20170116
AUG2017,AU G2017-SHF,F:AU\G17,AU,20170215
AUH2017,AU H2017-SHF,F:AU\H17,AU,20170315
AUJ2017,AU J2017-SHF,F:AU\J17,AU,20170417
AUK2017,AU K2017-SHF,F:AU\K17,AU,20170515
AUM2017,AU M2017-SHF,F:AU\M17,AU,20170615
AUN2017,AU N2017-SHF,F:AU\N17,AU,20170717
AUQ2017,AU Q2017-SHF,F:AU\Q17,AU,20170815
AUU2017,AU U2017-SHF,F:AU\U17,AU,20170915
AUV2017,AU V2017-SHF,F:AU\V17,AU,20171016
AUX2017,AU X2017-SHF,F:AU\X17,AU,20171115
AUZ2017,AU Z2017-SHF,F:AU\Z17,AU,20171215
AUF2018,AU F2018-SHF,F:AU\F18,AU,20180115
AUG2018,AU G2018-SHF,F:AU\G18,AU,20180215
AUH2018,AU H2018-SHF,F:AU\H18,AU,20180315
AUJ2018,AU J2018-SHF,F:AU\J18,AU,20180416
AUK2018,AU K2018-SHF,F:AU\K18,AU,20180515
AUM2018,AU M2018-SHF,F:AU\M18,AU,20180615
AUN2018,AU N2018-SHF,F:AU\N18,AU,20180716
AUQ2018,AU Q2018-SHF,F:AU\Q18,AU,20180815
AUU2018,AU U2018-SHF,F:AU\U18,AU,20180917
AUV2018,AU V2018-SHF,F:AU\V18,AU,20181015
AUX2018,AU X2018-SHF,F:AU\X18,AU,20181115
AUZ2018,AU Z2018-SHF,F:AU\Z18,AU,20181217
AUF2019,AU F2019-SHF,F:AU\F19,AU,20190115
AUG2019,AU G2019-SHF,F:AU\G19,AU,20190215
AUH2019,AU H2019-SHF,F:AU\H19,AU,20190315
AUJ2019,AU J2019-SHF,F:AU\J19,AU,20190415
AUK2019,AU K2019-SHF,F:AU\K19,AU,20190515
AUM2019,AU M2019-SHF,F:AU\M19,AU,20190617
AUN2019,AU N2019-SHF,F:AU\N19,AU,20190715
AUQ2019,AU Q2019-SHF,F:AU\Q19,AU,20190815
AUU2019,AU U2019-SHF,F:AU\U19,AU,20190916
AUV2019,AU V2019-SHF,F:AU\V19,AU,20191015
AUX2019,AU X2019-SHF,F:AU\X19,AU,20191118
AUZ2019,AU Z2019-SHF,F:AU\Z19,AU,20191216
AUF2020,AU F2020-SHF,F:AU\F20,AU,20200115
AUG2020,AU G2020-SHF,F:AU\G20,AU,20200217
AUH2020,AU H2020-SHF,F:AU\H20,AU,20200316
AUJ2020,AU J2020-SHF,F:AU\J20,AU,20200415
AUK2020,AU K2020-SHF,F:AU\K20,AU,20200515
AUM2020,AU M2020-SHF,F:AU\M20,AU,20200615
AUN2020,AU N2020-SHF,F:AU\N20,AU,20200715
AUQ2020,AU Q2020-SHF,F:AU\Q20,AU,20200817
AUU2020,AU U2020-SHF,F:AU\U20,AU,20200915
AUV2020,AU V2020-SHF,F:AU\V20,AU,20201015
AUX2020,AU X2020-SHF,F:AU\X20,AU,20201116
AUZ2020,AU Z2020-SHF,F:AU\Z20,AU,20201215
AUF2021,AU F2021-SHF,F:AU\F21,AU,20210115
AUG2021,AU G2021-SHF,F:AU\G21,AU,20210215
AUH2021,AU H2021-SHF,F:AU\H21,AU,20210315
AUJ2021,AU J2021-SHF,F:AU\J21,AU,20210415
AUK2021,AU K2021-SHF,F:AU\K21,AU,20210517
AUM2021,AU M2021-SHF,F:AU\M21,AU,20210615
AUN2021,AU N2021-SHF,F:AU\N21,AU,20210715
AUQ2021,AU Q2021-SHF,F:AU\Q21,AU,20210816
AUU2021,AU U2021-SHF,F:AU\U21,AU,20210915
AUV2021,AU V2021-SHF,F:AU\V21,AU,20211015
AUX2021,AU X2021-SHF,F:AU\X21,AU,20211115
AUZ2021,AU Z2021-SHF,F:AU\Z21,AU,20211215
AUF2022,AU F2022-SHF,F:AU\F22,AU,20220117
AUG2022,AU G2022-SHF,F:AU\G22,AU,20220215
AUH2022,AU H2022-SHF,F:AU\H22,AU,20220315
AUJ2022,AU J2022-SHF,F:AU\J22,AU,20220415
AUK2022,AU K2022-SHF,F:AU\K22,AU,20220516
AUM2022,AU M2022-SHF,F:AU\M22,AU,20220615
AUN2022,AU N2022-SHF,F:AU\N22,AU,20220715
AUQ2022,AU Q2022-SHF,F:AU\Q22,AU,20220815
AUU2022,AU U2022-SHF,F:AU\U22,AU,20220915
AUV2022,AU V2022-SHF,F:AU\V22,AU,20221017
AUX2022,AU X2022-SHF,F:AU\X22,AU,20221115
AUZ2022,AU Z2022-SHF,F:AU\Z22,AU,20221215
AUF2023,AU F2023-SHF,F:AU\F23,AU,20230116
AUG2023,AU G2023-SHF,F:AU\G23,AU,20230215
AUH2023,AU H2023-SHF,F:AU\H23,AU,20230315
AUJ2023,AU J2023-SHF,F:AU\J23,AU,20230417
AUK2023,AU K2023-SHF,F:AU\K23,AU,20230515
AUM2023,AU M2023-SHF,F:AU\M23,AU,20230615
AUN2023,AU N2023-SHF,F:AU\N23,AU,20230717
AUQ2023,AU Q2023-SHF,F:AU\Q23,AU,20230815
AUU2023,AU U2023-SHF,F:AU\U23,AU,20230915
AUV2023,AU V2023-SHF,F:AU\V23,AU,20231016
AUZ2023,AU Z2023-SHF,F:AU\Z23,AU,20231215
AUG2024,AU G2024-SHF,F:AU\G24,AU,20240215
AUJ2024,AU J2024-SHF,F:AU\J24,AU,20240415
AUM2024,AU M2024-SHF,F:AU\M24,AU,20240617
AUQ2024,AU Q2024-SHF,F:AU\Q24,AU,20240815
BUG2014,BU G2014-SHF,F:BU\G14,BU,20140217
BUH2014,BU H2014-SHF,F:BU\H14,BU,20140317
BUJ2014,BU J2014-SHF,F:BU\J14,BU,20140415
BUK2014,BU K2014-SHF,F:BU\K14,BU,20140515
BUM2014,BU M2014-SHF,F:BU\M14,BU,20140616
BUN2014,BU N2014-SHF,F:BU\N14,BU,20140715
BUQ2014,BU Q2014-SHF,F:BU\Q14,BU,20140815
BUU2014,BU U2014-SHF,F:BU\U14,BU,20140915
BUV2014,BU V2014-SHF,F:BU\V14,BU,20141015
BUX2014,BU X2014-SHF,F:BU\X14,BU,20141117
BUZ2014,BU Z2014-SHF,F:BU\Z14,BU,20141215
BUF2015,BU F2015-SHF,F:BU\F15,BU,20150115
BUG2015,BU G2015-SHF,F:BU\G15,BU,20150216
BUH2015,BU H2015-SHF,F:BU\H15,BU,20150316
BUJ2015,BU J2015-SHF,F:BU\J15,BU,20150415
BUK2015,BU K2015-SHF,F:BU\K15,BU,20150515
BUM2015,BU M2015-SHF,F:BU\M15,BU,20150615
BUN2015,BU N2015-SHF,F:BU\N15,BU,20150715
BUQ2015,BU Q2015-SHF,F:BU\Q15,BU,20150817
BUU2015,BU U2015-SHF,F:BU\U15,BU,20150915
BUV2015,BU V2015-SHF,F:BU\V15,BU,20151015
BUX2015,BU X2015-SHF,F:BU\X15,BU,20151116
BUZ2015,BU Z2015-SHF,F:BU\Z15,BU,20151215
BUF2016,BU F2016-SHF,F:BU\F16,BU,20160115
BUG2016,BU G2016-SHF,F:BU\G16,BU,20160215
BUH2016,BU H2016-SHF,F:BU\H16,BU,20160315
BUJ2016,BU J2016-SHF,F:BU\J16,BU,20160415
BUK2016,BU K2016-SHF,F:BU\K16,BU,20160516
BUM2016,BU M2016-SHF,F:BU\M16,BU,20160615
BUN2016,BU N2016-SHF,F:BU\N16,BU,20160715
BUQ2016,BU Q2016-SHF,F:BU\Q16,BU,20160815
BUU2016,BU U2016-SHF,F:BU\U16,BU,20160915
BUV2016,BU V2016-SHF,F:BU\V16,BU,20161017
BUX2016,BU X2016-SHF,F:BU\X16,BU,20161115
BUZ2016,BU Z2016-SHF,F:BU\Z16,BU,20161215
BUF2017,BU F2017-SHF,F:BU\F17,BU,20170116
BUG2017,BU G2017-SHF,F:BU\G17,BU,20170215
BUH2017,BU H2017-SHF,F:BU\H17,BU,20170315
BUJ2017,BU J2017-SHF,F:BU\J17,BU,20170417
BUK2017,BU K2017-SHF,F:BU\K17,BU,20170515
BUM2017,BU M2017-SHF,F:BU\M17,BU,20170615
BUN2017,BU N2017-SHF,F:BU\N17,BU,20170717
BUQ2017,BU Q2017-SHF,F:BU\Q17,BU,20170815
BUU2017,BU U2017-SHF,F:BU\U17,BU,20170915
BUV2017,BU V2017-SHF,F:BU\V17,BU,20171016
BUX2017,BU X2017-SHF,F:BU\X17,BU,20171115
BUZ2017,BU Z2017-SHF,F:BU\Z17,BU,20171215
BUF2018,BU F2018-SHF,F:BU\F18,BU,20180115
BUG2018,BU G2018-SHF,F:BU\G18,BU,20180215
BUH2018,BU H2018-SHF,F:BU\H18,BU,20180315
BUJ2018,BU J2018-SHF,F:BU\J18,BU,20180416
BUK2018,BU K2018-SHF,F:BU\K18,BU,20180515
BUM2018,BU M2018-SHF,F:BU\M18,BU,20180615
BUN2018,BU N2018-SHF,F:BU\N18,BU,20180716
BUQ2018,BU Q2018-SHF,F:BU\Q18,BU,20180815
BUU2018,BU U2018-SHF,F:BU\U18,BU,20180917
BUV2018,BU V2018-SHF,F:BU\V18,BU,20181015
BUX2018,BU X2018-SHF,F:BU\X18,BU,20181115
BUZ2018,BU Z2018-SHF,F:BU\Z18,BU,20181217
BUF2019,BU F2019-SHF,F:BU\F19,BU,20190115
BUG2019,BU G2019-SHF,F:BU\G19,BU,20190215
BUH2019,BU H2019-SHF,F:BU\H19,BU,20190315
BUJ2019,BU J2019-SHF,F:BU\J19,BU,20190415
BUK2019,BU K2019-SHF,F:BU\K19,BU,20190515
BUM2019,BU M2019-SHF,F:BU\M19,BU,20190617
BUN2019,BU N2019-SHF,F:BU\N19,BU,20190715
BUQ2019,BU Q2019-SHF,F:BU\Q19,BU,20190815
BUU2019,BU U2019-SHF,F:BU\U19,BU,20190916
BUV2019,BU V2019-SHF,F:BU\V19,BU,20191015
BUX2019,BU X2019-SHF,F:BU\X19,BU,20191118
BUZ2019,BU Z2019-SHF,F:BU\Z19,BU,20191216
BUF2020,BU F2020-SHF,F:BU\F20,BU,20200115
BUG2020,BU G2020-SHF,F:BU\G20,BU,20200217
BUH2020,BU H2020-SHF,F:BU\H20,BU,20200316
BUJ2020,BU J2020-SHF,F:BU\J20,BU,20200415
BUK2020,BU K2020-SHF,F:BU\K20,BU,20200515
BUM2020,BU M2020-SHF,F:BU\M20,BU,20200615
BUN2020,BU N2020-SHF,F:BU\N20,BU,20200715
BUQ2020,BU Q2020-SHF,F:BU\Q20,BU,20200817
BUU2020,BU U2020-SHF,F:BU\U20,BU,20200915
BUV2020,BU V2020-SHF,F:BU\V20,BU,20201015
BUX2020,BU X2020-SHF,F:BU\X20,BU,20201116
BUZ2020,BU Z2020-SHF,F:BU\Z20,BU,20201215
BUF2021,BU F2021-SHF,F:BU\F21,BU,20210115
BUG2021,BU G2021-SHF,F:BU\G21,BU,20210215
BUH2021,BU H2021-SHF,F:BU\H21,BU,20210315
BUJ2021,BU J2021-SHF,F:BU\J21,BU,20210415
BUK2021,BU K2021-SHF,F:BU\K21,BU,20210517
BUM2021,BU M2021-SHF,F:BU\M21,BU,20210615
BUN2021,BU N2021-SHF,F:BU\N21,BU,20210715
BUQ2021,BU Q2021-SHF,F:BU\Q21,BU,20210816
BUU2021,BU U2021-SHF,F:BU\U21,BU,20210915
BUV2021,BU V2021-SHF,F:BU\V21,BU,20211015
BUX2021,BU X2021-SHF,F:BU\X21,BU,20211115
BUZ2021,BU Z2021-SHF,F:BU\Z21,BU,20211215
BUF2022,BU F2022-SHF,F:BU\F22,BU,20220117
BUG2022,BU G2022-SHF,F:BU\G22,BU,20220215
BUH2022,BU H2022-SHF,F:BU\H22,BU,20220315
BUJ2022,BU J2022-SHF,F:BU\J22,BU,20220415
BUK2022,BU K2022-SHF,F:BU\K22,BU,20220516
BUM2022,BU M2022-SHF,F:BU\M22,BU,20220615
BUN2022,BU N2022-SHF,F:BU\N22,BU,20220715
BUQ2022,BU Q2022-SHF,F:BU\Q22,BU,20220815
BUU2022,BU U2022-SHF,F:BU\U22,BU,20220915
BUV2022,BU V2022-SHF,F:BU\V22,BU,20221017
BUX2022,BU X2022-SHF,F:BU\X22,BU,20221115
BUZ2022,BU Z2022-SHF,F:BU\Z22,BU,20221215
BUF2023,BU F2023-SHF,F:BU\F23,BU,20230116
BUG2023,BU G2023-SHF,F:BU\G23,BU,20230215
BUH2023,BU H2023-SHF,F:BU\H23,BU,20230315
BUJ2023,BU J2023-SHF,F:BU\J23,BU,20230417
BUK2023,BU K2023-SHF,F:BU\K23,BU,20230515
BUM2023,BU M2023-SHF,F:BU\M23,BU,20230615
BUN2023,BU N2023-SHF,F:BU\N23,BU,20230717
BUQ2023,BU Q2023-SHF,F:BU\Q23,BU,20230815
BUU2023,BU U2023-SHF,F:BU\U23,BU,20230915
BUV2023,BU V2023-SHF,F:BU\V23,BU,20231016
BUX2023,BU X2023-SHF,F:BU\X23,BU,20231115
BUZ2023,BU Z2023-SHF,F:BU\Z23,BU,20231215
BUF2024,BU F2024-SHF,F:BU\F24,BU,20240115
BUG2024,BU G2024-SHF,F:BU\G24,BU,20240215
BUH2024,BU H2024-SHF,F:BU\H24,BU,20240315
BUJ2024,BU J2024-SHF,F:BU\J24,BU,20240415
BUK2024,BU K2024-SHF,F:BU\K24,BU,20240515
BUM2024,BU M2024-SHF,F:BU\M24,BU,20240617
BUN2024,BU N2024-SHF,F:BU\N24,BU,20240715
BUU2024,BU U2024-SHF,F:BU\U24,BU,20240916
BUZ2024,BU Z2024-SHF,F:BU\Z24,BU,20241216
BUH2025,BU H2025-SHF,F:BU\H25,BU,20250317
BUM2025,BU M2025-SHF,F:BU\M25,BU,20250616
CUF2010,CU F2010-SHF,F:CU\F10,CU,20100115
CUG2010,CU G2010-SHF,F:CU\G10,CU,20100209
CUH2010,CU H2010-SHF,F:CU\H10,CU,20100315
CUJ2010,CU J2010-SHF,F:CU\J10,CU,20100415
CUK2010,CU K2010-SHF,F:CU\K10,CU,20100517
CUM2010,CU M2010-SHF,F:CU\M10,CU,20100617
CUN2010,CU N2010-SHF,F:CU\N10,CU,20100715
CUQ2010,CU Q2010-SHF,F:CU\Q10,CU,20100816
CUU2010,CU U2010-SHF,F:CU\U10,CU,20100915
CUV2010,CU V2010-SHF,F:CU\V10,CU,20101015
CUX2010,CU X2010-SHF,F:CU\X10,CU,20101115
CUZ2010,CU Z2010-SHF,F:CU\Z10,CU,20101215
CUF2011,CU F2011-SHF,F:CU\F11,CU,20110117
CUG2011,CU G2011-SHF,F:CU\G11,CU,20110215
CUH2011,CU H2011-SHF,F:CU\H11,CU,20110315
CUJ2011,CU J2011-SHF,F:CU\J11,CU,20110415
CUK2011,CU K2011-SHF,F:CU\K11,CU,20110516
CUM2011,CU M2011-SHF,F:CU\M11,CU,20110615
CUN2011,CU N2011-SHF,F:CU\N11,CU,20110715
CUQ2011,CU Q2011-SHF,F:CU\Q11,CU,20110815
CUU2011,CU U2011-SHF,F:CU\U11,CU,20110915
CUV2011,CU V2011-SHF,F:CU\V11,CU,20111017
CUX2011,CU X2011-SHF,F:CU\X11,CU,20111115
CUZ2011,CU Z2011-SHF,F:CU\Z11,CU,20111215
CUF2012,CU F2012-SHF,F:CU\F12,CU,20120113
CUG2012,CU G2012-SHF,F:CU\G12,CU,20120215
CUH2012,CU H2012-SHF,F:CU\H12,CU,20120315
CUJ2012,CU J2012-SHF,F:CU\J12,CU,20120415
CUK2012,CU K2012-SHF,F:CU\K12,CU,20120515
CUM2012,CU M2012-SHF,F:CU\M12,CU,20120615
CUN2012,CU N2012-SHF,F:CU\N12,CU,20120716
CUQ2012,CU Q2012-SHF,F:CU\Q12,CU,20120815
CUU2012,CU U2012-SHF,F:CU\U12,CU,20120917
CUV2012,CU V2012-SHF,F:CU\V12,CU,20121015
CUX2012,CU X2012-SHF,F:CU\X12,CU,20121115
CUZ2012,CU Z2012-SHF,F:CU\Z12,CU,20121217
CUF2013,CU F2013-SHF,F:CU\F13,CU,20130115
CUG2013,CU G2013-SHF,F:CU\G13,CU,20130218
CUH2013,CU H2013-SHF,F:CU\H13,CU,20130315
CUJ2013,CU J2013-SHF,F:CU\J13,CU,20130415
CUK2013,CU K2013-SHF,F:CU\K13,CU,20130515
CUM2013,CU M2013-SHF,F:CU\M13,CU,20130617
CUN2013,CU N2013-SHF,F:CU\N13,CU,20130715
CUQ2013,CU Q2013-SHF,F:CU\Q13,CU,20130815
CUU2013,CU U2013-SHF,F:CU\U13,CU,20130916
CUV2013,CU V2013-SHF,F:CU\V13,CU,20131015
CUX2013,CU X2013-SHF,F:CU\X13,CU,20131115
CUZ2013,CU Z2013-SHF,F:CU\Z13,CU,20131216
CUF2014,CU F2014-SHF,F:CU\F14,CU,20140115
CUG2014,CU G2014-SHF,F:CU\G14,CU,20140217
CUH2014,CU H2014-SHF,F:CU\H14,CU,20140317
CUJ2014,CU J2014-SHF,F:CU\J14,CU,20140415
CUK2014,CU K2014-SHF,F:CU\K14,CU,20140515
CUM2014,CU M2014-SHF,F:CU\M14,CU,20140616
CUN2014,CU N2014-SHF,F:CU\N14,CU,20140715
CUQ2014,CU Q2014-SHF,F:CU\Q14,CU,20140815
CUU2014,CU U2014-SHF,F:CU\U14,CU,20140915
CUV2014,CU V2014-SHF,F:CU\V14,CU,20141015
CUX2014,CU X2014-SHF,F:CU\X14,CU,20141117
CUZ2014,CU Z2014-SHF,F:CU\Z14,CU,20141215
CUF2015,CU F2015-SHF,F:CU\F15,CU,20150115
CUG2015,CU G2015-SHF,F:CU\G15,CU,20150216
CUH2015,CU H2015-SHF,F:CU\H15,CU,20150316
CUJ2015,CU J2015-SHF,F:CU\J15,CU,20150415
CUK2015,CU K2015-SHF,F:CU\K15,CU,20150515
CUM2015,CU M2015-SHF,F:CU\M15,CU,20150615
CUN2015,CU N2015-SHF,F:CU\N15,CU,20150715
CUQ2015,CU Q2015-SHF,F:CU\Q15,CU,20150817
CUU2015,CU U2015-SHF,F:CU\U15,CU,20150915
CUV2015,CU V2015-SHF,F:CU\V15,CU,20151015
CUX2015,CU X2015-SHF,F:CU\X15,CU,20151116
CUZ2015,CU Z2015-SHF,F:CU\Z15,CU,20151215
CUF2016,CU F2016-SHF,F:CU\F16,CU,20160115
CUG2016,CU G2016-SHF,F:CU\G16,CU,20160215
CUH2016,CU H2016-SHF,F:CU\H16,CU,20160315
CUJ2016,CU J2016-SHF,F:CU\J16,CU,20160415
CUK2016,CU K2016-SHF,F:CU\K16,CU,20160516
CUM2016,CU M2016-SHF,F:CU\M16,CU,20160615
CUN2016,CU N2016-SHF,F:CU\N16,CU,20160715
CUQ2016,CU Q2016-SHF,F:CU\Q16,CU,20160815
CUU2016,CU U2016-SHF,F:CU\U16,CU,20160915
CUV2016,CU V2016-SHF,F:CU\V16,CU,20161017
CUX2016,CU X2016-SHF,F:CU\X16,CU,20161115
CUZ2016,CU Z2016-SHF,F:CU\Z16,CU,20161215
CUF2017,CU F2017-SHF,F:CU\F17,CU,20170116
CUG2017,CU G2017-SHF,F:CU\G17,CU,20170215
CUH2017,CU H2017-SHF,F:CU\H17,CU,20170315
CUJ2017,CU J2017-SHF,F:CU\J17,CU,20170417
CUK2017,CU K2017-SHF,F:CU\K17,CU,20170515
CUM2017,CU M2017-SHF,F:CU\M17,CU,20170615
CUN2017,CU N2017-SHF,F:CU\N17,CU,20170717
CUQ2017,CU Q2017-SHF,F:CU\Q17,CU,20170815
CUU2017,CU U2017-SHF,F:CU\U17,CU,20170915
CUV2017,CU V2017-SHF,F:CU\V17,CU,20171016
CUX2017,CU X2017-SHF,F:CU\X17,CU,20171115
CUZ2017,CU Z2017-SHF,F:CU\Z17,CU,20171215
CUF2018,CU F2018-SHF,F:CU\F18,CU,20180115
CUG2018,CU G2018-SHF,F:CU\G18,CU,20180215
CUH2018,CU H2018-SHF,F:CU\H18,CU,20180315
CUJ2018,CU J2018-SHF,F:CU\J18,CU,20180416
CUK2018,CU K2018-SHF,F:CU\K18,CU,20180515
CUM2018,CU M2018-SHF,F:CU\M18,CU,20180615
CUN2018,CU N2018-SHF,F:CU\N18,CU,20180716
CUQ2018,CU Q2018-SHF,F:CU\Q18,CU,20180815
CUU2018,CU U2018-SHF,F:CU\U18,CU,20180917
CUV2018,CU V2018-SHF,F:CU\V18,CU,20181015
CUX2018,CU X2018-SHF,F:CU\X18,CU,20181115
CUZ2018,CU Z2018-SHF,F:CU\Z18,CU,20181217
CUF2019,CU F2019-SHF,F:CU\F19,CU,20190115
CUG2019,CU G2019-SHF,F:CU\G19,CU,20190215
CUH2019,CU H2019-SHF,F:CU\H19,CU,20190315
CUJ2019,CU J2019-SHF,F:CU\J19,CU,20190415
CUK2019,CU K2019-SHF,F:CU\K19,CU,20190515
CUM2019,CU M2019-SHF,F:CU\M19,CU,20190617
CUN2019,CU N2019-SHF,F:CU\N19,CU,20190715
CUQ2019,CU Q2019-SHF,F:CU\Q19,CU,20190815
CUU2019,CU U2019-SHF,F:CU\U19,CU,20190916
CUV2019,CU V2019-SHF,F:CU\V19,CU,20191015
CUX2019,CU X2019-SHF,F:CU\X19,CU,20191118
CUZ2019,CU Z2019-SHF,F:CU\Z19,CU,20191216
CUF2020,CU F2020-SHF,F:CU\F20,CU,20200115
CUG2020,CU G2020-SHF,F:CU\G20,CU,20200217
CUH2020,CU H2020-SHF,F:CU\H20,CU,20200316
CUJ2020,CU J2020-SHF,F:CU\J20,CU,20200415
CUK2020,CU K2020-SHF,F:CU\K20,CU,20200515
CUM2020,CU M2020-SHF,F:CU\M20,CU,20200615
CUN2020,CU N2020-SHF,F:CU\N20,CU,20200715
CUQ2020,CU Q2020-SHF,F:CU\Q20,CU,20200817
CUU2020,CU U2020-SHF,F:CU\U20,CU,20200915
CUV2020,CU V2020-SHF,F:CU\V20,CU,20201015
CUX2020,CU X2020-SHF,F:CU\X20,CU,20201116
CUZ2020,CU Z2020-SHF,F:CU\Z20,CU,20201215
CUF2021,CU F2021-SHF,F:CU\F21,CU,20210115
CUG2021,CU G2021-SHF,F:CU\G21,CU,20210215
CUH2021,CU H2021-SHF,F:CU\H21,CU,20210315
CUJ2021,CU J2021-SHF,F:CU\J21,CU,20210415
CUK2021,CU K2021-SHF,F:CU\K21,CU,20210517
CUM2021,CU M2021-SHF,F:CU\M21,CU,20210615
CUN2021,CU N2021-SHF,F:CU\N21,CU,20210715
CUQ2021,CU Q2021-SHF,F:CU\Q21,CU,20210816
CUU2021,CU U2021-SHF,F:CU\U21,CU,20210915
CUV2021,CU V2021-SHF,F:CU\V21,CU,20211015
CUX2021,CU X2021-SHF,F:CU\X21,CU,20211115
CUZ2021,CU Z2021-SHF,F:CU\Z21,CU,20211215
CUF2022,CU F2022-SHF,F:CU\F22,CU,20220117
CUG2022,CU G2022-SHF,F:CU\G22,CU,20220215
CUH2022,CU H2022-SHF,F:CU\H22,CU,20220315
CUJ2022,CU J2022-SHF,F:CU\J22,CU,20220415
CUK2022,CU K2022-SHF,F:CU\K22,CU,20220516
CUM2022,CU M2022-SHF,F:CU\M22,CU,20220615
CUN2022,CU N2022-SHF,F:CU\N22,CU,20220715
CUQ2022,CU Q2022-SHF,F:CU\Q22,CU,20220815
CUU2022,CU U2022-SHF,F:CU\U22,CU,20220915
CUV2022,CU V2022-SHF,F:CU\V22,CU,20221017
CUX2022,CU X2022-SHF,F:CU\X22,CU,20221115
CUZ2022,CU Z2022-SHF,F:CU\Z22,CU,20221215
CUF2023,CU F2023-SHF,F:CU\F23,CU,20230116
CUG2023,CU G2023-SHF,F:CU\G23,CU,20230215
CUH2023,CU H2023-SHF,F:CU\H23,CU,20230315
CUJ2023,CU J2023-SHF,F:CU\J23,CU,20230417
CUK2023,CU K2023-SHF,F:CU\K23,CU,20230515
CUM2023,CU M2023-SHF,F:CU\M23,CU,20230615
CUN2023,CU N2023-SHF,F:CU\N23,CU,20230717
CUQ2023,CU Q2023-SHF,F:CU\Q23,CU,20230815
CUU2023,CU U2023-SHF,F:CU\U23,CU,20230915
CUV2023,CU V2023-SHF,F:CU\V23,CU,20231016
CUX2023,CU X2023-SHF,F:CU\X23,CU,20231115
CUZ2023,CU Z2023-SHF,F:CU\Z23,CU,20231215
CUF2024,CU F2024-SHF,F:CU\F24,CU,20240115
CUG2024,CU G2024-SHF,F:CU\G24,CU,20240215
CUH2024,CU H2024-SHF,F:CU\H24,CU,20240315
CUJ2024,CU J2024-SHF,F:CU\J24,CU,20240415
CUK2024,CU K2024-SHF,F:CU\K24,CU,20240515
CUM2024,CU M2024-SHF,F:CU\M24,CU,20240617
CUN2024,CU N2024-SHF,F:CU\N24,CU,20240715
FUH2010,FU H2010-SHF,F:FU\H10,FU,20100315
FUJ2010,FU J2010-SHF,F:FU\J10,FU,20100415
FUK2010,FU K2010-SHF,F:FU\K10,FU,20100517
FUM2010,FU M2010-SHF,F:FU\M10,FU,20100617
FUN2010,FU N2010-SHF,F:FU\N10,FU,20100715
FUQ2010,FU Q2010-SHF,F:FU\Q10,FU,20100816
FUU2010,FU U2010-SHF,F:FU\U10,FU,20100915
FUV2010,FU V2010-SHF,F:FU\V10,FU,20101015
FUX2010,FU X2010-SHF,F:FU\X10,FU,20101115
FUZ2010,FU Z2010-SHF,F:FU\Z10,FU,20101215
FUF2011,FU F2011-SHF,F:FU\F11,FU,20110117
FUH2011,FU H2011-SHF,F:FU\H11,FU,20110315
FUJ2011,FU J2011-SHF,F:FU\J11,FU,20110415
FUK2011,FU K2011-SHF,F:FU\K11,FU,20110516
FUM2011,FU M2011-SHF,F:FU\M11,FU,20110615
FUN2011,FU N2011-SHF,F:FU\N11,FU,20110715
FUQ2011,FU Q2011-SHF,F:FU\Q11,FU,20110815
FUU2011,FU U2011-SHF,F:FU\U11,FU,20110915
FUV2011,FU V2011-SHF,F:FU\V11,FU,20111017
FUX2011,FU X2011-SHF,F:FU\X11,FU,20111115
FUZ2011,FU Z2011-SHF,F:FU\Z11,FU,20111215
FUG2012,FU G2012-SHF,F:FU\G12,FU,20120215
FUH2012,FU H2012-SHF,F:FU\H12,FU,20120315
FUJ2012,FU J2012-SHF,F:FU\J12,FU,20120415
FUK2012,FU K2012-SHF,F:FU\K12,FU,20120515
FUM2012,FU M2012-SHF,F:FU\M12,FU,20120615
FUN2012,FU N2012-SHF,F:FU\N12,FU,20120716
FUQ2012,FU Q2012-SHF,F:FU\Q12,FU,20120815
FUU2012,FU U2012-SHF,F:FU\U12,FU,20120917
FUV2012,FU V2012-SHF,F:FU\V12,FU,20121015
FUX2012,FU X2012-SHF,F:FU\X12,FU,20121115
FUZ2012,FU Z2012-SHF,F:FU\Z12,FU,20121217
FUF2013,FU F2013-SHF,F:FU\F13,FU,20130115
FUH2013,FU H2013-SHF,F:FU\H13,FU,20130315
FUJ2013,FU J2013-SHF,F:FU\J13,FU,20130415
FUK2013,FU K2013-SHF,F:FU\K13,FU,20130515
FUM2013,FU M2013-SHF,F:FU\M13,FU,20130617
FUN2013,FU N2013-SHF,F:FU\N13,FU,20130715
FUQ2013,FU Q2013-SHF,F:FU\Q13,FU,20130815
FUU2013,FU U2013-SHF,F:FU\U13,FU,20130830
FUV2013,FU V2013-SHF,F:FU\V13,FU,20131015
FUX2013,FU X2013-SHF,F:FU\X13,FU,20131115
FUZ2013,FU Z2013-SHF,F:FU\Z13,FU,20131216
FUG2014,FU G2014-SHF,F:FU\G14,FU,20140217
FUH2014,FU H2014-SHF,F:FU\H14,FU,20140317
FUJ2014,FU J2014-SHF,F:FU\J14,FU,20140415
FUK2014,FU K2014-SHF,F:FU\K14,FU,20140515
FUM2014,FU M2014-SHF,F:FU\M14,FU,20140616
FUN2014,FU N2014-SHF,F:FU\N14,FU,20140715
FUQ2014,FU Q2014-SHF,F:FU\Q14,FU,20140815
FUU2014,FU U2014-SHF,F:FU\U14,FU,20140915
FUV2014,FU V2014-SHF,F:FU\V14,FU,20141015
FUX2014,FU X2014-SHF,F:FU\X14,FU,20141117
FUZ2014,FU Z2014-SHF,F:FU\Z14,FU,20141215
FUF2015,FU F2015-SHF,F:FU\F15,FU,20150115
FUH2015,FU H2015-SHF,F:FU\H15,FU,20150316
FUJ2015,FU J2015-SHF,F:FU\J15,FU,20150415
FUK2015,FU K2015-SHF,F:FU\K15,FU,20150515
FUM2015,FU M2015-SHF,F:FU\M15,FU,20150615
FUN2015,FU N2015-SHF,F:FU\N15,FU,20150715
FUQ2015,FU Q2015-SHF,F:FU\Q15,FU,20150817
FUU2015,FU U2015-SHF,F:FU\U15,FU,20150915
FUV2015,FU V2015-SHF,F:FU\V15,FU,20151015
FUX2015,FU X2015-SHF,F:FU\X15,FU,20151116
FUZ2015,FU Z2015-SHF,F:FU\Z15,FU,20151215
FUF2016,FU F2016-SHF,F:FU\F16,FU,20160115
FUH2016,FU H2016-SHF,F:FU\H16,FU,20160315
FUJ2016,FU J2016-SHF,F:FU\J16,FU,20160415
FUK2016,FU K2016-SHF,F:FU\K16,FU,20160516
FUM2016,FU M2016-SHF,F:FU\M16,FU,20160615
FUN2016,FU N2016-SHF,F:FU\N16,FU,20160715
FUQ2016,FU Q2016-SHF,F:FU\Q16,FU,20160815
FUU2016,FU U2016-SHF,F:FU\U16,FU,20160915
FUV2016,FU V2016-SHF,F:FU\V16,FU,20161017
FUX2016,FU X2016-SHF,F:FU\X16,FU,20161115
FUZ2016,FU Z2016-SHF,F:FU\Z16,FU,20161130
FUG2017,FU G2017-SHF,F:FU\G17,FU,20170131
FUH2017,FU H2017-SHF,F:FU\H17,FU,20170228
FUJ2017,FU J2017-SHF,F:FU\J17,FU,20170331
FUK2017,FU K2017-SHF,F:FU\K17,FU,20170428
FUM2017,FU M2017-SHF,F:FU\M17,FU,20170531
FUN2017,FU N2017-SHF,F:FU\N17,FU,20170630
FUQ2017,FU Q2017-SHF,F:FU\Q17,FU,20170731
FUU2017,FU U2017-SHF,F:FU\U17,FU,20170831
FUV2017,FU V2017-SHF,F:FU\V17,FU,20170929
FUX2017,FU X2017-SHF,F:FU\X17,FU,20171031
FUZ2017,FU Z2017-SHF,F:FU\Z17,FU,20171130
FUF2018,FU F2018-SHF,F:FU\F18,FU,20171229
FUH2018,FU H2018-SHF,F:FU\H18,FU,20180228
FUJ2018,FU J2018-SHF,F:FU\J18,FU,20180329
FUK2018,FU K2018-SHF,F:FU\K18,FU,20180430
FUM2018,FU M2018-SHF,F:FU\M18,FU,20180531
FUN2018,FU N2018-SHF,F:FU\N18,FU,20180629
FUQ2018,FU Q2018-SHF,F:FU\Q18,FU,20180731
FUU2018,FU U2018-SHF,F:FU\U18,FU,20180831
FUV2018,FU V2018-SHF,F:FU\V18,FU,20180928
FUX2018,FU X2018-SHF,F:FU\X18,FU,20181031
FUZ2018,FU Z2018-SHF,F:FU\Z18,FU,20181130
FUF2019,FU F2019-SHF,F:FU\F19,FU,20181231
FUG2019,FU G2019-SHF,F:FU\G19,FU,20190131
FUH2019,FU H2019-SHF,F:FU\H19,FU,20190228
FUJ2019,FU J2019-SHF,F:FU\J19,FU,20190329
FUK2019,FU K2019-SHF,F:FU\K19,FU,20190430
FUM2019,FU M2019-SHF,F:FU\M19,FU,20190531
FUN2019,FU N2019-SHF,F:FU\N19,FU,20190628
FUQ2019,FU Q2019-SHF,F:FU\Q19,FU,20190731
FUU2019,FU U2019-SHF,F:FU\U19,FU,20190830
FUV2019,FU V2019-SHF,F:FU\V19,FU,20190930
FUX2019,FU X2019-SHF,F:FU\X19,FU,20191031
FUZ2019,FU Z2019-SHF,F:FU\Z19,FU,20191129
FUF2020,FU F2020-SHF,F:FU\F20,FU,20191231
FUG2020,FU G2020-SHF,F:FU\G20,FU,20200131
FUH2020,FU H2020-SHF,F:FU\H20,FU,20200228
FUJ2020,FU J2020-SHF,F:FU\J20,FU,20200331
FUK2020,FU K2020-SHF,F:FU\K20,FU,20200430
FUM2020,FU M2020-SHF,F:FU\M20,FU,20200529
FUN2020,FU N2020-SHF,F:FU\N20,FU,20200630
FUQ2020,FU Q2020-SHF,F:FU\Q20,FU,20200731
FUU2020,FU U2020-SHF,F:FU\U20,FU,20200831
FUV2020,FU V2020-SHF,F:FU\V20,FU,20200930
FUX2020,FU X2020-SHF,F:FU\X20,FU,20201030
FUZ2020,FU Z2020-SHF,F:FU\Z20,FU,20201130
FUF2021,FU F2021-SHF,F:FU\F21,FU,20201231
FUG2021,FU G2021-SHF,F:FU\G21,FU,20210129
FUH2021,FU H2021-SHF,F:FU\H21,FU,20210226
FUJ2021,FU J2021-SHF,F:FU\J21,FU,20210331
FUK2021,FU K2021-SHF,F:FU\K21,FU,20210430
FUM2021,FU M2021-SHF,F:FU\M21,FU,20210531
FUN2021,FU N2021-SHF,F:FU\N21,FU,20210630
FUQ2021,FU Q2021-SHF,F:FU\Q21,FU,20210730
FUU2021,FU U2021-SHF,F:FU\U21,FU,20210831
FUV2021,FU V2021-SHF,F:FU\V21,FU,20210930
FUX2021,FU X2021-SHF,F:FU\X21,FU,20211029
FUZ2021,FU Z2021-SHF,F:FU\Z21,FU,20211130
FUF2022,FU F2022-SHF,F:FU\F22,FU,20211231
FUG2022,FU G2022-SHF,F:FU\G22,FU,20220128
FUH2022,FU H2022-SHF,F:FU\H22,FU,20220228
FUJ2022,FU J2022-SHF,F:FU\J22,FU,20220331
FUK2022,FU K2022-SHF,F:FU\K22,FU,20220429
FUM2022,FU M2022-SHF,F:FU\M22,FU,20220531
FUN2022,FU N2022-SHF,F:FU\N22,FU,20220630
FUQ2022,FU Q2022-SHF,F:FU\Q22,FU,20220729
FUU2022,FU U2022-SHF,F:FU\U22,FU,20220831
FUV2022,FU V2022-SHF,F:FU\V22,FU,20220930
FUX2022,FU X2022-SHF,F:FU\X22,FU,20221031
FUZ2022,FU Z2022-SHF,F:FU\Z22,FU,20221130
FUF2023,FU F2023-SHF,F:FU\F23,FU,20221230
FUG2023,FU G2023-SHF,F:FU\G23,FU,20230131
FUH2023,FU H2023-SHF,F:FU\H23,FU,20230228
FUJ2023,FU J2023-SHF,F:FU\J23,FU,20230331
FUK2023,FU K2023-SHF,F:FU\K23,FU,20230428
FUM2023,FU M2023-SHF,F:FU\M23,FU,20230531
FUN2023,FU N2023-SHF,F:FU\N23,FU,20230630
FUQ2023,FU Q2023-SHF,F:FU\Q23,FU,20230731
FUU2023,FU U2023-SHF,F:FU\U23,FU,20230831
FUV2023,FU V2023-SHF,F:FU\V23,FU,20230928
FUX2023,FU X2023-SHF,F:FU\X23,FU,20231031
FUZ2023,FU Z2023-SHF,F:FU\Z23,FU,20231130
FUF2024,FU F2024-SHF,F:FU\F24,FU,20231229
FUG2024,FU G2024-SHF,F:FU\G24,FU,20240131
FUH2024,FU H2024-SHF,F:FU\H24,FU,20240229
FUJ2024,FU J2024-SHF,F:FU\J24,FU,20240329
FUK2024,FU K2024-SHF,F:FU\K24,FU,20240430
FUM2024,FU M2024-SHF,F:FU\M24,FU,20240531
FUN2024,FU N2024-SHF,F:FU\N24,FU,20240628
HCN2014,HC N2014-SHF,F:HC\N14,HC,20140715
HCQ2014,HC Q2014-SHF,F:HC\Q14,HC,20140815
HCU2014,HC U2014-SHF,F:HC\U14,HC,20140915
HCV2014,HC V2014-SHF,F:HC\V14,HC,20141015
HCX2014,HC X2014-SHF,F:HC\X14,HC,20141117
HCZ2014,HC Z2014-SHF,F:HC\Z14,HC,20141215
HCF2015,HC F2015-SHF,F:HC\F15,HC,20150115
HCG2015,HC G2015-SHF,F:HC\G15,HC,20150216
HCH2015,HC H2015-SHF,F:HC\H15,HC,20150316
HCJ2015,HC J2015-SHF,F:HC\J15,HC,20150415
HCK2015,HC K2015-SHF,F:HC\K15,HC,20150515
HCM2015,HC M2015-SHF,F:HC\M15,HC,20150615
HCN2015,HC N2015-SHF,F:HC\N15,HC,20150715
HCQ2015,HC Q2015-SHF,F:HC\Q15,HC,20150817
HCU2015,HC U2015-SHF,F:HC\U15,HC,20150915
HCV2015,HC V2015-SHF,F:HC\V15,HC,20151015
HCX2015,HC X2015-SHF,F:HC\X15,HC,20151116
HCZ2015,HC Z2015-SHF,F:HC\Z15,HC,20151215
HCF2016,HC F2016-SHF,F:HC\F16,HC,20160115
HCG2016,HC G2016-SHF,F:HC\G16,HC,20160215
HCH2016,HC H2016-SHF,F:HC\H16,HC,20160315
HCJ2016,HC J2016-SHF,F:HC\J16,HC,20160415
HCK2016,HC K2016-SHF,F:HC\K16,HC,20160516
HCM2016,HC M2016-SHF,F:HC\M16,HC,20160615
HCN2016,HC N2016-SHF,F:HC\N16,HC,20160715
HCQ2016,HC Q2016-SHF,F:HC\Q16,HC,20160815
HCU2016,HC U2016-SHF,F:HC\U16,HC,20160915
HCV2016,HC V2016-SHF,F:HC\V16,HC,20161017
HCX2016,HC X2016-SHF,F:HC\X16,HC,20161115
HCZ2016,HC Z2016-SHF,F:HC\Z16,HC,20161215
HCF2017,HC F2017-SHF,F:HC\F17,HC,20170116
HCG2017,HC G2017-SHF,F:HC\G17,HC,20170215
HCH2017,HC H2017-SHF,F:HC\H17,HC,20170315
HCJ2017,HC J2017-SHF,F:HC\J17,HC,20170417
HCK2017,HC K2017-SHF,F:HC\K17,HC,20170515
HCM2017,HC M2017-SHF,F:HC\M17,HC,20170615
HCN2017,HC N2017-SHF,F:HC\N17,HC,20170717
HCQ2017,HC Q2017-SHF,F:HC\Q17,HC,20170815
HCU2017,HC U2017-SHF,F:HC\U17,HC,20170915
HCV2017,HC V2017-SHF,F:HC\V17,HC,20171016
HCX2017,HC X2017-SHF,F:HC\X17,HC,20171115
HCZ2017,HC Z2017-SHF,F:HC\Z17,HC,20171215
HCF2018,HC F2018-SHF,F:HC\F18,HC,20180115
HCG2018,HC G2018-SHF,F:HC\G18,HC,20180215
HCH2018,HC H2018-SHF,F:HC\H18,HC,20180315
HCJ2018,HC J2018-SHF,F:HC\J18,HC,20180416
HCK2018,HC K2018-SHF,F:HC\K18,HC,20180515
HCM2018,HC M2018-SHF,F:HC\M18,HC,20180615
HCN2018,HC N2018-SHF,F:HC\N18,HC,20180716
HCQ2018,HC Q2018-SHF,F:HC\Q18,HC,20180815
HCU2018,HC U2018-SHF,F:HC\U18,HC,20180917
HCV2018,HC V2018-SHF,F:HC\V18,HC,20181015
HCX2018,HC X2018-SHF,F:HC\X18,HC,20181115
HCZ2018,HC Z2018-SHF,F:HC\Z18,HC,20181217
HCF2019,HC F2019-SHF,F:HC\F19,HC,20190115
HCG2019,HC G2019-SHF,F:HC\G19,HC,20190215
HCH2019,HC H2019-SHF,F:HC\H19,HC,20190315
HCJ2019,HC J2019-SHF,F:HC\J19,HC,20190415
HCK2019,HC K2019-SHF,F:HC\K19,HC,20190515
HCM2019,HC M2019-SHF,F:HC\M19,HC,20190617
HCN2019,HC N2019-SHF,F:HC\N19,HC,20190715
HCQ2019,HC Q2019-SHF,F:HC\Q19,HC,20190815
HCU2019,HC U2019-SHF,F:HC\U19,HC,20190916
HCV2019,HC V2019-SHF,F:HC\V19,HC,20191015
HCX2019,HC X2019-SHF,F:HC\X19,HC,20191118
HCZ2019,HC Z2019-SHF,F:HC\Z19,HC,20191216
HCF2020,HC F2020-SHF,F:HC\F20,HC,20200115
HCG2020,HC G2020-SHF,F:HC\G20,HC,20200217
HCH2020,HC H2020-SHF,F:HC\H20,HC,20200316
HCJ2020,HC J2020-SHF,F:HC\J20,HC,20200415
HCK2020,HC K2020-SHF,F:HC\K20,HC,20200515
HCM2020,HC M2020-SHF,F:HC\M20,HC,20200615
HCN2020,HC N2020-SHF,F:HC\N20,HC,20200715
HCQ2020,HC Q2020-SHF,F:HC\Q20,HC,20200817
HCU2020,HC U2020-SHF,F:HC\U20,HC,20200915
HCV2020,HC V2020-SHF,F:HC\V20,HC,20201015
HCX2020,HC X2020-SHF,F:HC\X20,HC,20201116
HCZ2020,HC Z2020-SHF,F:HC\Z20,HC,20201215
HCF2021,HC F2021-SHF,F:HC\F21,HC,20210115
HCG2021,HC G2021-SHF,F:HC\G21,HC,20210215
HCH2021,HC H2021-SHF,F:HC\H21,HC,20210315
HCJ2021,HC J2021-SHF,F:HC\J21,HC,20210415
HCK2021,HC K2021-SHF,F:HC\K21,HC,20210517
HCM2021,HC M2021-SHF,F:HC\M21,HC,20210615
HCN2021,HC N2021-SHF,F:HC\N21,HC,20210715
HCQ2021,HC Q2021-SHF,F:HC\Q21,HC,20210816
HCU2021,HC U2021-SHF,F:HC\U21,HC,20210915
HCV2021,HC V2021-SHF,F:HC\V21,HC,20211015
HCX2021,HC X2021-SHF,F:HC\X21,HC,20211115
HCZ2021,HC Z2021-SHF,F:HC\Z21,HC,20211215
HCF2022,HC F2022-SHF,F:HC\F22,HC,20220117
HCG2022,HC G2022-SHF,F:HC\G22,HC,20220215
HCH2022,HC H2022-SHF,F:HC\H22,HC,20220315
HCJ2022,HC J2022-SHF,F:HC\J22,HC,20220415
HCK2022,HC K2022-SHF,F:HC\K22,HC,20220516
HCM2022,HC M2022-SHF,F:HC\M22,HC,20220615
HCN2022,HC N2022-SHF,F:HC\N22,HC,20220715
HCQ2022,HC Q2022-SHF,F:HC\Q22,HC,20220815
HCU2022,HC U2022-SHF,F:HC\U22,HC,20220915
HCV2022,HC V2022-SHF,F:HC\V22,HC,20221017
HCX2022,HC X2022-SHF,F:HC\X22,HC,20221115
HCZ2022,HC Z2022-SHF,F:HC\Z22,HC,20221215
HCF2023,HC F2023-SHF,F:HC\F23,HC,20230116
HCG2023,HC G2023-SHF,F:HC\G23,HC,20230215
HCH2023,HC H2023-SHF,F:HC\H23,HC,20230315
HCJ2023,HC J2023-SHF,F:HC\J23,HC,20230417
HCK2023,HC K2023-SHF,F:HC\K23,HC,20230515
HCM2023,HC M2023-SHF,F:HC\M23,HC,20230615
HCN2023,HC N2023-SHF,F:HC\N23,HC,20230717
HCQ2023,HC Q2023-SHF,F:HC\Q23,HC,20230815
HCU2023,HC U2023-SHF,F:HC\U23,HC,20230915
HCV2023,HC V2023-SHF,F:HC\V23,HC,20231016
HCX2023,HC X2023-SHF,F:HC\X23,HC,20231115
HCZ2023,HC Z2023-SHF,F:HC\Z23,HC,20231215
HCF2024,HC F2024-SHF,F:HC\F24,HC,20240115
HCG2024,HC G2024-SHF,F:HC\G24,HC,20240215
HCH2024,HC H2024-SHF,F:HC\H24,HC,20240315
HCJ2024,HC J2024-SHF,F:HC\J24,HC,20240415
HCK2024,HC K2024-SHF,F:HC\K24,HC,20240515
HCM2024,HC M2024-SHF,F:HC\M24,HC,20240617
HCN2024,HC N2024-SHF,F:HC\N24,HC,20240715
NIN2015,NI N2015-SHF,F:NI\N15,NI,20150715
NIQ2015,NI Q2015-SHF,F:NI\Q15,NI,20150817
NIU2015,NI U2015-SHF,F:NI\U15,NI,20150915
NIV2015,NI V2015-SHF,F:NI\V15,NI,20151015
NIX2015,NI X2015-SHF,F:NI\X15,NI,20151116
NIZ2015,NI Z2015-SHF,F:NI\Z15,NI,20151215
NIF2016,NI F2016-SHF,F:NI\F16,NI,20160115
NIG2016,NI G2016-SHF,F:NI\G16,NI,20160215
NIH2016,NI H2016-SHF,F:NI\H16,NI,20160315
NIJ2016,NI J2016-SHF,F:NI\J16,NI,20160415
NIK2016,NI K2016-SHF,F:NI\K16,NI,20160516
NIM2016,NI M2016-SHF,F:NI\M16,NI,20160615
NIN2016,NI N2016-SHF,F:NI\N16,NI,20160715
NIQ2016,NI Q2016-SHF,F:NI\Q16,NI,20160815
NIU2016,NI U2016-SHF,F:NI\U16,NI,20160915
NIV2016,NI V2016-SHF,F:NI\V16,NI,20161017
NIX2016,NI X2016-SHF,F:NI\X16,NI,20161115
NIZ2016,NI Z2016-SHF,F:NI\Z16,NI,20161215
NIF2017,NI F2017-SHF,F:NI\F17,NI,20170116
NIG2017,NI G2017-SHF,F:NI\G17,NI,20170215
NIH2017,NI H2017-SHF,F:NI\H17,NI,20170315
NIJ2017,NI J2017-SHF,F:NI\J17,NI,20170417
NIK2017,NI K2017-SHF,F:NI\K17,NI,20170515
NIM2017,NI M2017-SHF,F:NI\M17,NI,20170615
NIN2017,NI N2017-SHF,F:NI\N17,NI,20170717
NIQ2017,NI Q2017-SHF,F:NI\Q17,NI,20170815
NIU2017,NI U2017-SHF,F:NI\U17,NI,20170915
NIV2017,NI V2017-SHF,F:NI\V17,NI,20171016
NIX2017,NI X2017-SHF,F:NI\X17,NI,20171115
NIZ2017,NI Z2017-SHF,F:NI\Z17,NI,20171215
NIF2018,NI F2018-SHF,F:NI\F18,NI,20180115
NIG2018,NI G2018-SHF,F:NI\G18,NI,20180215
NIH2018,NI H2018-SHF,F:NI\H18,NI,20180315
NIJ2018,NI J2018-SHF,F:NI\J18,NI,20180416
NIK2018,NI K2018-SHF,F:NI\K18,NI,20180515
NIM2018,NI M2018-SHF,F:NI\M18,NI,20180615
NIN2018,NI N2018-SHF,F:NI\N18,NI,20180716
NIQ2018,NI Q2018-SHF,F:NI\Q18,NI,20180815
NIU2018,NI U2018-SHF,F:NI\U18,NI,20180917
NIV2018,NI V2018-SHF,F:NI\V18,NI,20181015
NIX2018,NI X2018-SHF,F:NI\X18,NI,20181115
NIZ2018,NI Z2018-SHF,F:NI\Z18,NI,20181217
NIF2019,NI F2019-SHF,F:NI\F19,NI,20190115
NIG2019,NI G2019-SHF,F:NI\G19,NI,20190215
NIH2019,NI H2019-SHF,F:NI\H19,NI,20190315
NIJ2019,NI J2019-SHF,F:NI\J19,NI,20190415
NIK2019,NI K2019-SHF,F:NI\K19,NI,20190515
NIM2019,NI M2019-SHF,F:NI\M19,NI,20190617
NIN2019,NI N2019-SHF,F:NI\N19,NI,20190715
NIQ2019,NI Q2019-SHF,F:NI\Q19,NI,20190815
NIU2019,NI U2019-SHF,F:NI\U19,NI,20190916
NIV2019,NI V2019-SHF,F:NI\V19,NI,20191015
NIX2019,NI X2019-SHF,F:NI\X19,NI,20191118
NIZ2019,NI Z2019-SHF,F:NI\Z19,NI,20191216
NIF2020,NI F2020-SHF,F:NI\F20,NI,20200115
NIG2020,NI G2020-SHF,F:NI\G20,NI,20200217
NIH2020,NI H2020-SHF,F:NI\H20,NI,20200316
NIJ2020,NI J2020-SHF,F:NI\J20,NI,20200415
NIK2020,NI K2020-SHF,F:NI\K20,NI,20200515
NIM2020,NI M2020-SHF,F:NI\M20,NI,20200615
NIN2020,NI N2020-SHF,F:NI\N20,NI,20200715
NIQ2020,NI Q2020-SHF,F:NI\Q20,NI,20200817
NIU2020,NI U2020-SHF,F:NI\U20,NI,20200915
NIV2020,NI V2020-SHF,F:NI\V20,NI,20201015
NIX2020,NI X2020-SHF,F:NI\X20,NI,20201116
NIZ2020,NI Z2020-SHF,F:NI\Z20,NI,20201215
NIF2021,NI F2021-SHF,F:NI\F21,NI,20210115
NIG2021,NI G2021-SHF,F:NI\G21,NI,20210215
NIH2021,NI H2021-SHF,F:NI\H21,NI,20210315
NIJ2021,NI J2021-SHF,F:NI\J21,NI,20210415
NIK2021,NI K2021-SHF,F:NI\K21,NI,20210517
NIM2021,NI M2021-SHF,F:NI\M21,NI,20210615
NIN2021,NI N2021-SHF,F:NI\N21,NI,20210715
NIQ2021,NI Q2021-SHF,F:NI\Q21,NI,20210816
NIU2021,NI U2021-SHF,F:NI\U21,NI,20210915
NIV2021,NI V2021-SHF,F:NI\V21,NI,20211015
NIX2021,NI X2021-SHF,F:NI\X21,NI,20211115
NIZ2021,NI Z2021-SHF,F:NI\Z21,NI,20211215
NIF2022,NI F2022-SHF,F:NI\F22,NI,20220117
NIG2022,NI G2022-SHF,F:NI\G22,NI,20220215
NIH2022,NI H2022-SHF,F:NI\H22,NI,20220315
NIJ2022,NI J2022-SHF,F:NI\J22,NI,20220415
NIK2022,NI K2022-SHF,F:NI\K22,NI,20220516
NIM2022,NI M2022-SHF,F:NI\M22,NI,20220615
NIN2022,NI N2022-SHF,F:NI\N22,NI,20220715
NIQ2022,NI Q2022-SHF,F:NI\Q22,NI,20220815
NIU2022,NI U2022-SHF,F:NI\U22,NI,20220915
NIV2022,NI V2022-SHF,F:NI\V22,NI,20221017
NIX2022,NI X2022-SHF,F:NI\X22,NI,20221115
NIZ2022,NI Z2022-SHF,F:NI\Z22,NI,20221215
NIF2023,NI F2023-SHF,F:NI\F23,NI,20230116
NIG2023,NI G2023-SHF,F:NI\G23,NI,20230215
NIH2023,NI H2023-SHF,F:NI\H23,NI,20230315
NIJ2023,NI J2023-SHF,F:NI\J23,NI,20230417
NIK2023,NI K2023-SHF,F:NI\K23,NI,20230515
NIM2023,NI M2023-SHF,F:NI\M23,NI,20230615
NIN2023,NI N2023-SHF,F:NI\N23,NI,20230717
NIQ2023,NI Q2023-SHF,F:NI\Q23,NI,20230815
NIU2023,NI U2023-SHF,F:NI\U23,NI,20230915
NIV2023,NI V2023-SHF,F:NI\V23,NI,20231016
NIX2023,NI X2023-SHF,F:NI\X23,NI,20231115
NIZ2023,NI Z2023-SHF,F:NI\Z23,NI,20231215
NIF2024,NI F2024-SHF,F:NI\F24,NI,20240115
NIG2024,NI G2024-SHF,F:NI\G24,NI,20240215
NIH2024,NI H2024-SHF,F:NI\H24,NI,20240315
NIJ2024,NI J2024-SHF,F:NI\J24,NI,20240415
NIK2024,NI K2024-SHF,F:NI\K24,NI,20240515
NIM2024,NI M2024-SHF,F:NI\M24,NI,20240617
NIN2024,NI N2024-SHF,F:NI\N24,NI,20240715
PBU2011,PB U2011-SHF,F:PB\U11,PB,20110915
PBV2011,PB V2011-SHF,F:PB\V11,PB,20111017
PBX2011,PB X2011-SHF,F:PB\X11,PB,20111115
PBZ2011,PB Z2011-SHF,F:PB\Z11,PB,20111215
PBF2012,PB F2012-SHF,F:PB\F12,PB,20120113
PBG2012,PB G2012-SHF,F:PB\G12,PB,20120215
PBH2012,PB H2012-SHF,F:PB\H12,PB,20120315
PBJ2012,PB J2012-SHF,F:PB\J12,PB,20120415
PBK2012,PB K2012-SHF,F:PB\K12,PB,20120515
PBM2012,PB M2012-SHF,F:PB\M12,PB,20120615
PBN2012,PB N2012-SHF,F:PB\N12,PB,20120716
PBQ2012,PB Q2012-SHF,F:PB\Q12,PB,20120815
PBU2012,PB U2012-SHF,F:PB\U12,PB,20120917
PBV2012,PB V2012-SHF,F:PB\V12,PB,20121015
PBX2012,PB X2012-SHF,F:PB\X12,PB,20121115
PBZ2012,PB Z2012-SHF,F:PB\Z12,PB,20121217
PBF2013,PB F2013-SHF,F:PB\F13,PB,20130115
PBG2013,PB G2013-SHF,F:PB\G13,PB,20130218
PBH2013,PB H2013-SHF,F:PB\H13,PB,20130315
PBJ2013,PB J2013-SHF,F:PB\J13,PB,20130415
PBK2013,PB K2013-SHF,F:PB\K13,PB,20130515
PBM2013,PB M2013-SHF,F:PB\M13,PB,20130617
PBN2013,PB N2013-SHF,F:PB\N13,PB,20130715
PBQ2013,PB Q2013-SHF,F:PB\Q13,PB,20130815
PBU2013,PB U2013-SHF,F:PB\U13,PB,20130916
PBV2013,PB V2013-SHF,F:PB\V13,PB,20131015
PBX2013,PB X2013-SHF,F:PB\X13,PB,20131115
PBZ2013,PB Z2013-SHF,F:PB\Z13,PB,20131216
PBF2014,PB F2014-SHF,F:PB\F14,PB,20140115
PBG2014,PB G2014-SHF,F:PB\G14,PB,20140217
PBH2014,PB H2014-SHF,F:PB\H14,PB,20140317
PBJ2014,PB J2014-SHF,F:PB\J14,PB,20140415
PBK2014,PB K2014-SHF,F:PB\K14,PB,20140515
PBM2014,PB M2014-SHF,F:PB\M14,PB,20140616
PBN2014,PB N2014-SHF,F:PB\N14,PB,20140715
PBQ2014,PB Q2014-SHF,F:PB\Q14,PB,20140815
PBU2014,PB U2014-SHF,F:PB\U14,PB,20140915
PBV2014,PB V2014-SHF,F:PB\V14,PB,20141015
PBX2014,PB X2014-SHF,F:PB\X14,PB,20141117
PBZ2014,PB Z2014-SHF,F:PB\Z14,PB,20141215
PBF2015,PB F2015-SHF,F:PB\F15,PB,20150115
PBG2015,PB G2015-SHF,F:PB\G15,PB,20150216
PBH2015,PB H2015-SHF,F:PB\H15,PB,20150316
PBJ2015,PB J2015-SHF,F:PB\J15,PB,20150415
PBK2015,PB K2015-SHF,F:PB\K15,PB,20150515
PBM2015,PB M2015-SHF,F:PB\M15,PB,20150615
PBN2015,PB N2015-SHF,F:PB\N15,PB,20150715
PBQ2015,PB Q2015-SHF,F:PB\Q15,PB,20150817
PBU2015,PB U2015-SHF,F:PB\U15,PB,20150915
PBV2015,PB V2015-SHF,F:PB\V15,PB,20151015
PBX2015,PB X2015-SHF,F:PB\X15,PB,20151116
PBZ2015,PB Z2015-SHF,F:PB\Z15,PB,20151215
PBF2016,PB F2016-SHF,F:PB\F16,PB,20160115
PBG2016,PB G2016-SHF,F:PB\G16,PB,20160215
PBH2016,PB H2016-SHF,F:PB\H16,PB,20160315
PBJ2016,PB J2016-SHF,F:PB\J16,PB,20160415
PBK2016,PB K2016-SHF,F:PB\K16,PB,20160516
PBM2016,PB M2016-SHF,F:PB\M16,PB,20160615
PBN2016,PB N2016-SHF,F:PB\N16,PB,20160715
PBQ2016,PB Q2016-SHF,F:PB\Q16,PB,20160815
PBU2016,PB U2016-SHF,F:PB\U16,PB,20160915
PBV2016,PB V2016-SHF,F:PB\V16,PB,20161017
PBX2016,PB X2016-SHF,F:PB\X16,PB,20161115
PBZ2016,PB Z2016-SHF,F:PB\Z16,PB,20161215
PBF2017,PB F2017-SHF,F:PB\F17,PB,20170116
PBG2017,PB G2017-SHF,F:PB\G17,PB,20170215
PBH2017,PB H2017-SHF,F:PB\H17,PB,20170315
PBJ2017,PB J2017-SHF,F:PB\J17,PB,20170417
PBK2017,PB K2017-SHF,F:PB\K17,PB,20170515
PBM2017,PB M2017-SHF,F:PB\M17,PB,20170615
PBN2017,PB N2017-SHF,F:PB\N17,PB,20170717
PBQ2017,PB Q2017-SHF,F:PB\Q17,PB,20170815
PBU2017,PB U2017-SHF,F:PB\U17,PB,20170915
PBV2017,PB V2017-SHF,F:PB\V17,PB,20171016
PBX2017,PB X2017-SHF,F:PB\X17,PB,20171115
PBZ2017,PB Z2017-SHF,F:PB\Z17,PB,20171215
PBF2018,PB F2018-SHF,F:PB\F18,PB,20180115
PBG2018,PB G2018-SHF,F:PB\G18,PB,20180215
PBH2018,PB H2018-SHF,F:PB\H18,PB,20180315
PBJ2018,PB J2018-SHF,F:PB\J18,PB,20180416
PBK2018,PB K2018-SHF,F:PB\K18,PB,20180515
PBM2018,PB M2018-SHF,F:PB\M18,PB,20180615
PBN2018,PB N2018-SHF,F:PB\N18,PB,20180716
PBQ2018,PB Q2018-SHF,F:PB\Q18,PB,20180815
PBU2018,PB U2018-SHF,F:PB\U18,PB,20180917
PBV2018,PB V2018-SHF,F:PB\V18,PB,20181015
PBX2018,PB X2018-SHF,F:PB\X18,PB,20181115
PBZ2018,PB Z2018-SHF,F:PB\Z18,PB,20181217
PBF2019,PB F2019-SHF,F:PB\F19,PB,20190115
PBG2019,PB G2019-SHF,F:PB\G19,PB,20190215
PBH2019,PB H2019-SHF,F:PB\H19,PB,20190315
PBJ2019,PB J2019-SHF,F:PB\J19,PB,20190415
PBK2019,PB K2019-SHF,F:PB\K19,PB,20190515
PBM2019,PB M2019-SHF,F:PB\M19,PB,20190617
PBN2019,PB N2019-SHF,F:PB\N19,PB,20190715
PBQ2019,PB Q2019-SHF,F:PB\Q19,PB,20190815
PBU2019,PB U2019-SHF,F:PB\U19,PB,20190916
PBV2019,PB V2019-SHF,F:PB\V19,PB,20191015
PBX2019,PB X2019-SHF,F:PB\X19,PB,20191118
PBZ2019,PB Z2019-SHF,F:PB\Z19,PB,20191216
PBF2020,PB F2020-SHF,F:PB\F20,PB,20200115
PBG2020,PB G2020-SHF,F:PB\G20,PB,20200217
PBH2020,PB H2020-SHF,F:PB\H20,PB,20200316
PBJ2020,PB J2020-SHF,F:PB\J20,PB,20200415
PBK2020,PB K2020-SHF,F:PB\K20,PB,20200515
PBM2020,PB M2020-SHF,F:PB\M20,PB,20200615
PBN2020,PB N2020-SHF,F:PB\N20,PB,20200715
PBQ2020,PB Q2020-SHF,F:PB\Q20,PB,20200817
PBU2020,PB U2020-SHF,F:PB\U20,PB,20200915
PBV2020,PB V2020-SHF,F:PB\V20,PB,20201015
PBX2020,PB X2020-SHF,F:PB\X20,PB,20201116
PBZ2020,PB Z2020-SHF,F:PB\Z20,PB,20201215
PBF2021,PB F2021-SHF,F:PB\F21,PB,20210115
PBG2021,PB G2021-SHF,F:PB\G21,PB,20210215
PBH2021,PB H2021-SHF,F:PB\H21,PB,20210315
PBJ2021,PB J2021-SHF,F:PB\J21,PB,20210415
PBK2021,PB K2021-SHF,F:PB\K21,PB,20210517
PBM2021,PB M2021-SHF,F:PB\M21,PB,20210615
PBN2021,PB N2021-SHF,F:PB\N21,PB,20210715
PBQ2021,PB Q2021-SHF,F:PB\Q21,PB,20210816
PBU2021,PB U2021-SHF,F:PB\U21,PB,20210915
PBV2021,PB V2021-SHF,F:PB\V21,PB,20211015
PBX2021,PB X2021-SHF,F:PB\X21,PB,20211115
PBZ2021,PB Z2021-SHF,F:PB\Z21,PB,20211215
PBF2022,PB F2022-SHF,F:PB\F22,PB,20220117
PBG2022,PB G2022-SHF,F:PB\G22,PB,20220215
PBH2022,PB H2022-SHF,F:PB\H22,PB,20220315
PBJ2022,PB J2022-SHF,F:PB\J22,PB,20220415
PBK2022,PB K2022-SHF,F:PB\K22,PB,20220516
PBM2022,PB M2022-SHF,F:PB\M22,PB,20220615
PBN2022,PB N2022-SHF,F:PB\N22,PB,20220715
PBQ2022,PB Q2022-SHF,F:PB\Q22,PB,20220815
PBU2022,PB U2022-SHF,F:PB\U22,PB,20220915
PBV2022,PB V2022-SHF,F:PB\V22,PB,20221017
PBX2022,PB X2022-SHF,F:PB\X22,PB,20221115
PBZ2022,PB Z2022-SHF,F:PB\Z22,PB,20221215
PBF2023,PB F2023-SHF,F:PB\F23,PB,20230116
PBG2023,PB G2023-SHF,F:PB\G23,PB,20230215
PBH2023,PB H2023-SHF,F:PB\H23,PB,20230315
PBJ2023,PB J2023-SHF,F:PB\J23,PB,20230417
PBK2023,PB K2023-SHF,F:PB\K23,PB,20230515
PBM2023,PB M2023-SHF,F:PB\M23,PB,20230615
PBN2023,PB N2023-SHF,F:PB\N23,PB,20230717
PBQ2023,PB Q2023-SHF,F:PB\Q23,PB,20230815
PBU2023,PB U2023-SHF,F:PB\U23,PB,20230915
PBV2023,PB V2023-SHF,F:PB\V23,PB,20231016
PBX2023,PB X2023-SHF,F:PB\X23,PB,20231115
PBZ2023,PB Z2023-SHF,F:PB\Z23,PB,20231215
PBF2024,PB F2024-SHF,F:PB\F24,PB,20240115
PBG2024,PB G2024-SHF,F:PB\G24,PB,20240215
PBH2024,PB H2024-SHF,F:PB\H24,PB,20240315
PBJ2024,PB J2024-SHF,F:PB\J24,PB,20240415
PBK2024,PB K2024-SHF,F:PB\K24,PB,20240515
PBM2024,PB M2024-SHF,F:PB\M24,PB,20240617
PBN2024,PB N2024-SHF,F:PB\N24,PB,20240715
RBF2010,RB F2010-SHF,F:RB\F10,RB,20100115
RBG2010,RB G2010-SHF,F:RB\G10,RB,20100209
RBH2010,RB H2010-SHF,F:RB\H10,RB,20100315
RBJ2010,RB J2010-SHF,F:RB\J10,RB,20100415
RBK2010,RB K2010-SHF,F:RB\K10,RB,20100517
RBM2010,RB M2010-SHF,F:RB\M10,RB,20100617
RBN2010,RB N2010-SHF,F:RB\N10,RB,20100715
RBQ2010,RB Q2010-SHF,F:RB\Q10,RB,20100816
RBU2010,RB U2010-SHF,F:RB\U10,RB,20100915
RBV2010,RB V2010-SHF,F:RB\V10,RB,20101015
RBX2010,RB X2010-SHF,F:RB\X10,RB,20101115
RBZ2010,RB Z2010-SHF,F:RB\Z10,RB,20101215
RBF2011,RB F2011-SHF,F:RB\F11,RB,20110117
RBG2011,RB G2011-SHF,F:RB\G11,RB,20110215
RBH2011,RB H2011-SHF,F:RB\H11,RB,20110315
RBJ2011,RB J2011-SHF,F:RB\J11,RB,20110415
RBK2011,RB K2011-SHF,F:RB\K11,RB,20110516
RBM2011,RB M2011-SHF,F:RB\M11,RB,20110615
RBN2011,RB N2011-SHF,F:RB\N11,RB,20110715
RBQ2011,RB Q2011-SHF,F:RB\Q11,RB,20110815
RBU2011,RB U2011-SHF,F:RB\U11,RB,20110915
RBV2011,RB V2011-SHF,F:RB\V11,RB,20111017
RBX2011,RB X2011-SHF,F:RB\X11,RB,20111115
RBZ2011,RB Z2011-SHF,F:RB\Z11,RB,20111215
RBF2012,RB F2012-SHF,F:RB\F12,RB,20120113
RBG2012,RB G2012-SHF,F:RB\G12,RB,20120215
RBH2012,RB H2012-SHF,F:RB\H12,RB,20120315
RBJ2012,RB J2012-SHF,F:RB\J12,RB,20120415
RBK2012,RB K2012-SHF,F:RB\K12,RB,20120515
RBM2012,RB M2012-SHF,F:RB\M12,RB,20120615
RBN2012,RB N2012-SHF,F:RB\N12,RB,20120716
RBQ2012,RB Q2012-SHF,F:RB\Q12,RB,20120815
RBU2012,RB U2012-SHF,F:RB\U12,RB,20120917
RBV2012,RB V2012-SHF,F:RB\V12,RB,20121015
RBX2012,RB X2012-SHF,F:RB\X12,RB,20121115
RBZ2012,RB Z2012-SHF,F:RB\Z12,RB,20121217
RBF2013,RB F2013-SHF,F:RB\F13,RB,20130115
RBG2013,RB G2013-SHF,F:RB\G13,RB,20130218
RBH2013,RB H2013-SHF,F:RB\H13,RB,20130315
RBJ2013,RB J2013-SHF,F:RB\J13,RB,20130415
RBK2013,RB K2013-SHF,F:RB\K13,RB,20130515
RBM2013,RB M2013-SHF,F:RB\M13,RB,20130617
RBN2013,RB N2013-SHF,F:RB\N13,RB,20130715
RBQ2013,RB Q2013-SHF,F:RB\Q13,RB,20130815
RBU2013,RB U2013-SHF,F:RB\U13,RB,20130916
RBV2013,RB V2013-SHF,F:RB\V13,RB,20131015
RBX2013,RB X2013-SHF,F:RB\X13,RB,20131115
RBZ2013,RB Z2013-SHF,F:RB\Z13,RB,20131216
RBF2014,RB F2014-SHF,F:RB\F14,RB,20140115
RBG2014,RB G2014-SHF,F:RB\G14,RB,20140217
RBH2014,RB H2014-SHF,F:RB\H14,RB,20140317
RBJ2014,RB J2014-SHF,F:RB\J14,RB,20140415
RBK2014,RB K2014-SHF,F:RB\K14,RB,20140515
RBM2014,RB M2014-SHF,F:RB\M14,RB,20140616
RBN2014,RB N2014-SHF,F:RB\N14,RB,20140715
RBQ2014,RB Q2014-SHF,F:RB\Q14,RB,20140815
RBU2014,RB U2014-SHF,F:RB\U14,RB,20140915
RBV2014,RB V2014-SHF,F:RB\V14,RB,20141015
RBX2014,RB X2014-SHF,F:RB\X14,RB,20141117
RBZ2014,RB Z2014-SHF,F:RB\Z14,RB,20141215
RBF2015,RB F2015-SHF,F:RB\F15,RB,20150115
RBG2015,RB G2015-SHF,F:RB\G15,RB,20150216
RBH2015,RB H2015-SHF,F:RB\H15,RB,20150316
RBJ2015,RB J2015-SHF,F:RB\J15,RB,20150415
RBK2015,RB K2015-SHF,F:RB\K15,RB,20150515
RBM2015,RB M2015-SHF,F:RB\M15,RB,20150615
RBN2015,RB N2015-SHF,F:RB\N15,RB,20150715
RBQ2015,RB Q2015-SHF,F:RB\Q15,RB,20150817
RBU2015,RB U2015-SHF,F:RB\U15,RB,20150915
RBV2015,RB V2015-SHF,F:RB\V15,RB,20151015
RBX2015,RB X2015-SHF,F:RB\X15,RB,20151116
RBZ2015,RB Z2015-SHF,F:RB\Z15,RB,20151215
RBF2016,RB F2016-SHF,F:RB\F16,RB,20160115
RBG2016,RB G2016-SHF,F:RB\G16,RB,20160215
RBH2016,RB H2016-SHF,F:RB\H16,RB,20160315
RBJ2016,RB J2016-SHF,F:RB\J16,RB,20160415
RBK2016,RB K2016-SHF,F:RB\K16,RB,20160516
RBM2016,RB M2016-SHF,F:RB\M16,RB,20160615
RBN2016,RB N2016-SHF,F:RB\N16,RB,20160715
RBQ2016,RB Q2016-SHF,F:RB\Q16,RB,20160815
RBU2016,RB U2016-SHF,F:RB\U16,RB,20160915
RBV2016,RB V2016-SHF,F:RB\V16,RB,20161017
RBX2016,RB X2016-SHF,F:RB\X16,RB,20161115
RBZ2016,RB Z2016-SHF,F:RB\Z16,RB,20161215
RBF2017,RB F2017-SHF,F:RB\F17,RB,20170116
RBG2017,RB G2017-SHF,F:RB\G17,RB,20170215
RBH2017,RB H2017-SHF,F:RB\H17,RB,20170315
RBJ2017,RB J2017-SHF,F:RB\J17,RB,20170417
RBK2017,RB K2017-SHF,F:RB\K17,RB,20170515
RBM2017,RB M2017-SHF,F:RB\M17,RB,20170615
RBN2017,RB N2017-SHF,F:RB\N17,RB,20170717
RBQ2017,RB Q2017-SHF,F:RB\Q17,RB,20170815
RBU2017,RB U2017-SHF,F:RB\U17,RB,20170915
RBV2017,RB V2017-SHF,F:RB\V17,RB,20171016
RBX2017,RB X2017-SHF,F:RB\X17,RB,20171115
RBZ2017,RB Z2017-SHF,F:RB\Z17,RB,20171215
RBF2018,RB F2018-SHF,F:RB\F18,RB,20180115
RBG2018,RB G2018-SHF,F:RB\G18,RB,20180215
RBH2018,RB H2018-SHF,F:RB\H18,RB,20180315
RBJ2018,RB J2018-SHF,F:RB\J18,RB,20180416
RBK2018,RB K2018-SHF,F:RB\K18,RB,20180515
RBM2018,RB M2018-SHF,F:RB\M18,RB,20180615
RBN2018,RB N2018-SHF,F:RB\N18,RB,20180716
RBQ2018,RB Q2018-SHF,F:RB\Q18,RB,20180815
RBU2018,RB U2018-SHF,F:RB\U18,RB,20180917
RBV2018,RB V2018-SHF,F:RB\V18,RB,20181015
RBX2018,RB X2018-SHF,F:RB\X18,RB,20181115
RBZ2018,RB Z2018-SHF,F:RB\Z18,RB,20181217
RBF2019,RB F2019-SHF,F:RB\F19,RB,20190115
RBG2019,RB G2019-SHF,F:RB\G19,RB,20190215
RBH2019,RB H2019-SHF,F:RB\H19,RB,20190315
RBJ2019,RB J2019-SHF,F:RB\J19,RB,20190415
RBK2019,RB K2019-SHF,F:RB\K19,RB,20190515
RBM2019,RB M2019-SHF,F:RB\M19,RB,20190617
RBN2019,RB N2019-SHF,F:RB\N19,RB,20190715
RBQ2019,RB Q2019-SHF,F:RB\Q19,RB,20190815
RBU2019,RB U2019-SHF,F:RB\U19,RB,20190916
RBV2019,RB V2019-SHF,F:RB\V19,RB,20191015
RBX2019,RB X2019-SHF,F:RB\X19,RB,20191118
RBZ2019,RB Z2019-SHF,F:RB\Z19,RB,20191216
RBF2020,RB F2020-SHF,F:RB\F20,RB,20200115
RBG2020,RB G2020-SHF,F:RB\G20,RB,20200217
RBH2020,RB H2020-SHF,F:RB\H20,RB,20200316
RBJ2020,RB J2020-SHF,F:RB\J20,RB,20200415
RBK2020,RB K2020-SHF,F:RB\K20,RB,20200515
RBM2020,RB M2020-SHF,F:RB\M20,RB,20200615
RBN2020,RB N2020-SHF,F:RB\N20,RB,20200715
RBQ2020,RB Q2020-SHF,F:RB\Q20,RB,20200817
RBU2020,RB U2020-SHF,F:RB\U20,RB,20200915
RBV2020,RB V2020-SHF,F:RB\V20,RB,20201015
RBX2020,RB X2020-SHF,F:RB\X20,RB,20201116
RBZ2020,RB Z2020-SHF,F:RB\Z20,RB,20201215
RBF2021,RB F2021-SHF,F:RB\F21,RB,20210115
RBG2021,RB G2021-SHF,F:RB\G21,RB,20210215
RBH2021,RB H2021-SHF,F:RB\H21,RB,20210315
RBJ2021,RB J2021-SHF,F:RB\J21,RB,20210415
RBK2021,RB K2021-SHF,F:RB\K21,RB,20210517
RBM2021,RB M2021-SHF,F:RB\M21,RB,20210615
RBN2021,RB N2021-SHF,F:RB\N21,RB,20210715
RBQ2021,RB Q2021-SHF,F:RB\Q21,RB,20210816
RBU2021,RB U2021-SHF,F:RB\U21,RB,20210915
RBV2021,RB V2021-SHF,F:RB\V21,RB,20211015
RBX2021,RB X2021-SHF,F:RB\X21,RB,20211115
RBZ2021,RB Z2021-SHF,F:RB\Z21,RB,20211215
RBF2022,RB F2022-SHF,F:RB\F22,RB,20220117
RBG2022,RB G2022-SHF,F:RB\G22,RB,20220215
RBH2022,RB H2022-SHF,F:RB\H22,RB,20220315
RBJ2022,RB J2022-SHF,F:RB\J22,RB,20220415
RBK2022,RB K2022-SHF,F:RB\K22,RB,20220516
RBM2022,RB M2022-SHF,F:RB\M22,RB,20220615
RBN2022,RB N2022-SHF,F:RB\N22,RB,20220715
RBQ2022,RB Q2022-SHF,F:RB\Q22,RB,20220815
RBU2022,RB U2022-SHF,F:RB\U22,RB,20220915
RBV2022,RB V2022-SHF,F:RB\V22,RB,20221017
RBX2022,RB X2022-SHF,F:RB\X22,RB,20221115
RBZ2022,RB Z2022-SHF,F:RB\Z22,RB,20221215
RBF2023,RB F2023-SHF,F:RB\F23,RB,20230116
RBG2023,RB G2023-SHF,F:RB\G23,RB,20230215
RBH2023,RB H2023-SHF,F:RB\H23,RB,20230315
RBJ2023,RB J2023-SHF,F:RB\J23,RB,20230417
RBK2023,RB K2023-SHF,F:RB\K23,RB,20230515
RBM2023,RB M2023-SHF,F:RB\M23,RB,20230615
RBN2023,RB N2023-SHF,F:RB\N23,RB,20230717
RBQ2023,RB Q2023-SHF,F:RB\Q23,RB,20230815
RBU2023,RB U2023-SHF,F:RB\U23,RB,20230915
RBV2023,RB V2023-SHF,F:RB\V23,RB,20231016
RBX2023,RB X2023-SHF,F:RB\X23,RB,20231115
RBZ2023,RB Z2023-SHF,F:RB\Z23,RB,20231215
RBF2024,RB F2024-SHF,F:RB\F24,RB,20240115
RBG2024,RB G2024-SHF,F:RB\G24,RB,20240215
RBH2024,RB H2024-SHF,F:RB\H24,RB,20240315
RBJ2024,RB J2024-SHF,F:RB\J24,RB,20240415
RBK2024,RB K2024-SHF,F:RB\K24,RB,20240515
RBM2024,RB M2024-SHF,F:RB\M24,RB,20240617
RBN2024,RB N2024-SHF,F:RB\N24,RB,20240715
RUF2010,RU F2010-SHF,F:RU\F10,RU,20100115
RUH2010,RU H2010-SHF,F:RU\H10,RU,20100315
RUJ2010,RU J2010-SHF,F:RU\J10,RU,20100415
RUK2010,RU K2010-SHF,F:RU\K10,RU,20100517
RUM2010,RU M2010-SHF,F:RU\M10,RU,20100617
RUN2010,RU N2010-SHF,F:RU\N10,RU,20100715
RUQ2010,RU Q2010-SHF,F:RU\Q10,RU,20100816
RUU2010,RU U2010-SHF,F:RU\U10,RU,20100915
RUV2010,RU V2010-SHF,F:RU\V10,RU,20101015
RUX2010,RU X2010-SHF,F:RU\X10,RU,20101115
RUF2011,RU F2011-SHF,F:RU\F11,RU,20110117
RUH2011,RU H2011-SHF,F:RU\H11,RU,20110315
RUJ2011,RU J2011-SHF,F:RU\J11,RU,20110415
RUK2011,RU K2011-SHF,F:RU\K11,RU,20110516
RUM2011,RU M2011-SHF,F:RU\M11,RU,20110615
RUN2011,RU N2011-SHF,F:RU\N11,RU,20110715
RUQ2011,RU Q2011-SHF,F:RU\Q11,RU,20110815
RUU2011,RU U2011-SHF,F:RU\U11,RU,20110915
RUV2011,RU V2011-SHF,F:RU\V11,RU,20111017
RUX2011,RU X2011-SHF,F:RU\X11,RU,20111115
RUF2012,RU F2012-SHF,F:RU\F12,RU,20120113
RUH2012,RU H2012-SHF,F:RU\H12,RU,20120315
RUJ2012,RU J2012-SHF,F:RU\J12,RU,20120415
RUK2012,RU K2012-SHF,F:RU\K12,RU,20120515
RUM2012,RU M2012-SHF,F:RU\M12,RU,20120615
RUN2012,RU N2012-SHF,F:RU\N12,RU,20120716
RUQ2012,RU Q2012-SHF,F:RU\Q12,RU,20120815
RUU2012,RU U2012-SHF,F:RU\U12,RU,20120917
RUV2012,RU V2012-SHF,F:RU\V12,RU,20121015
RUX2012,RU X2012-SHF,F:RU\X12,RU,20121115
RUF2013,RU F2013-SHF,F:RU\F13,RU,20130115
RUH2013,RU H2013-SHF,F:RU\H13,RU,20130315
RUJ2013,RU J2013-SHF,F:RU\J13,RU,20130415
RUK2013,RU K2013-SHF,F:RU\K13,RU,20130515
RUM2013,RU M2013-SHF,F:RU\M13,RU,20130617
RUN2013,RU N2013-SHF,F:RU\N13,RU,20130715
RUQ2013,RU Q2013-SHF,F:RU\Q13,RU,20130815
RUU2013,RU U2013-SHF,F:RU\U13,RU,20130916
RUV2013,RU V2013-SHF,F:RU\V13,RU,20131015
RUX2013,RU X2013-SHF,F:RU\X13,RU,20131115
RUF2014,RU F2014-SHF,F:RU\F14,RU,20140115
RUH2014,RU H2014-SHF,F:RU\H14,RU,20140317
RUJ2014,RU J2014-SHF,F:RU\J14,RU,20140415
RUK2014,RU K2014-SHF,F:RU\K14,RU,20140515
RUM2014,RU M2014-SHF,F:RU\M14,RU,20140616
RUN2014,RU N2014-SHF,F:RU\N14,RU,20140715
RUQ2014,RU Q2014-SHF,F:RU\Q14,RU,20140815
RUU2014,RU U2014-SHF,F:RU\U14,RU,20140915
RUV2014,RU V2014-SHF,F:RU\V14,RU,20141015
RUX2014,RU X2014-SHF,F:RU\X14,RU,20141117
RUF2015,RU F2015-SHF,F:RU\F15,RU,20150115
RUH2015,RU H2015-SHF,F:RU\H15,RU,20150316
RUJ2015,RU J2015-SHF,F:RU\J15,RU,20150415
RUK2015,RU K2015-SHF,F:RU\K15,RU,20150515
RUM2015,RU M2015-SHF,F:RU\M15,RU,20150615
RUN2015,RU N2015-SHF,F:RU\N15,RU,20150715
RUQ2015,RU Q2015-SHF,F:RU\Q15,RU,20150817
RUU2015,RU U2015-SHF,F:RU\U15,RU,20150915
RUV2015,RU V2015-SHF,F:RU\V15,RU,20151015
RUX2015,RU X2015-SHF,F:RU\X15,RU,20151116
RUF2016,RU F2016-SHF,F:RU\F16,RU,20160115
RUH2016,RU H2016-SHF,F:RU\H16,RU,20160315
RUJ2016,RU J2016-SHF,F:RU\J16,RU,20160415
RUK2016,RU K2016-SHF,F:RU\K16,RU,20160516
RUM2016,RU M2016-SHF,F:RU\M16,RU,20160615
RUN2016,RU N2016-SHF,F:RU\N16,RU,20160715
RUQ2016,RU Q2016-SHF,F:RU\Q16,RU,20160815
RUU2016,RU U2016-SHF,F:RU\U16,RU,20160915
RUV2016,RU V2016-SHF,F:RU\V16,RU,20161017
RUX2016,RU X2016-SHF,F:RU\X16,RU,20161115
RUF2017,RU F2017-SHF,F:RU\F17,RU,20170116
RUH2017,RU H2017-SHF,F:RU\H17,RU,20170315
RUJ2017,RU J2017-SHF,F:RU\J17,RU,20170417
RUK2017,RU K2017-SHF,F:RU\K17,RU,20170515
RUM2017,RU M2017-SHF,F:RU\M17,RU,20170615
RUN2017,RU N2017-SHF,F:RU\N17,RU,20170717
RUQ2017,RU Q2017-SHF,F:RU\Q17,RU,20170815
RUU2017,RU U2017-SHF,F:RU\U17,RU,20170915
RUV2017,RU V2017-SHF,F:RU\V17,RU,20171016
RUX2017,RU X2017-SHF,F:RU\X17,RU,20171115
RUF2018,RU F2018-SHF,F:RU\F18,RU,20180115
RUH2018,RU H2018-SHF,F:RU\H18,RU,20180315
RUJ2018,RU J2018-SHF,F:RU\J18,RU,20180416
RUK2018,RU K2018-SHF,F:RU\K18,RU,20180515
RUM2018,RU M2018-SHF,F:RU\M18,RU,20180615
RUN2018,RU N2018-SHF,F:RU\N18,RU,20180716
RUQ2018,RU Q2018-SHF,F:RU\Q18,RU,20180815
RUU2018,RU U2018-SHF,F:RU\U18,RU,20180917
RUV2018,RU V2018-SHF,F:RU\V18,RU,20181015
RUX2018,RU X2018-SHF,F:RU\X18,RU,20181115
RUF2019,RU F2019-SHF,F:RU\F19,RU,20190115
RUH2019,RU H2019-SHF,F:RU\H19,RU,20190315
RUJ2019,RU J2019-SHF,F:RU\J19,RU,20190415
RUK2019,RU K2019-SHF,F:RU\K19,RU,20190515
RUM2019,RU M2019-SHF,F:RU\M19,RU,20190617
RUN2019,RU N2019-SHF,F:RU\N19,RU,20190715
RUQ2019,RU Q2019-SHF,F:RU\Q19,RU,20190815
RUU2019,RU U2019-SHF,F:RU\U19,RU,20190916
RUV2019,RU V2019-SHF,F:RU\V19,RU,20191015
RUX2019,RU X2019-SHF,F:RU\X19,RU,20191118
RUF2020,RU F2020-SHF,F:RU\F20,RU,20200115
RUH2020,RU H2020-SHF,F:RU\H20,RU,20200316
RUJ2020,RU J2020-SHF,F:RU\J20,RU,20200415
RUK2020,RU K2020-SHF,F:RU\K20,RU,20200515
RUM2020,RU M2020-SHF,F:RU\M20,RU,20200615
RUN2020,RU N2020-SHF,F:RU\N20,RU,20200715
RUQ2020,RU Q2020-SHF,F:RU\Q20,RU,20200817
RUU2020,RU U2020-SHF,F:RU\U20,RU,20200915
RUV2020,RU V2020-SHF,F:RU\V20,RU,20201015
RUX2020,RU X2020-SHF,F:RU\X20,RU,20201116
RUF2021,RU F2021-SHF,F:RU\F21,RU,20210115
RUH2021,RU H2021-SHF,F:RU\H21,RU,20210315
RUJ2021,RU J2021-SHF,F:RU\J21,RU,20210415
RUK2021,RU K2021-SHF,F:RU\K21,RU,20210517
RUM2021,RU M2021-SHF,F:RU\M21,RU,20210615
RUN2021,RU N2021-SHF,F:RU\N21,RU,20210715
RUQ2021,RU Q2021-SHF,F:RU\Q21,RU,20210816
RUU2021,RU U2021-SHF,F:RU\U21,RU,20210915
RUV2021,RU V2021-SHF,F:RU\V21,RU,20211015
RUX2021,RU X2021-SHF,F:RU\X21,RU,20211115
RUF2022,RU F2022-SHF,F:RU\F22,RU,20220117
RUH2022,RU H2022-SHF,F:RU\H22,RU,20220315
RUJ2022,RU J2022-SHF,F:RU\J22,RU,20220415
RUK2022,RU K2022-SHF,F:RU\K22,RU,20220516
RUM2022,RU M2022-SHF,F:RU\M22,RU,20220615
RUN2022,RU N2022-SHF,F:RU\N22,RU,20220715
RUQ2022,RU Q2022-SHF,F:RU\Q22,RU,20220815
RUU2022,RU U2022-SHF,F:RU\U22,RU,20220915
RUV2022,RU V2022-SHF,F:RU\V22,RU,20221017
RUX2022,RU X2022-SHF,F:RU\X22,RU,20221115
RUF2023,RU F2023-SHF,F:RU\F23,RU,20230116
RUH2023,RU H2023-SHF,F:RU\H23,RU,20230315
RUJ2023,RU J2023-SHF,F:RU\J23,RU,20230417
RUK2023,RU K2023-SHF,F:RU\K23,RU,20230515
RUM2023,RU M2023-SHF,F:RU\M23,RU,20230615
RUN2023,RU N2023-SHF,F:RU\N23,RU,20230717
RUQ2023,RU Q2023-SHF,F:RU\Q23,RU,20230815
RUU2023,RU U2023-SHF,F:RU\U23,RU,20230915
RUV2023,RU V2023-SHF,F:RU\V23,RU,20231016
RUX2023,RU X2023-SHF,F:RU\X23,RU,20231115
RUF2024,RU F2024-SHF,F:RU\F24,RU,20240115
RUH2024,RU H2024-SHF,F:RU\H24,RU,20240315
RUJ2024,RU J2024-SHF,F:RU\J24,RU,20240415
RUK2024,RU K2024-SHF,F:RU\K24,RU,20240515
RUM2024,RU M2024-SHF,F:RU\M24,RU,20240617
RUN2024,RU N2024-SHF,F:RU\N24,RU,20240715
SNN2015,SN N2015-SHF,F:SN\N15,SN,20150715
SNQ2015,SN Q2015-SHF,F:SN\Q15,SN,20150817
SNU2015,SN U2015-SHF,F:SN\U15,SN,20150915
SNV2015,SN V2015-SHF,F:SN\V15,SN,20151015
SNX2015,SN X2015-SHF,F:SN\X15,SN,20151116
SNZ2015,SN Z2015-SHF,F:SN\Z15,SN,20151215
SNF2016,SN F2016-SHF,F:SN\F16,SN,20160115
SNG2016,SN G2016-SHF,F:SN\G16,SN,20160215
SNH2016,SN H2016-SHF,F:SN\H16,SN,20160315
SNJ2016,SN J2016-SHF,F:SN\J16,SN,20160415
SNK2016,SN K2016-SHF,F:SN\K16,SN,20160516
SNM2016,SN M2016-SHF,F:SN\M16,SN,20160615
SNN2016,SN N2016-SHF,F:SN\N16,SN,20160715
SNQ2016,SN Q2016-SHF,F:SN\Q16,SN,20160815
SNU2016,SN U2016-SHF,F:SN\U16,SN,20160915
SNV2016,SN V2016-SHF,F:SN\V16,SN,20161017
SNX2016,SN X2016-SHF,F:SN\X16,SN,20161115
SNZ2016,SN Z2016-SHF,F:SN\Z16,SN,20161215
SNF2017,SN F2017-SHF,F:SN\F17,SN,20170116
SNG2017,SN G2017-SHF,F:SN\G17,SN,20170215
SNH2017,SN H2017-SHF,F:SN\H17,SN,20170315
SNJ2017,SN J2017-SHF,F:SN\J17,SN,20170417
SNK2017,SN K2017-SHF,F:SN\K17,SN,20170515
SNM2017,SN M2017-SHF,F:SN\M17,SN,20170615
SNN2017,SN N2017-SHF,F:SN\N17,SN,20170717
SNQ2017,SN Q2017-SHF,F:SN\Q17,SN,20170815
SNU2017,SN U2017-SHF,F:SN\U17,SN,20170915
SNV2017,SN V2017-SHF,F:SN\V17,SN,20171016
SNX2017,SN X2017-SHF,F:SN\X17,SN,20171115
SNZ2017,SN Z2017-SHF,F:SN\Z17,SN,20171215
SNF2018,SN F2018-SHF,F:SN\F18,SN,20180115
SNG2018,SN G2018-SHF,F:SN\G18,SN,20180215
SNH2018,SN H2018-SHF,F:SN\H18,SN,20180315
SNJ2018,SN J2018-SHF,F:SN\J18,SN,20180416
SNK2018,SN K2018-SHF,F:SN\K18,SN,20180515
SNM2018,SN M2018-SHF,F:SN\M18,SN,20180615
SNN2018,SN N2018-SHF,F:SN\N18,SN,20180716
SNQ2018,SN Q2018-SHF,F:SN\Q18,SN,20180815
SNU2018,SN U2018-SHF,F:SN\U18,SN,20180917
SNV2018,SN V2018-SHF,F:SN\V18,SN,20181015
SNX2018,SN X2018-SHF,F:SN\X18,SN,20181115
SNZ2018,SN Z2018-SHF,F:SN\Z18,SN,20181217
SNF2019,SN F2019-SHF,F:SN\F19,SN,20190115
SNG2019,SN G2019-SHF,F:SN\G19,SN,20190215
SNH2019,SN H2019-SHF,F:SN\H19,SN,20190315
SNJ2019,SN J2019-SHF,F:SN\J19,SN,20190415
SNK2019,SN K2019-SHF,F:SN\K19,SN,20190515
SNM2019,SN M2019-SHF,F:SN\M19,SN,20190617
SNN2019,SN N2019-SHF,F:SN\N19,SN,20190715
SNQ2019,SN Q2019-SHF,F:SN\Q19,SN,20190815
SNU2019,SN U2019-SHF,F:SN\U19,SN,20190916
SNV2019,SN V2019-SHF,F:SN\V19,SN,20191015
SNX2019,SN X2019-SHF,F:SN\X19,SN,20191118
SNZ2019,SN Z2019-SHF,F:SN\Z19,SN,20191216
SNF2020,SN F2020-SHF,F:SN\F20,SN,20200115
SNG2020,SN G2020-SHF,F:SN\G20,SN,20200217
SNH2020,SN H2020-SHF,F:SN\H20,SN,20200316
SNJ2020,SN J2020-SHF,F:SN\J20,SN,20200415
SNK2020,SN K2020-SHF,F:SN\K20,SN,20200515
SNM2020,SN M2020-SHF,F:SN\M20,SN,20200615
SNN2020,SN N2020-SHF,F:SN\N20,SN,20200715
SNQ2020,SN Q2020-SHF,F:SN\Q20,SN,20200817
SNU2020,SN U2020-SHF,F:SN\U20,SN,20200915
SNV2020,SN V2020-SHF,F:SN\V20,SN,20201015
SNX2020,SN X2020-SHF,F:SN\X20,SN,20201116
SNZ2020,SN Z2020-SHF,F:SN\Z20,SN,20201215
SNF2021,SN F2021-SHF,F:SN\F21,SN,20210115
SNG2021,SN G2021-SHF,F:SN\G21,SN,20210215
SNH2021,SN H2021-SHF,F:SN\H21,SN,20210315
SNJ2021,SN J2021-SHF,F:SN\J21,SN,20210415
SNK2021,SN K2021-SHF,F:SN\K21,SN,20210517
SNM2021,SN M2021-SHF,F:SN\M21,SN,20210615
SNN2021,SN N2021-SHF,F:SN\N21,SN,20210715
SNQ2021,SN Q2021-SHF,F:SN\Q21,SN,20210816
SNU2021,SN U2021-SHF,F:SN\U21,SN,20210915
SNV2021,SN V2021-SHF,F:SN\V21,SN,20211015
SNX2021,SN X2021-SHF,F:SN\X21,SN,20211115
SNZ2021,SN Z2021-SHF,F:SN\Z21,SN,20211215
SNF2022,SN F2022-SHF,F:SN\F22,SN,20220117
SNG2022,SN G2022-SHF,F:SN\G22,SN,20220215
SNH2022,SN H2022-SHF,F:SN\H22,SN,20220315
SNJ2022,SN J2022-SHF,F:SN\J22,SN,20220415
SNK2022,SN K2022-SHF,F:SN\K22,SN,20220516
SNM2022,SN M2022-SHF,F:SN\M22,SN,20220615
SNN2022,SN N2022-SHF,F:SN\N22,SN,20220715
SNQ2022,SN Q2022-SHF,F:SN\Q22,SN,20220815
SNU2022,SN U2022-SHF,F:SN\U22,SN,20220915
SNV2022,SN V2022-SHF,F:SN\V22,SN,20221017
SNX2022,SN X2022-SHF,F:SN\X22,SN,20221115
SNZ2022,SN Z2022-SHF,F:SN\Z22,SN,20221215
SNF2023,SN F2023-SHF,F:SN\F23,SN,20230116
SNG2023,SN G2023-SHF,F:SN\G23,SN,20230215
SNH2023,SN H2023-SHF,F:SN\H23,SN,20230315
SNJ2023,SN J2023-SHF,F:SN\J23,SN,20230417
SNK2023,SN K2023-SHF,F:SN\K23,SN,20230515
SNM2023,SN M2023-SHF,F:SN\M23,SN,20230615
SNN2023,SN N2023-SHF,F:SN\N23,SN,20230717
SNQ2023,SN Q2023-SHF,F:SN\Q23,SN,20230815
SNU2023,SN U2023-SHF,F:SN\U23,SN,20230915
SNV2023,SN V2023-SHF,F:SN\V23,SN,20231016
SNX2023,SN X2023-SHF,F:SN\X23,SN,20231115
SNZ2023,SN Z2023-SHF,F:SN\Z23,SN,20231215
SNF2024,SN F2024-SHF,F:SN\F24,SN,20240115
SNG2024,SN G2024-SHF,F:SN\G24,SN,20240215
SNH2024,SN H2024-SHF,F:SN\H24,SN,20240315
SNJ2024,SN J2024-SHF,F:SN\J24,SN,20240415
SNK2024,SN K2024-SHF,F:SN\K24,SN,20240515
SNM2024,SN M2024-SHF,F:SN\M24,SN,20240617
SNN2024,SN N2024-SHF,F:SN\N24,SN,20240715
SPM2019,SP M2019-SHF,F:SP\M19,SP,20190617
SPN2019,SP N2019-SHF,F:SP\N19,SP,20190715
SPQ2019,SP Q2019-SHF,F:SP\Q19,SP,20190815
SPU2019,SP U2019-SHF,F:SP\U19,SP,20190916
SPV2019,SP V2019-SHF,F:SP\V19,SP,20191015
SPX2019,SP X2019-SHF,F:SP\X19,SP,20191118
SPZ2019,SP Z2019-SHF,F:SP\Z19,SP,20191216
SPF2020,SP F2020-SHF,F:SP\F20,SP,20200115
SPG2020,SP G2020-SHF,F:SP\G20,SP,20200217
SPH2020,SP H2020-SHF,F:SP\H20,SP,20200316
SPJ2020,SP J2020-SHF,F:SP\J20,SP,20200415
SPK2020,SP K2020-SHF,F:SP\K20,SP,20200515
SPM2020,SP M2020-SHF,F:SP\M20,SP,20200615
SPN2020,SP N2020-SHF,F:SP\N20,SP,20200715
SPQ2020,SP Q2020-SHF,F:SP\Q20,SP,20200817
SPU2020,SP U2020-SHF,F:SP\U20,SP,20200915
SPV2020,SP V2020-SHF,F:SP\V20,SP,20201015
SPX2020,SP X2020-SHF,F:SP\X20,SP,20201116
SPZ2020,SP Z2020-SHF,F:SP\Z20,SP,20201215
SPF2021,SP F2021-SHF,F:SP\F21,SP,20210115
SPG2021,SP G2021-SHF,F:SP\G21,SP,20210215
SPH2021,SP H2021-SHF,F:SP\H21,SP,20210315
SPJ2021,SP J2021-SHF,F:SP\J21,SP,20210415
SPK2021,SP K2021-SHF,F:SP\K21,SP,20210517
SPM2021,SP M2021-SHF,F:SP\M21,SP,20210615
SPN2021,SP N2021-SHF,F:SP\N21,SP,20210715
SPQ2021,SP Q2021-SHF,F:SP\Q21,SP,20210816
SPU2021,SP U2021-SHF,F:SP\U21,SP,20210915
SPV2021,SP V2021-SHF,F:SP\V21,SP,20211015
SPX2021,SP X2021-SHF,F:SP\X21,SP,20211115
SPZ2021,SP Z2021-SHF,F:SP\Z21,SP,20211215
SPF2022,SP F2022-SHF,F:SP\F22,SP,20220117
SPG2022,SP G2022-SHF,F:SP\G22,SP,20220215
SPH2022,SP H2022-SHF,F:SP\H22,SP,20220315
SPJ2022,SP J2022-SHF,F:SP\J22,SP,20220415
SPK2022,SP K2022-SHF,F:SP\K22,SP,20220516
SPM2022,SP M2022-SHF,F:SP\M22,SP,20220615
SPN2022,SP N2022-SHF,F:SP\N22,SP,20220715
SPQ2022,SP Q2022-SHF,F:SP\Q22,SP,20220815
SPU2022,SP U2022-SHF,F:SP\U22,SP,20220915
SPV2022,SP V2022-SHF,F:SP\V22,SP,20221017
SPX2022,SP X2022-SHF,F:SP\X22,SP,20221115
SPZ2022,SP Z2022-SHF,F:SP\Z22,SP,20221215
SPF2023,SP F2023-SHF,F:SP\F23,SP,20230116
SPG2023,SP G2023-SHF,F:SP\G23,SP,20230215
SPH2023,SP H2023-SHF,F:SP\H23,SP,20230315
SPJ2023,SP J2023-SHF,F:SP\J23,SP,20230417
SPK2023,SP K2023-SHF,F:SP\K23,SP,20230515
SPM2023,SP M2023-SHF,F:SP\M23,SP,20230615
SPN2023,SP N2023-SHF,F:SP\N23,SP,20230717
SPQ2023,SP Q2023-SHF,F:SP\Q23,SP,20230815
SPU2023,SP U2023-SHF,F:SP\U23,SP,20230915
SPV2023,SP V2023-SHF,F:SP\V23,SP,20231016
SPX2023,SP X2023-SHF,F:SP\X23,SP,20231115
SPZ2023,SP Z2023-SHF,F:SP\Z23,SP,20231215
SPF2024,SP F2024-SHF,F:SP\F24,SP,20240115
SPG2024,SP G2024-SHF,F:SP\G24,SP,20240215
SPH2024,SP H2024-SHF,F:SP\H24,SP,20240315
SPJ2024,SP J2024-SHF,F:SP\J24,SP,20240415
SPK2024,SP K2024-SHF,F:SP\K24,SP,20240515
SPM2024,SP M2024-SHF,F:SP\M24,SP,20240617
SPN2024,SP N2024-SHF,F:SP\N24,SP,20240715
SSG2020,SS G2020-SHF,F:SS\G20,SS,20200217
SSH2020,SS H2020-SHF,F:SS\H20,SS,20200316
SSJ2020,SS J2020-SHF,F:SS\J20,SS,20200415
SSK2020,SS K2020-SHF,F:SS\K20,SS,20200515
SSM2020,SS M2020-SHF,F:SS\M20,SS,20200615
SSN2020,SS N2020-SHF,F:SS\N20,SS,20200715
SSQ2020,SS Q2020-SHF,F:SS\Q20,SS,20200817
SSU2020,SS U2020-SHF,F:SS\U20,SS,20200915
SSV2020,SS V2020-SHF,F:SS\V20,SS,20201015
SSX2020,SS X2020-SHF,F:SS\X20,SS,20201116
SSZ2020,SS Z2020-SHF,F:SS\Z20,SS,20201215
SSF2021,SS F2021-SHF,F:SS\F21,SS,20210115
SSG2021,SS G2021-SHF,F:SS\G21,SS,20210215
SSH2021,SS H2021-SHF,F:SS\H21,SS,20210315
SSJ2021,SS J2021-SHF,F:SS\J21,SS,20210415
SSK2021,SS K2021-SHF,F:SS\K21,SS,20210517
SSM2021,SS M2021-SHF,F:SS\M21,SS,20210615
SSN2021,SS N2021-SHF,F:SS\N21,SS,20210715
SSQ2021,SS Q2021-SHF,F:SS\Q21,SS,20210816
SSU2021,SS U2021-SHF,F:SS\U21,SS,20210915
SSV2021,SS V2021-SHF,F:SS\V21,SS,20211015
SSX2021,SS X2021-SHF,F:SS\X21,SS,20211115
SSZ2021,SS Z2021-SHF,F:SS\Z21,SS,20211215
SSF2022,SS F2022-SHF,F:SS\F22,SS,20220117
SSG2022,SS G2022-SHF,F:SS\G22,SS,20220215
SSH2022,SS H2022-SHF,F:SS\H22,SS,20220315
SSJ2022,SS J2022-SHF,F:SS\J22,SS,20220415
SSK2022,SS K2022-SHF,F:SS\K22,SS,20220516
SSM2022,SS M2022-SHF,F:SS\M22,SS,20220615
SSN2022,SS N2022-SHF,F:SS\N22,SS,20220715
SSQ2022,SS Q2022-SHF,F:SS\Q22,SS,20220815
SSU2022,SS U2022-SHF,F:SS\U22,SS,20220915
SSV2022,SS V2022-SHF,F:SS\V22,SS,20221017
SSX2022,SS X2022-SHF,F:SS\X22,SS,20221115
SSZ2022,SS Z2022-SHF,F:SS\Z22,SS,20221215
SSF2023,SS F2023-SHF,F:SS\F23,SS,20230116
SSG2023,SS G2023-SHF,F:SS\G23,SS,20230215
SSH2023,SS H2023-SHF,F:SS\H23,SS,20230315
SSJ2023,SS J2023-SHF,F:SS\J23,SS,20230417
SSK2023,SS K2023-SHF,F:SS\K23,SS,20230515
SSM2023,SS M2023-SHF,F:SS\M23,SS,20230615
SSN2023,SS N2023-SHF,F:SS\N23,SS,20230717
SSQ2023,SS Q2023-SHF,F:SS\Q23,SS,20230815
SSU2023,SS U2023-SHF,F:SS\U23,SS,20230915
SSV2023,SS V2023-SHF,F:SS\V23,SS,20231016
SSX2023,SS X2023-SHF,F:SS\X23,SS,20231115
SSZ2023,SS Z2023-SHF,F:SS\Z23,SS,20231215
SSF2024,SS F2024-SHF,F:SS\F24,SS,20240115
SSG2024,SS G2024-SHF,F:SS\G24,SS,20240215
SSH2024,SS H2024-SHF,F:SS\H24,SS,20240315
SSJ2024,SS J2024-SHF,F:SS\J24,SS,20240415
SSK2024,SS K2024-SHF,F:SS\K24,SS,20240515
SSM2024,SS M2024-SHF,F:SS\M24,SS,20240617
SSN2024,SS N2024-SHF,F:SS\N24,SS,20240715
WRF2010,WR F2010-SHF,F:WR\F10,WR,20100115
WRG2010,WR G2010-SHF,F:WR\G10,WR,20100209
WRH2010,WR H2010-SHF,F:WR\H10,WR,20100315
WRJ2010,WR J2010-SHF,F:WR\J10,WR,20100415
WRK2010,WR K2010-SHF,F:WR\K10,WR,20100517
WRM2010,WR M2010-SHF,F:WR\M10,WR,20100617
WRN2010,WR N2010-SHF,F:WR\N10,WR,20100715
WRQ2010,WR Q2010-SHF,F:WR\Q10,WR,20100816
WRU2010,WR U2010-SHF,F:WR\U10,WR,20100915
WRV2010,WR V2010-SHF,F:WR\V10,WR,20101015
WRX2010,WR X2010-SHF,F:WR\X10,WR,20101115
WRZ2010,WR Z2010-SHF,F:WR\Z10,WR,20101215
WRF2011,WR F2011-SHF,F:WR\F11,WR,20110117
WRG2011,WR G2011-SHF,F:WR\G11,WR,20110215
WRH2011,WR H2011-SHF,F:WR\H11,WR,20110315
WRJ2011,WR J2011-SHF,F:WR\J11,WR,20110415
WRK2011,WR K2011-SHF,F:WR\K11,WR,20110516
WRM2011,WR M2011-SHF,F:WR\M11,WR,20110615
WRN2011,WR N2011-SHF,F:WR\N11,WR,20110715
WRQ2011,WR Q2011-SHF,F:WR\Q11,WR,20110815
WRU2011,WR U2011-SHF,F:WR\U11,WR,20110915
WRV2011,WR V2011-SHF,F:WR\V11,WR,20111017
WRX2011,WR X2011-SHF,F:WR\X11,WR,20111115
WRZ2011,WR Z2011-SHF,F:WR\Z11,WR,20111215
WRF2012,WR F2012-SHF,F:WR\F12,WR,20120113
WRG2012,WR G2012-SHF,F:WR\G12,WR,20120215
WRH2012,WR H2012-SHF,F:WR\H12,WR,20120315
WRJ2012,WR J2012-SHF,F:WR\J12,WR,20120415
WRK2012,WR K2012-SHF,F:WR\K12,WR,20120515
WRM2012,WR M2012-SHF,F:WR\M12,WR,20120615
WRN2012,WR N2012-SHF,F:WR\N12,WR,20120716
WRQ2012,WR Q2012-SHF,F:WR\Q12,WR,20120815
WRU2012,WR U2012-SHF,F:WR\U12,WR,20120917
WRV2012,WR V2012-SHF,F:WR\V12,WR,20121015
WRX2012,WR X2012-SHF,F:WR\X12,WR,20121115
WRZ2012,WR Z2012-SHF,F:WR\Z12,WR,20121217
WRF2013,WR F2013-SHF,F:WR\F13,WR,20130115
WRG2013,WR G2013-SHF,F:WR\G13,WR,20130218
WRH2013,WR H2013-SHF,F:WR\H13,WR,20130315
WRJ2013,WR J2013-SHF,F:WR\J13,WR,20130415
WRK2013,WR K2013-SHF,F:WR\K13,WR,20130515
WRM2013,WR M2013-SHF,F:WR\M13,WR,20130617
WRN2013,WR N2013-SHF,F:WR\N13,WR,20130715
WRQ2013,WR Q2013-SHF,F:WR\Q13,WR,20130815
WRU2013,WR U2013-SHF,F:WR\U13,WR,20130916
WRV2013,WR V2013-SHF,F:WR\V13,WR,20131015
WRX2013,WR X2013-SHF,F:WR\X13,WR,20131115
WRZ2013,WR Z2013-SHF,F:WR\Z13,WR,20131216
WRF2014,WR F2014-SHF,F:WR\F14,WR,20140115
WRG2014,WR G2014-SHF,F:WR\G14,WR,20140217
WRH2014,WR H2014-SHF,F:WR\H14,WR,20140317
WRJ2014,WR J2014-SHF,F:WR\J14,WR,20140415
WRK2014,WR K2014-SHF,F:WR\K14,WR,20140515
WRM2014,WR M2014-SHF,F:WR\M14,WR,20140616
WRN2014,WR N2014-SHF,F:WR\N14,WR,20140715
WRQ2014,WR Q2014-SHF,F:WR\Q14,WR,20140815
WRU2014,WR U2014-SHF,F:WR\U14,WR,20140915
WRV2014,WR V2014-SHF,F:WR\V14,WR,20141015
WRX2014,WR X2014-SHF,F:WR\X14,WR,20141117
WRZ2014,WR Z2014-SHF,F:WR\Z14,WR,20141215
WRF2015,WR F2015-SHF,F:WR\F15,WR,20150115
WRG2015,WR G2015-SHF,F:WR\G15,WR,20150216
WRH2015,WR H2015-SHF,F:WR\H15,WR,20150316
WRJ2015,WR J2015-SHF,F:WR\J15,WR,20150415
WRK2015,WR K2015-SHF,F:WR\K15,WR,20150515
WRM2015,WR M2015-SHF,F:WR\M15,WR,20150615
WRN2015,WR N2015-SHF,F:WR\N15,WR,20150715
WRQ2015,WR Q2015-SHF,F:WR\Q15,WR,20150817
WRU2015,WR U2015-SHF,F:WR\U15,WR,20150915
WRV2015,WR V2015-SHF,F:WR\V15,WR,20151015
WRX2015,WR X2015-SHF,F:WR\X15,WR,20151116
WRZ2015,WR Z2015-SHF,F:WR\Z15,WR,20151215
WRF2016,WR F2016-SHF,F:WR\F16,WR,20160115
WRG2016,WR G2016-SHF,F:WR\G16,WR,20160215
WRH2016,WR H2016-SHF,F:WR\H16,WR,20160315
WRJ2016,WR J2016-SHF,F:WR\J16,WR,20160415
WRK2016,WR K2016-SHF,F:WR\K16,WR,20160516
WRM2016,WR M2016-SHF,F:WR\M16,WR,20160615
WRN2016,WR N2016-SHF,F:WR\N16,WR,20160715
WRQ2016,WR Q2016-SHF,F:WR\Q16,WR,20160815
WRU2016,WR U2016-SHF,F:WR\U16,WR,20160915
WRV2016,WR V2016-SHF,F:WR\V16,WR,20161017
WRX2016,WR X2016-SHF,F:WR\X16,WR,20161115
WRZ2016,WR Z2016-SHF,F:WR\Z16,WR,20161215
WRF2017,WR F2017-SHF,F:WR\F17,WR,20170116
WRG2017,WR G2017-SHF,F:WR\G17,WR,20170215
WRH2017,WR H2017-SHF,F:WR\H17,WR,20170315
WRJ2017,WR J2017-SHF,F:WR\J17,WR,20170417
WRK2017,WR K2017-SHF,F:WR\K17,WR,20170515
WRM2017,WR M2017-SHF,F:WR\M17,WR,20170615
WRN2017,WR N2017-SHF,F:WR\N17,WR,20170717
WRQ2017,WR Q2017-SHF,F:WR\Q17,WR,20170815
WRU2017,WR U2017-SHF,F:WR\U17,WR,20170915
WRV2017,WR V2017-SHF,F:WR\V17,WR,20171016
WRX2017,WR X2017-SHF,F:WR\X17,WR,20171115
WRZ2017,WR Z2017-SHF,F:WR\Z17,WR,20171215
WRF2018,WR F2018-SHF,F:WR\F18,WR,20180115
WRG2018,WR G2018-SHF,F:WR\G18,WR,20180215
WRH2018,WR H2018-SHF,F:WR\H18,WR,20180315
WRJ2018,WR J2018-SHF,F:WR\J18,WR,20180416
WRK2018,WR K2018-SHF,F:WR\K18,WR,20180515
WRM2018,WR M2018-SHF,F:WR\M18,WR,20180615
WRN2018,WR N2018-SHF,F:WR\N18,WR,20180716
WRQ2018,WR Q2018-SHF,F:WR\Q18,WR,20180815
WRU2018,WR U2018-SHF,F:WR\U18,WR,20180917
WRV2018,WR V2018-SHF,F:WR\V18,WR,20181015
WRX2018,WR X2018-SHF,F:WR\X18,WR,20181115
WRZ2018,WR Z2018-SHF,F:WR\Z18,WR,20181217
WRF2019,WR F2019-SHF,F:WR\F19,WR,20190115
WRG2019,WR G2019-SHF,F:WR\G19,WR,20190215
WRH2019,WR H2019-SHF,F:WR\H19,WR,20190315
WRJ2019,WR J2019-SHF,F:WR\J19,WR,20190415
WRK2019,WR K2019-SHF,F:WR\K19,WR,20190515
WRM2019,WR M2019-SHF,F:WR\M19,WR,20190617
WRN2019,WR N2019-SHF,F:WR\N19,WR,20190715
WRQ2019,WR Q2019-SHF,F:WR\Q19,WR,20190815
WRU2019,WR U2019-SHF,F:WR\U19,WR,20190916
WRV2019,WR V2019-SHF,F:WR\V19,WR,20191015
WRX2019,WR X2019-SHF,F:WR\X19,WR,20191118
WRZ2019,WR Z2019-SHF,F:WR\Z19,WR,20191216
WRF2020,WR F2020-SHF,F:WR\F20,WR,20200115
WRG2020,WR G2020-SHF,F:WR\G20,WR,20200217
WRH2020,WR H2020-SHF,F:WR\H20,WR,20200316
WRJ2020,WR J2020-SHF,F:WR\J20,WR,20200415
WRK2020,WR K2020-SHF,F:WR\K20,WR,20200515
WRM2020,WR M2020-SHF,F:WR\M20,WR,20200615
WRN2020,WR N2020-SHF,F:WR\N20,WR,20200715
WRQ2020,WR Q2020-SHF,F:WR\Q20,WR,20200817
WRU2020,WR U2020-SHF,F:WR\U20,WR,20200915
WRV2020,WR V2020-SHF,F:WR\V20,WR,20201015
WRX2020,WR X2020-SHF,F:WR\X20,WR,20201116
WRZ2020,WR Z2020-SHF,F:WR\Z20,WR,20201215
WRF2021,WR F2021-SHF,F:WR\F21,WR,20210115
WRG2021,WR G2021-SHF,F:WR\G21,WR,20210215
WRH2021,WR H2021-SHF,F:WR\H21,WR,20210315
WRJ2021,WR J2021-SHF,F:WR\J21,WR,20210415
WRK2021,WR K2021-SHF,F:WR\K21,WR,20210517
WRM2021,WR M2021-SHF,F:WR\M21,WR,20210615
WRN2021,WR N2021-SHF,F:WR\N21,WR,20210715
WRQ2021,WR Q2021-SHF,F:WR\Q21,WR,20210816
WRU2021,WR U2021-SHF,F:WR\U21,WR,20210915
WRV2021,WR V2021-SHF,F:WR\V21,WR,20211015
WRX2021,WR X2021-SHF,F:WR\X21,WR,20211115
WRZ2021,WR Z2021-SHF,F:WR\Z21,WR,20211215
WRF2022,WR F2022-SHF,F:WR\F22,WR,20220117
WRG2022,WR G2022-SHF,F:WR\G22,WR,20220215
WRH2022,WR H2022-SHF,F:WR\H22,WR,20220315
WRJ2022,WR J2022-SHF,F:WR\J22,WR,20220415
WRK2022,WR K2022-SHF,F:WR\K22,WR,20220516
WRM2022,WR M2022-SHF,F:WR\M22,WR,20220615
WRN2022,WR N2022-SHF,F:WR\N22,WR,20220715
WRQ2022,WR Q2022-SHF,F:WR\Q22,WR,20220815
WRU2022,WR U2022-SHF,F:WR\U22,WR,20220915
WRV2022,WR V2022-SHF,F:WR\V22,WR,20221017
WRX2022,WR X2022-SHF,F:WR\X22,WR,20221115
WRZ2022,WR Z2022-SHF,F:WR\Z22,WR,20221215
WRF2023,WR F2023-SHF,F:WR\F23,WR,20230116
WRG2023,WR G2023-SHF,F:WR\G23,WR,20230215
WRH2023,WR H2023-SHF,F:WR\H23,WR,20230315
WRJ2023,WR J2023-SHF,F:WR\J23,WR,20230417
WRK2023,WR K2023-SHF,F:WR\K23,WR,20230515
WRM2023,WR M2023-SHF,F:WR\M23,WR,20230615
WRN2023,WR N2023-SHF,F:WR\N23,WR,20230717
WRQ2023,WR Q2023-SHF,F:WR\Q23,WR,20230815
WRU2023,WR U2023-SHF,F:WR\U23,WR,20230915
WRV2023,WR V2023-SHF,F:WR\V23,WR,20231016
WRX2023,WR X2023-SHF,F:WR\X23,WR,20231115
WRZ2023,WR Z2023-SHF,F:WR\Z23,WR,20231215
WRF2024,WR F2024-SHF,F:WR\F24,WR,20240115
WRG2024,WR G2024-SHF,F:WR\G24,WR,20240215
WRH2024,WR H2024-SHF,F:WR\H24,WR,20240315
WRJ2024,WR J2024-SHF,F:WR\J24,WR,20240415
WRK2024,WR K2024-SHF,F:WR\K24,WR,20240515
WRM2024,WR M2024-SHF,F:WR\M24,WR,20240617
WRN2024,WR N2024-SHF,F:WR\N24,WR,20240715
ZNF2010,ZN F2010-SHF,F:ZN\F10,ZN,20100115
ZNG2010,ZN G2010-SHF,F:ZN\G10,ZN,20100209
ZNH2010,ZN H2010-SHF,F:ZN\H10,ZN,20100315
ZNJ2010,ZN J2010-SHF,F:ZN\J10,ZN,20100415
ZNK2010,ZN K2010-SHF,F:ZN\K10,ZN,20100517
ZNM2010,ZN M2010-SHF,F:ZN\M10,ZN,20100617
ZNN2010,ZN N2010-SHF,F:ZN\N10,ZN,20100715
ZNQ2010,ZN Q2010-SHF,F:ZN\Q10,ZN,20100816
ZNU2010,ZN U2010-SHF,F:ZN\U10,ZN,20100915
ZNV2010,ZN V2010-SHF,F:ZN\V10,ZN,20101015
ZNX2010,ZN X2010-SHF,F:ZN\X10,ZN,20101115
ZNZ2010,ZN Z2010-SHF,F:ZN\Z10,ZN,20101215
ZNF2011,ZN F2011-SHF,F:ZN\F11,ZN,20110117
ZNG2011,ZN G2011-SHF,F:ZN\G11,ZN,20110215
ZNH2011,ZN H2011-SHF,F:ZN\H11,ZN,20110315
ZNJ2011,ZN J2011-SHF,F:ZN\J11,ZN,20110415
ZNK2011,ZN K2011-SHF,F:ZN\K11,ZN,20110516
ZNM2011,ZN M2011-SHF,F:ZN\M11,ZN,20110615
ZNN2011,ZN N2011-SHF,F:ZN\N11,ZN,20110715
ZNQ2011,ZN Q2011-SHF,F:ZN\Q11,ZN,20110815
ZNU2011,ZN U2011-SHF,F:ZN\U11,ZN,20110915
ZNV2011,ZN V2011-SHF,F:ZN\V11,ZN,20111017
ZNX2011,ZN X2011-SHF,F:ZN\X11,ZN,20111115
ZNZ2011,ZN Z2011-SHF,F:ZN\Z11,ZN,20111215
ZNF2012,ZN F2012-SHF,F:ZN\F12,ZN,20120113
ZNG2012,ZN G2012-SHF,F:ZN\G12,ZN,20120215
ZNH2012,ZN H2012-SHF,F:ZN\H12,ZN,20120315
ZNJ2012,ZN J2012-SHF,F:ZN\J12,ZN,20120415
ZNK2012,ZN K2012-SHF,F:ZN\K12,ZN,20120515
ZNM2012,ZN M2012-SHF,F:ZN\M12,ZN,20120615
ZNN2012,ZN N2012-SHF,F:ZN\N12,ZN,20120716
ZNQ2012,ZN Q2012-SHF,F:ZN\Q12,ZN,20120815
ZNU2012,ZN U2012-SHF,F:ZN\U12,ZN,20120917
ZNV2012,ZN V2012-SHF,F:ZN\V12,ZN,20121015
ZNX2012,ZN X2012-SHF,F:ZN\X12,ZN,20121115
ZNZ2012,ZN Z2012-SHF,F:ZN\Z12,ZN,20121217
ZNF2013,ZN F2013-SHF,F:ZN\F13,ZN,20130115
ZNG2013,ZN G2013-SHF,F:ZN\G13,ZN,20130218
ZNH2013,ZN H2013-SHF,F:ZN\H13,ZN,20130315
ZNJ2013,ZN J2013-SHF,F:ZN\J13,ZN,20130415
ZNK2013,ZN K2013-SHF,F:ZN\K13,ZN,20130515
ZNM2013,ZN M2013-SHF,F:ZN\M13,ZN,20130617
ZNN2013,ZN N2013-SHF,F:ZN\N13,ZN,20130715
ZNQ2013,ZN Q2013-SHF,F:ZN\Q13,ZN,20130815
ZNU2013,ZN U2013-SHF,F:ZN\U13,ZN,20130916
ZNV2013,ZN V2013-SHF,F:ZN\V13,ZN,20131015
ZNX2013,ZN X2013-SHF,F:ZN\X13,ZN,20131115
ZNZ2013,ZN Z2013-SHF,F:ZN\Z13,ZN,20131216
ZNF2014,ZN F2014-SHF,F:ZN\F14,ZN,20140115
ZNG2014,ZN G2014-SHF,F:ZN\G14,ZN,20140217
ZNH2014,ZN H2014-SHF,F:ZN\H14,ZN,20140317
ZNJ2014,ZN J2014-SHF,F:ZN\J14,ZN,20140415
ZNK2014,ZN K2014-SHF,F:ZN\K14,ZN,20140515
ZNM2014,ZN M2014-SHF,F:ZN\M14,ZN,20140616
ZNN2014,ZN N2014-SHF,F:ZN\N14,ZN,20140715
ZNQ2014,ZN Q2014-SHF,F:ZN\Q14,ZN,20140815
ZNU2014,ZN U2014-SHF,F:ZN\U14,ZN,20140915
ZNV2014,ZN V2014-SHF,F:ZN\V14,ZN,20141015
ZNX2014,ZN X2014-SHF,F:ZN\X14,ZN,20141117
ZNZ2014,ZN Z2014-SHF,F:ZN\Z14,ZN,20141215
ZNF2015,ZN F2015-SHF,F:ZN\F15,ZN,20150115
ZNG2015,ZN G2015-SHF,F:ZN\G15,ZN,20150216
ZNH2015,ZN H2015-SHF,F:ZN\H15,ZN,20150316
ZNJ2015,ZN J2015-SHF,F:ZN\J15,ZN,20150415
ZNK2015,ZN K2015-SHF,F:ZN\K15,ZN,20150515
ZNM2015,ZN M2015-SHF,F:ZN\M15,ZN,20150615
ZNN2015,ZN N2015-SHF,F:ZN\N15,ZN,20150715
ZNQ2015,ZN Q2015-SHF,F:ZN\Q15,ZN,20150817
ZNU2015,ZN U2015-SHF,F:ZN\U15,ZN,20150915
ZNV2015,ZN V2015-SHF,F:ZN\V15,ZN,20151015
ZNX2015,ZN X2015-SHF,F:ZN\X15,ZN,20151116
ZNZ2015,ZN Z2015-SHF,F:ZN\Z15,ZN,20151215
ZNF2016,ZN F2016-SHF,F:ZN\F16,ZN,20160115
ZNG2016,ZN G2016-SHF,F:ZN\G16,ZN,20160215
ZNH2016,ZN H2016-SHF,F:ZN\H16,ZN,20160315
ZNJ2016,ZN J2016-SHF,F:ZN\J16,ZN,20160415
ZNK2016,ZN K2016-SHF,F:ZN\K16,ZN,20160516
ZNM2016,ZN M2016-SHF,F:ZN\M16,ZN,20160615
ZNN2016,ZN N2016-SHF,F:ZN\N16,ZN,20160715
ZNQ2016,ZN Q2016-SHF,F:ZN\Q16,ZN,20160815
ZNU2016,ZN U2016-SHF,F:ZN\U16,ZN,20160915
ZNV2016,ZN V2016-SHF,F:ZN\V16,ZN,20161017
ZNX2016,ZN X2016-SHF,F:ZN\X16,ZN,20161115
ZNZ2016,ZN Z2016-SHF,F:ZN\Z16,ZN,20161215
ZNF2017,ZN F2017-SHF,F:ZN\F17,ZN,20170116
ZNG2017,ZN G2017-SHF,F:ZN\G17,ZN,20170215
ZNH2017,ZN H2017-SHF,F:ZN\H17,ZN,20170315
ZNJ2017,ZN J2017-SHF,F:ZN\J17,ZN,20170417
ZNK2017,ZN K2017-SHF,F:ZN\K17,ZN,20170515
ZNM2017,ZN M2017-SHF,F:ZN\M17,ZN,20170615
ZNN2017,ZN N2017-SHF,F:ZN\N17,ZN,20170717
ZNQ2017,ZN Q2017-SHF,F:ZN\Q17,ZN,20170815
ZNU2017,ZN U2017-SHF,F:ZN\U17,ZN,20170915
ZNV2017,ZN V2017-SHF,F:ZN\V17,ZN,20171016
ZNX2017,ZN X2017-SHF,F:ZN\X17,ZN,20171115
ZNZ2017,ZN Z2017-SHF,F:ZN\Z17,ZN,20171215
ZNF2018,ZN F2018-SHF,F:ZN\F18,ZN,20180115
ZNG2018,ZN G2018-SHF,F:ZN\G18,ZN,20180215
ZNH2018,ZN H2018-SHF,F:ZN\H18,ZN,20180315
ZNJ2018,ZN J2018-SHF,F:ZN\J18,ZN,20180416
ZNK2018,ZN K2018-SHF,F:ZN\K18,ZN,20180515
ZNM2018,ZN M2018-SHF,F:ZN\M18,ZN,20180615
ZNN2018,ZN N2018-SHF,F:ZN\N18,ZN,20180716
ZNQ2018,ZN Q2018-SHF,F:ZN\Q18,ZN,20180815
ZNU2018,ZN U2018-SHF,F:ZN\U18,ZN,20180917
ZNV2018,ZN V2018-SHF,F:ZN\V18,ZN,20181015
ZNX2018,ZN X2018-SHF,F:ZN\X18,ZN,20181115
ZNZ2018,ZN Z2018-SHF,F:ZN\Z18,ZN,20181217
ZNF2019,ZN F2019-SHF,F:ZN\F19,ZN,20190115
ZNG2019,ZN G2019-SHF,F:ZN\G19,ZN,20190215
ZNH2019,ZN H2019-SHF,F:ZN\H19,ZN,20190315
ZNJ2019,ZN J2019-SHF,F:ZN\J19,ZN,20190415
ZNK2019,ZN K2019-SHF,F:ZN\K19,ZN,20190515
ZNM2019,ZN M2019-SHF,F:ZN\M19,ZN,20190617
ZNN2019,ZN N2019-SHF,F:ZN\N19,ZN,20190715
ZNQ2019,ZN Q2019-SHF,F:ZN\Q19,ZN,20190815
ZNU2019,ZN U2019-SHF,F:ZN\U19,ZN,20190916
ZNV2019,ZN V2019-SHF,F:ZN\V19,ZN,20191015
ZNX2019,ZN X2019-SHF,F:ZN\X19,ZN,20191118
ZNZ2019,ZN Z2019-SHF,F:ZN\Z19,ZN,20191216
ZNF2020,ZN F2020-SHF,F:ZN\F20,ZN,20200115
ZNG2020,ZN G2020-SHF,F:ZN\G20,ZN,20200217
ZNH2020,ZN H2020-SHF,F:ZN\H20,ZN,20200316
ZNJ2020,ZN J2020-SHF,F:ZN\J20,ZN,20200415
ZNK2020,ZN K2020-SHF,F:ZN\K20,ZN,20200515
ZNM2020,ZN M2020-SHF,F:ZN\M20,ZN,20200615
ZNN2020,ZN N2020-SHF,F:ZN\N20,ZN,20200715
ZNQ2020,ZN Q2020-SHF,F:ZN\Q20,ZN,20200817
ZNU2020,ZN U2020-SHF,F:ZN\U20,ZN,20200915
ZNV2020,ZN V2020-SHF,F:ZN\V20,ZN,20201015
ZNX2020,ZN X2020-SHF,F:ZN\X20,ZN,20201116
ZNZ2020,ZN Z2020-SHF,F:ZN\Z20,ZN,20201215
ZNF2021,ZN F2021-SHF,F:ZN\F21,ZN,20210115
ZNG2021,ZN G2021-SHF,F:ZN\G21,ZN,20210215
ZNH2021,ZN H2021-SHF,F:ZN\H21,ZN,20210315
ZNJ2021,ZN J2021-SHF,F:ZN\J21,ZN,20210415
ZNK2021,ZN K2021-SHF,F:ZN\K21,ZN,20210517
ZNM2021,ZN M2021-SHF,F:ZN\M21,ZN,20210615
ZNN2021,ZN N2021-SHF,F:ZN\N21,ZN,20210715
ZNQ2021,ZN Q2021-SHF,F:ZN\Q21,ZN,20210816
ZNU2021,ZN U2021-SHF,F:ZN\U21,ZN,20210915
ZNV2021,ZN V2021-SHF,F:ZN\V21,ZN,20211015
ZNX2021,ZN X2021-SHF,F:ZN\X21,ZN,20211115
ZNZ2021,ZN Z2021-SHF,F:ZN\Z21,ZN,20211215
ZNF2022,ZN F2022-SHF,F:ZN\F22,ZN,20220117
ZNG2022,ZN G2022-SHF,F:ZN\G22,ZN,20220215
ZNH2022,ZN H2022-SHF,F:ZN\H22,ZN,20220315
ZNJ2022,ZN J2022-SHF,F:ZN\J22,ZN,20220415
ZNK2022,ZN K2022-SHF,F:ZN\K22,ZN,20220516
ZNM2022,ZN M2022-SHF,F:ZN\M22,ZN,20220615
ZNN2022,ZN N2022-SHF,F:ZN\N22,ZN,20220715
ZNQ2022,ZN Q2022-SHF,F:ZN\Q22,ZN,20220815
ZNU2022,ZN U2022-SHF,F:ZN\U22,ZN,20220915
ZNV2022,ZN V2022-SHF,F:ZN\V22,ZN,20221017
ZNX2022,ZN X2022-SHF,F:ZN\X22,ZN,20221115
ZNZ2022,ZN Z2022-SHF,F:ZN\Z22,ZN,20221215
ZNF2023,ZN F2023-SHF,F:ZN\F23,ZN,20230116
ZNG2023,ZN G2023-SHF,F:ZN\G23,ZN,20230215
ZNH2023,ZN H2023-SHF,F:ZN\H23,ZN,20230315
ZNJ2023,ZN J2023-SHF,F:ZN\J23,ZN,20230417
ZNK2023,ZN K2023-SHF,F:ZN\K23,ZN,20230515
ZNM2023,ZN M2023-SHF,F:ZN\M23,ZN,20230615
ZNN2023,ZN N2023-SHF,F:ZN\N23,ZN,20230717
ZNQ2023,ZN Q2023-SHF,F:ZN\Q23,ZN,20230815
ZNU2023,ZN U2023-SHF,F:ZN\U23,ZN,20230915
ZNV2023,ZN V2023-SHF,F:ZN\V23,ZN,20231016
ZNX2023,ZN X2023-SHF,F:ZN\X23,ZN,20231115
ZNZ2023,ZN Z2023-SHF,F:ZN\Z23,ZN,20231215
ZNF2024,ZN F2024-SHF,F:ZN\F24,ZN,20240115
ZNG2024,ZN G2024-SHF,F:ZN\G24,ZN,20240215
ZNH2024,ZN H2024-SHF,F:ZN\H24,ZN,20240315
ZNJ2024,ZN J2024-SHF,F:ZN\J24,ZN,20240415
ZNK2024,ZN K2024-SHF,F:ZN\K24,ZN,20240515
ZNM2024,ZN M2024-SHF,F:ZN\M24,ZN,20240617
ZNN2024,ZN N2024-SHF,F:ZN\N24,ZN,20240715
