AJU2014,AJ 2014U-SGF,F:AJ\U14,AJ,20140915
AJV2014,AJ 2014V-SGF,F:AJ\V14,AJ,20141013
AJX2014,AJ 2014X-SGF,F:AJ\X14,AJ,20141117
AJZ2014,AJ 2014Z-SGF,F:AJ\Z14,AJ,20141215
AJF2015,AJ 2015F-SGF,F:AJ\F15,AJ,20150119
AJG2015,AJ 2015G-SGF,F:AJ\G15,AJ,20150216
AJH2015,AJ 2015H-SGF,F:AJ\H15,AJ,20150316
AJJ2015,AJ 2015J-SGF,F:AJ\J15,AJ,20150413
AJK2015,AJ 2015K-SGF,F:AJ\K15,AJ,20150518
AJM2015,AJ 2015M-SGF,F:AJ\M15,AJ,20150615
AJN2015,AJ 2015N-SGF,F:AJ\N15,AJ,20150713
AJQ2015,AJ 2015Q-SGF,F:AJ\Q15,AJ,20150817
AJU2015,AJ 2015U-SGF,F:AJ\U15,AJ,20150914
AJV2015,AJ 2015V-SGF,F:AJ\V15,AJ,20151019
AJX2015,AJ 2015X-SGF,F:AJ\X15,AJ,20151116
AJZ2015,AJ 2015Z-SGF,F:AJ\Z15,AJ,20151214
AJF2016,AJ 2016F-SGF,F:AJ\F16,AJ,20160115
AJG2016,AJ 2016G-SGF,F:AJ\G16,AJ,20160212
AJH2016,AJ 2016H-SGF,F:AJ\H16,AJ,20160314
AJJ2016,AJ 2016J-SGF,F:AJ\J16,AJ,20160418
AJK2016,AJ 2016K-SGF,F:AJ\K16,AJ,20160516
AJM2016,AJ 2016M-SGF,F:AJ\M16,AJ,20160613
AJN2016,AJ 2016N-SGF,F:AJ\N16,AJ,20160718
AJQ2016,AJ 2016Q-SGF,F:AJ\Q16,AJ,20160815
AJU2016,AJ 2016U-SGF,F:AJ\U16,AJ,20160919
AJV2016,AJ 2016V-SGF,F:AJ\V16,AJ,20161017
AJX2016,AJ 2016X-SGF,F:AJ\X16,AJ,20161114
AJZ2016,AJ 2016Z-SGF,F:AJ\Z16,AJ,20161219
AJF2017,AJ 2017F-SGF,F:AJ\F17,AJ,20170116
AJG2017,AJ 2017G-SGF,F:AJ\G17,AJ,20170213
AJH2017,AJ 2017H-SGF,F:AJ\H17,AJ,20170313
AJJ2017,AJ 2017J-SGF,F:AJ\J17,AJ,20170417
AJK2017,AJ 2017K-SGF,F:AJ\K17,AJ,20170515
AJM2017,AJ 2017M-SGF,F:AJ\M17,AJ,20170619
AJN2017,AJ 2017N-SGF,F:AJ\N17,AJ,20170717
AJQ2017,AJ 2017Q-SGF,F:AJ\Q17,AJ,20170814
AJU2017,AJ 2017U-SGF,F:AJ\U17,AJ,20170918
AJV2017,AJ 2017V-SGF,F:AJ\V17,AJ,20171016
AJX2017,AJ 2017X-SGF,F:AJ\X17,AJ,20171113
AJZ2017,AJ 2017Z-SGF,F:AJ\Z17,AJ,20171218
AJF2018,AJ 2018F-SGF,F:AJ\F18,AJ,20180115
AJG2018,AJ 2018G-SGF,F:AJ\G18,AJ,20180219
AJH2018,AJ 2018H-SGF,F:AJ\H18,AJ,20180319
AJJ2018,AJ 2018J-SGF,F:AJ\J18,AJ,20180416
AJK2018,AJ 2018K-SGF,F:AJ\K18,AJ,20180514
AJM2018,AJ 2018M-SGF,F:AJ\M18,AJ,20180618
AJN2018,AJ 2018N-SGF,F:AJ\N18,AJ,20180716
AJQ2018,AJ 2018Q-SGF,F:AJ\Q18,AJ,20180813
AJU2018,AJ 2018U-SGF,F:AJ\U18,AJ,20180917
AJV2018,AJ 2018V-SGF,F:AJ\V18,AJ,20181015
AJX2018,AJ 2018X-SGF,F:AJ\X18,AJ,20181119
AJZ2018,AJ 2018Z-SGF,F:AJ\Z18,AJ,20181217
AJF2019,AJ 2019F-SGF,F:AJ\F19,AJ,20190114
AJG2019,AJ 2019G-SGF,F:AJ\G19,AJ,20190218
AJH2019,AJ 2019H-SGF,F:AJ\H19,AJ,20190318
AJJ2019,AJ 2019J-SGF,F:AJ\J19,AJ,20190415
AJK2019,AJ 2019K-SGF,F:AJ\K19,AJ,20190513
AJM2019,AJ 2019M-SGF,F:AJ\M19,AJ,20190617
AJN2019,AJ 2019N-SGF,F:AJ\N19,AJ,20190715
AJQ2019,AJ 2019Q-SGF,F:AJ\Q19,AJ,20190819
AJU2019,AJ 2019U-SGF,F:AJ\U19,AJ,20190916
AJV2019,AJ 2019V-SGF,F:AJ\V19,AJ,20191014
AJX2019,AJ 2019X-SGF,F:AJ\X19,AJ,20191118
AJZ2019,AJ 2019Z-SGF,F:AJ\Z19,AJ,20191216
AJF2020,AJ 2020F-SGF,F:AJ\F20,AJ,20200113
AJG2020,AJ 2020G-SGF,F:AJ\G20,AJ,20200217
AJH2020,AJ 2020H-SGF,F:AJ\H20,AJ,20200316
AJJ2020,AJ 2020J-SGF,F:AJ\J20,AJ,20200413
AJK2020,AJ 2020K-SGF,F:AJ\K20,AJ,20200518
AJM2020,AJ 2020M-SGF,F:AJ\M20,AJ,20200615
AJN2020,AJ 2020N-SGF,F:AJ\N20,AJ,20200713
AJQ2020,AJ 2020Q-SGF,F:AJ\Q20,AJ,20200817
AJU2020,AJ 2020U-SGF,F:AJ\U20,AJ,20200914
AJV2020,AJ 2020V-SGF,F:AJ\V20,AJ,20201019
AJX2020,AJ 2020X-SGF,F:AJ\X20,AJ,20201116
AJZ2020,AJ 2020Z-SGF,F:AJ\Z20,AJ,20201214
AJF2021,AJ 2021F-SGF,F:AJ\F21,AJ,20210118
AJG2021,AJ 2021G-SGF,F:AJ\G21,AJ,20210215
AJH2021,AJ 2021H-SGF,F:AJ\H21,AJ,20210315
AJJ2021,AJ 2021J-SGF,F:AJ\J21,AJ,20210419
AJK2021,AJ 2021K-SGF,F:AJ\K21,AJ,20210517
AJM2021,AJ 2021M-SGF,F:AJ\M21,AJ,20210614
AJN2021,AJ 2021N-SGF,F:AJ\N21,AJ,20210719
AJQ2021,AJ 2021Q-SGF,F:AJ\Q21,AJ,20210816
AJU2021,AJ 2021U-SGF,F:AJ\U21,AJ,20210913
AJV2021,AJ 2021V-SGF,F:AJ\V21,AJ,20211018
AJX2021,AJ 2021X-SGF,F:AJ\X21,AJ,20211115
AJZ2021,AJ 2021Z-SGF,F:AJ\Z21,AJ,20211213
AJF2022,AJ 2022F-SGF,F:AJ\F22,AJ,20220117
AJG2022,AJ 2022G-SGF,F:AJ\G22,AJ,20220214
AJH2022,AJ 2022H-SGF,F:AJ\H22,AJ,20220314
AJJ2022,AJ 2022J-SGF,F:AJ\J22,AJ,20220418
AJK2022,AJ 2022K-SGF,F:AJ\K22,AJ,20220516
AJM2022,AJ 2022M-SGF,F:AJ\M22,AJ,20220613
AJN2022,AJ 2022N-SGF,F:AJ\N22,AJ,20220718
AJQ2022,AJ 2022Q-SGF,F:AJ\Q22,AJ,20220815
AJU2022,AJ 2022U-SGF,F:AJ\U22,AJ,20220919
AJV2022,AJ 2022V-SGF,F:AJ\V22,AJ,20221017
AJX2022,AJ 2022X-SGF,F:AJ\X22,AJ,20221114
AJZ2022,AJ 2022Z-SGF,F:AJ\Z22,AJ,20221219
AJF2023,AJ 2023F-SGF,F:AJ\F23,AJ,20230116
AJG2023,AJ 2023G-SGF,F:AJ\G23,AJ,20230213
AJH2023,AJ 2023H-SGF,F:AJ\H23,AJ,20230313
AJJ2023,AJ 2023J-SGF,F:AJ\J23,AJ,20230417
AJK2023,AJ 2023K-SGF,F:AJ\K23,AJ,20230515
AJM2023,AJ 2023M-SGF,F:AJ\M23,AJ,20230619
AJN2023,AJ 2023N-SGF,F:AJ\N23,AJ,20230717
AJQ2023,AJ 2023Q-SGF,F:AJ\Q23,AJ,20230814
AJU2023,AJ 2023U-SGF,F:AJ\U23,AJ,20230918
AJV2023,AJ 2023V-SGF,F:AJ\V23,AJ,20231016
AJX2023,AJ 2023X-SGF,F:AJ\X23,AJ,20231113
AUU2014,AU 2014U-SGF,F:AU\U14,AU,20140915
AUV2014,AU 2014V-SGF,F:AU\V14,AU,20141013
AUX2014,AU 2014X-SGF,F:AU\X14,AU,20141117
AUZ2014,AU 2014Z-SGF,F:AU\Z14,AU,20141215
AUF2015,AU 2015F-SGF,F:AU\F15,AU,20150119
AUG2015,AU 2015G-SGF,F:AU\G15,AU,20150216
AUH2015,AU 2015H-SGF,F:AU\H15,AU,20150316
AUJ2015,AU 2015J-SGF,F:AU\J15,AU,20150413
AUK2015,AU 2015K-SGF,F:AU\K15,AU,20150518
AUM2015,AU 2015M-SGF,F:AU\M15,AU,20150615
AUN2015,AU 2015N-SGF,F:AU\N15,AU,20150713
AUQ2015,AU 2015Q-SGF,F:AU\Q15,AU,20150817
AUU2015,AU 2015U-SGF,F:AU\U15,AU,20150914
AUV2015,AU 2015V-SGF,F:AU\V15,AU,20151019
AUX2015,AU 2015X-SGF,F:AU\X15,AU,20151116
AUZ2015,AU 2015Z-SGF,F:AU\Z15,AU,20151214
AUF2016,AU 2016F-SGF,F:AU\F16,AU,20160115
AUG2016,AU 2016G-SGF,F:AU\G16,AU,20160212
AUH2016,AU 2016H-SGF,F:AU\H16,AU,20160314
AUJ2016,AU 2016J-SGF,F:AU\J16,AU,20160418
AUK2016,AU 2016K-SGF,F:AU\K16,AU,20160516
AUM2016,AU 2016M-SGF,F:AU\M16,AU,20160613
AUN2016,AU 2016N-SGF,F:AU\N16,AU,20160718
AUQ2016,AU 2016Q-SGF,F:AU\Q16,AU,20160815
AUU2016,AU 2016U-SGF,F:AU\U16,AU,20160919
AUV2016,AU 2016V-SGF,F:AU\V16,AU,20161017
AUX2016,AU 2016X-SGF,F:AU\X16,AU,20161114
AUZ2016,AU 2016Z-SGF,F:AU\Z16,AU,20161219
AUF2017,AU 2017F-SGF,F:AU\F17,AU,20170116
AUG2017,AU 2017G-SGF,F:AU\G17,AU,20170213
AUH2017,AU 2017H-SGF,F:AU\H17,AU,20170313
AUJ2017,AU 2017J-SGF,F:AU\J17,AU,20170417
AUK2017,AU 2017K-SGF,F:AU\K17,AU,20170515
AUM2017,AU 2017M-SGF,F:AU\M17,AU,20170619
AUN2017,AU 2017N-SGF,F:AU\N17,AU,20170717
AUQ2017,AU 2017Q-SGF,F:AU\Q17,AU,20170814
AUU2017,AU 2017U-SGF,F:AU\U17,AU,20170918
AUV2017,AU 2017V-SGF,F:AU\V17,AU,20171016
AUX2017,AU 2017X-SGF,F:AU\X17,AU,20171113
AUZ2017,AU 2017Z-SGF,F:AU\Z17,AU,20171218
AUF2018,AU 2018F-SGF,F:AU\F18,AU,20180115
AUG2018,AU 2018G-SGF,F:AU\G18,AU,20180219
AUH2018,AU 2018H-SGF,F:AU\H18,AU,20180319
AUJ2018,AU 2018J-SGF,F:AU\J18,AU,20180416
AUK2018,AU 2018K-SGF,F:AU\K18,AU,20180514
AUM2018,AU 2018M-SGF,F:AU\M18,AU,20180618
AUN2018,AU 2018N-SGF,F:AU\N18,AU,20180716
AUQ2018,AU 2018Q-SGF,F:AU\Q18,AU,20180813
AUU2018,AU 2018U-SGF,F:AU\U18,AU,20180917
AUV2018,AU 2018V-SGF,F:AU\V18,AU,20181015
AUX2018,AU 2018X-SGF,F:AU\X18,AU,20181119
AUZ2018,AU 2018Z-SGF,F:AU\Z18,AU,20181217
AUF2019,AU 2019F-SGF,F:AU\F19,AU,20190114
AUG2019,AU 2019G-SGF,F:AU\G19,AU,20190218
AUH2019,AU 2019H-SGF,F:AU\H19,AU,20190318
AUJ2019,AU 2019J-SGF,F:AU\J19,AU,20190415
AUK2019,AU 2019K-SGF,F:AU\K19,AU,20190513
AUM2019,AU 2019M-SGF,F:AU\M19,AU,20190617
AUN2019,AU 2019N-SGF,F:AU\N19,AU,20190715
AUQ2019,AU 2019Q-SGF,F:AU\Q19,AU,20190819
AUU2019,AU 2019U-SGF,F:AU\U19,AU,20190916
AUV2019,AU 2019V-SGF,F:AU\V19,AU,20191014
AUX2019,AU 2019X-SGF,F:AU\X19,AU,20191118
AUZ2019,AU 2019Z-SGF,F:AU\Z19,AU,20191216
AUF2020,AU 2020F-SGF,F:AU\F20,AU,20200113
AUG2020,AU 2020G-SGF,F:AU\G20,AU,20200217
AUH2020,AU 2020H-SGF,F:AU\H20,AU,20200316
AUJ2020,AU 2020J-SGF,F:AU\J20,AU,20200413
AUK2020,AU 2020K-SGF,F:AU\K20,AU,20200518
AUM2020,AU 2020M-SGF,F:AU\M20,AU,20200615
AUN2020,AU 2020N-SGF,F:AU\N20,AU,20200713
AUQ2020,AU 2020Q-SGF,F:AU\Q20,AU,20200817
AUU2020,AU 2020U-SGF,F:AU\U20,AU,20200914
AUV2020,AU 2020V-SGF,F:AU\V20,AU,20201019
AUX2020,AU 2020X-SGF,F:AU\X20,AU,20201116
AUZ2020,AU 2020Z-SGF,F:AU\Z20,AU,20201214
AUF2021,AU 2021F-SGF,F:AU\F21,AU,20210118
AUG2021,AU 2021G-SGF,F:AU\G21,AU,20210215
AUH2021,AU 2021H-SGF,F:AU\H21,AU,20210315
AUJ2021,AU 2021J-SGF,F:AU\J21,AU,20210419
AUK2021,AU 2021K-SGF,F:AU\K21,AU,20210517
AUM2021,AU 2021M-SGF,F:AU\M21,AU,20210614
AUN2021,AU 2021N-SGF,F:AU\N21,AU,20210719
AUQ2021,AU 2021Q-SGF,F:AU\Q21,AU,20210816
AUU2021,AU 2021U-SGF,F:AU\U21,AU,20210913
AUV2021,AU 2021V-SGF,F:AU\V21,AU,20211018
AUX2021,AU 2021X-SGF,F:AU\X21,AU,20211115
AUZ2021,AU 2021Z-SGF,F:AU\Z21,AU,20211213
AUF2022,AU 2022F-SGF,F:AU\F22,AU,20220117
AUG2022,AU 2022G-SGF,F:AU\G22,AU,20220214
AUH2022,AU 2022H-SGF,F:AU\H22,AU,20220314
AUJ2022,AU 2022J-SGF,F:AU\J22,AU,20220418
AUK2022,AU 2022K-SGF,F:AU\K22,AU,20220516
AUM2022,AU 2022M-SGF,F:AU\M22,AU,20220613
AUN2022,AU 2022N-SGF,F:AU\N22,AU,20220718
AUQ2022,AU 2022Q-SGF,F:AU\Q22,AU,20220815
AUU2022,AU 2022U-SGF,F:AU\U22,AU,20220919
AUV2022,AU 2022V-SGF,F:AU\V22,AU,20221017
AUX2022,AU 2022X-SGF,F:AU\X22,AU,20221114
AUZ2022,AU 2022Z-SGF,F:AU\Z22,AU,20221219
AUF2023,AU 2023F-SGF,F:AU\F23,AU,20230116
AUG2023,AU 2023G-SGF,F:AU\G23,AU,20230213
AUH2023,AU 2023H-SGF,F:AU\H23,AU,20230313
AUJ2023,AU 2023J-SGF,F:AU\J23,AU,20230417
AUK2023,AU 2023K-SGF,F:AU\K23,AU,20230515
AUM2023,AU 2023M-SGF,F:AU\M23,AU,20230619
AUN2023,AU 2023N-SGF,F:AU\N23,AU,20230717
AUQ2023,AU 2023Q-SGF,F:AU\Q23,AU,20230814
AUU2023,AU 2023U-SGF,F:AU\U23,AU,20230918
AUV2023,AU 2023V-SGF,F:AU\V23,AU,20231016
AUX2023,AU 2023X-SGF,F:AU\X23,AU,20231113
CYZ2014,CY 2014Z-SGF,F:CY\Z14,CY,20141215
CYF2015,CY 2015F-SGF,F:CY\F15,CY,20150119
CYG2015,CY 2015G-SGF,F:CY\G15,CY,20150216
CYH2015,CY 2015H-SGF,F:CY\H15,CY,20150316
CYJ2015,CY 2015J-SGF,F:CY\J15,CY,20150413
CYK2015,CY 2015K-SGF,F:CY\K15,CY,20150518
CYM2015,CY 2015M-SGF,F:CY\M15,CY,20150615
CYN2015,CY 2015N-SGF,F:CY\N15,CY,20150713
CYQ2015,CY 2015Q-SGF,F:CY\Q15,CY,20150817
CYU2015,CY 2015U-SGF,F:CY\U15,CY,20150914
CYV2015,CY 2015V-SGF,F:CY\V15,CY,20151019
CYX2015,CY 2015X-SGF,F:CY\X15,CY,20151116
CYZ2015,CY 2015Z-SGF,F:CY\Z15,CY,20151214
CYF2016,CY 2016F-SGF,F:CY\F16,CY,20160115
CYG2016,CY 2016G-SGF,F:CY\G16,CY,20160212
CYH2016,CY 2016H-SGF,F:CY\H16,CY,20160314
CYJ2016,CY 2016J-SGF,F:CY\J16,CY,20160418
CYK2016,CY 2016K-SGF,F:CY\K16,CY,20160516
CYM2016,CY 2016M-SGF,F:CY\M16,CY,20160613
CYN2016,CY 2016N-SGF,F:CY\N16,CY,20160718
CYQ2016,CY 2016Q-SGF,F:CY\Q16,CY,20160815
CYU2016,CY 2016U-SGF,F:CY\U16,CY,20160919
CYV2016,CY 2016V-SGF,F:CY\V16,CY,20161017
CYX2016,CY 2016X-SGF,F:CY\X16,CY,20161114
CYZ2016,CY 2016Z-SGF,F:CY\Z16,CY,20161219
CYF2017,CY 2017F-SGF,F:CY\F17,CY,20170116
CYG2017,CY 2017G-SGF,F:CY\G17,CY,20170213
CYH2017,CY 2017H-SGF,F:CY\H17,CY,20170313
CYJ2017,CY 2017J-SGF,F:CY\J17,CY,20170417
CYK2017,CY 2017K-SGF,F:CY\K17,CY,20170515
CYM2017,CY 2017M-SGF,F:CY\M17,CY,20170619
CYN2017,CY 2017N-SGF,F:CY\N17,CY,20170717
CYQ2017,CY 2017Q-SGF,F:CY\Q17,CY,20170814
CYU2017,CY 2017U-SGF,F:CY\U17,CY,20170918
CYV2017,CY 2017V-SGF,F:CY\V17,CY,20171016
CYX2017,CY 2017X-SGF,F:CY\X17,CY,20171113
CYZ2017,CY 2017Z-SGF,F:CY\Z17,CY,20171218
CYF2018,CY 2018F-SGF,F:CY\F18,CY,20180115
CYG2018,CY 2018G-SGF,F:CY\G18,CY,20180219
CYH2018,CY 2018H-SGF,F:CY\H18,CY,20180319
CYJ2018,CY 2018J-SGF,F:CY\J18,CY,20180416
CYK2018,CY 2018K-SGF,F:CY\K18,CY,20180514
CYM2018,CY 2018M-SGF,F:CY\M18,CY,20180618
CYN2018,CY 2018N-SGF,F:CY\N18,CY,20180716
CYQ2018,CY 2018Q-SGF,F:CY\Q18,CY,20180813
CYU2018,CY 2018U-SGF,F:CY\U18,CY,20180917
CYV2018,CY 2018V-SGF,F:CY\V18,CY,20181015
CYX2018,CY 2018X-SGF,F:CY\X18,CY,20181119
CYZ2018,CY 2018Z-SGF,F:CY\Z18,CY,20181217
CYF2019,CY 2019F-SGF,F:CY\F19,CY,20190114
CYG2019,CY 2019G-SGF,F:CY\G19,CY,20190218
CYH2019,CY 2019H-SGF,F:CY\H19,CY,20190318
CYJ2019,CY 2019J-SGF,F:CY\J19,CY,20190415
CYK2019,CY 2019K-SGF,F:CY\K19,CY,20190513
CYM2019,CY 2019M-SGF,F:CY\M19,CY,20190617
CYN2019,CY 2019N-SGF,F:CY\N19,CY,20190715
CYQ2019,CY 2019Q-SGF,F:CY\Q19,CY,20190819
CYU2019,CY 2019U-SGF,F:CY\U19,CY,20190916
CYV2019,CY 2019V-SGF,F:CY\V19,CY,20191014
CYX2019,CY 2019X-SGF,F:CY\X19,CY,20191118
CYZ2019,CY 2019Z-SGF,F:CY\Z19,CY,20191216
CYF2020,CY 2020F-SGF,F:CY\F20,CY,20200113
CYG2020,CY 2020G-SGF,F:CY\G20,CY,20200217
CYH2020,CY 2020H-SGF,F:CY\H20,CY,20200316
CYJ2020,CY 2020J-SGF,F:CY\J20,CY,20200413
CYK2020,CY 2020K-SGF,F:CY\K20,CY,20200518
CYM2020,CY 2020M-SGF,F:CY\M20,CY,20200615
CYN2020,CY 2020N-SGF,F:CY\N20,CY,20200713
CYQ2020,CY 2020Q-SGF,F:CY\Q20,CY,20200817
CYU2020,CY 2020U-SGF,F:CY\U20,CY,20200914
CYV2020,CY 2020V-SGF,F:CY\V20,CY,20201019
CYX2020,CY 2020X-SGF,F:CY\X20,CY,20201116
CYZ2020,CY 2020Z-SGF,F:CY\Z20,CY,20201214
CYF2021,CY 2021F-SGF,F:CY\F21,CY,20210118
CYG2021,CY 2021G-SGF,F:CY\G21,CY,20210209
CYH2021,CY 2021H-SGF,F:CY\H21,CY,20210315
CYJ2021,CY 2021J-SGF,F:CY\J21,CY,20210419
CYK2021,CY 2021K-SGF,F:CY\K21,CY,20210517
CYM2021,CY 2021M-SGF,F:CY\M21,CY,20210611
CYN2021,CY 2021N-SGF,F:CY\N21,CY,20210719
CYQ2021,CY 2021Q-SGF,F:CY\Q21,CY,20210816
CYU2021,CY 2021U-SGF,F:CY\U21,CY,20210913
CYV2021,CY 2021V-SGF,F:CY\V21,CY,20211018
CYX2021,CY 2021X-SGF,F:CY\X21,CY,20211115
CYZ2021,CY 2021Z-SGF,F:CY\Z21,CY,20211213
CYF2022,CY 2022F-SGF,F:CY\F22,CY,20220117
CYG2022,CY 2022G-SGF,F:CY\G22,CY,20220214
CYH2022,CY 2022H-SGF,F:CY\H22,CY,20220314
CYJ2022,CY 2022J-SGF,F:CY\J22,CY,20220418
CYK2022,CY 2022K-SGF,F:CY\K22,CY,20220516
CYM2022,CY 2022M-SGF,F:CY\M22,CY,20220613
CYN2022,CY 2022N-SGF,F:CY\N22,CY,20220718
CYQ2022,CY 2022Q-SGF,F:CY\Q22,CY,20220815
CYU2022,CY 2022U-SGF,F:CY\U22,CY,20220919
CYV2022,CY 2022V-SGF,F:CY\V22,CY,20221017
CYX2022,CY 2022X-SGF,F:CY\X22,CY,20221114
CYZ2022,CY 2022Z-SGF,F:CY\Z22,CY,20221219
CYF2023,CY 2023F-SGF,F:CY\F23,CY,20230116
CYG2023,CY 2023G-SGF,F:CY\G23,CY,20230213
CYH2023,CY 2023H-SGF,F:CY\H23,CY,20230313
CYJ2023,CY 2023J-SGF,F:CY\J23,CY,20230417
CYK2023,CY 2023K-SGF,F:CY\K23,CY,20230515
CYM2023,CY 2023M-SGF,F:CY\M23,CY,20230619
CYN2023,CY 2023N-SGF,F:CY\N23,CY,20230717
CYQ2023,CY 2023Q-SGF,F:CY\Q23,CY,20230814
CYU2023,CY 2023U-SGF,F:CY\U23,CY,20230918
CYV2023,CY 2023V-SGF,F:CY\V23,CY,20231016
CYX2023,CY 2023X-SGF,F:CY\X23,CY,20231113
CYZ2023,CY 2023Z-SGF,F:CY\Z23,CY,20231218
CYH2024,CY 2024H-SGF,F:CY\H24,CY,20240318
CYM2024,CY 2024M-SGF,F:CY\M24,CY,20240617
CYU2024,CY 2024U-SGF,F:CY\U24,CY,20240913
CYZ2024,CY 2024Z-SGF,F:CY\Z24,CY,20241216
CYH2025,CY 2025H-SGF,F:CY\H25,CY,20250317
CYM2025,CY 2025M-SGF,F:CY\M25,CY,20250616
CYU2025,CY 2025U-SGF,F:CY\U25,CY,20250915
CYZ2025,CY 2025Z-SGF,F:CY\Z25,CY,20251215
ECF2017,EC 2017F-SGF,F:EC\F17,EC,20170116
ECG2017,EC 2017G-SGF,F:EC\G17,EC,20170213
ECH2017,EC 2017H-SGF,F:EC\H17,EC,20170313
ECJ2017,EC 2017J-SGF,F:EC\J17,EC,20170417
ECK2017,EC 2017K-SGF,F:EC\K17,EC,20170515
ECM2017,EC 2017M-SGF,F:EC\M17,EC,20170619
ECN2017,EC 2017N-SGF,F:EC\N17,EC,20170717
ECQ2017,EC 2017Q-SGF,F:EC\Q17,EC,20170814
ECU2017,EC 2017U-SGF,F:EC\U17,EC,20170918
ECV2017,EC 2017V-SGF,F:EC\V17,EC,20171016
ECX2017,EC 2017X-SGF,F:EC\X17,EC,20171113
ECZ2017,EC 2017Z-SGF,F:EC\Z17,EC,20171218
ECF2018,EC 2018F-SGF,F:EC\F18,EC,20180115
ECG2018,EC 2018G-SGF,F:EC\G18,EC,20180219
ECH2018,EC 2018H-SGF,F:EC\H18,EC,20180319
ECJ2018,EC 2018J-SGF,F:EC\J18,EC,20180416
ECK2018,EC 2018K-SGF,F:EC\K18,EC,20180514
ECM2018,EC 2018M-SGF,F:EC\M18,EC,20180618
ECN2018,EC 2018N-SGF,F:EC\N18,EC,20180716
ECQ2018,EC 2018Q-SGF,F:EC\Q18,EC,20180813
ECU2018,EC 2018U-SGF,F:EC\U18,EC,20180917
ECV2018,EC 2018V-SGF,F:EC\V18,EC,20181015
ECX2018,EC 2018X-SGF,F:EC\X18,EC,20181119
ECZ2018,EC 2018Z-SGF,F:EC\Z18,EC,20181217
ECF2019,EC 2019F-SGF,F:EC\F19,EC,20190114
ECG2019,EC 2019G-SGF,F:EC\G19,EC,20190218
ECH2019,EC 2019H-SGF,F:EC\H19,EC,20190318
ECJ2019,EC 2019J-SGF,F:EC\J19,EC,20190415
ECK2019,EC 2019K-SGF,F:EC\K19,EC,20190513
ECM2019,EC 2019M-SGF,F:EC\M19,EC,20190617
ECN2019,EC 2019N-SGF,F:EC\N19,EC,20190715
ECQ2019,EC 2019Q-SGF,F:EC\Q19,EC,20190819
ECU2019,EC 2019U-SGF,F:EC\U19,EC,20190916
ECV2019,EC 2019V-SGF,F:EC\V19,EC,20191014
ECX2019,EC 2019X-SGF,F:EC\X19,EC,20191118
ECZ2019,EC 2019Z-SGF,F:EC\Z19,EC,20191216
ECF2020,EC 2020F-SGF,F:EC\F20,EC,20200113
ECG2020,EC 2020G-SGF,F:EC\G20,EC,20200217
ECH2020,EC 2020H-SGF,F:EC\H20,EC,20200316
ECJ2020,EC 2020J-SGF,F:EC\J20,EC,20200409
ECK2020,EC 2020K-SGF,F:EC\K20,EC,20200518
ECM2020,EC 2020M-SGF,F:EC\M20,EC,20200615
ECN2020,EC 2020N-SGF,F:EC\N20,EC,20200713
ECQ2020,EC 2020Q-SGF,F:EC\Q20,EC,20200817
ECU2020,EC 2020U-SGF,F:EC\U20,EC,20200914
ECV2020,EC 2020V-SGF,F:EC\V20,EC,20201019
ECX2020,EC 2020X-SGF,F:EC\X20,EC,20201116
ECZ2020,EC 2020Z-SGF,F:EC\Z20,EC,20201214
ECF2021,EC 2021F-SGF,F:EC\F21,EC,20210118
ECG2021,EC 2021G-SGF,F:EC\G21,EC,20210211
ECH2021,EC 2021H-SGF,F:EC\H21,EC,20210315
ECJ2021,EC 2021J-SGF,F:EC\J21,EC,20210419
ECK2021,EC 2021K-SGF,F:EC\K21,EC,20210517
ECM2021,EC 2021M-SGF,F:EC\M21,EC,20210611
ECN2021,EC 2021N-SGF,F:EC\N21,EC,20210719
ECQ2021,EC 2021Q-SGF,F:EC\Q21,EC,20210816
ECU2021,EC 2021U-SGF,F:EC\U21,EC,20210913
ECV2021,EC 2021V-SGF,F:EC\V21,EC,20211018
ECX2021,EC 2021X-SGF,F:EC\X21,EC,20211115
ECZ2021,EC 2021Z-SGF,F:EC\Z21,EC,20211213
ECF2022,EC 2022F-SGF,F:EC\F22,EC,20220117
ECG2022,EC 2022G-SGF,F:EC\G22,EC,20220214
ECH2022,EC 2022H-SGF,F:EC\H22,EC,20220314
ECJ2022,EC 2022J-SGF,F:EC\J22,EC,20220414
ECK2022,EC 2022K-SGF,F:EC\K22,EC,20220516
ECM2022,EC 2022M-SGF,F:EC\M22,EC,20220613
ECN2022,EC 2022N-SGF,F:EC\N22,EC,20220718
ECQ2022,EC 2022Q-SGF,F:EC\Q22,EC,20220815
ECU2022,EC 2022U-SGF,F:EC\U22,EC,20220919
ECV2022,EC 2022V-SGF,F:EC\V22,EC,20221017
ECX2022,EC 2022X-SGF,F:EC\X22,EC,20221114
ECZ2022,EC 2022Z-SGF,F:EC\Z22,EC,20221219
ECF2023,EC 2023F-SGF,F:EC\F23,EC,20230116
ECG2023,EC 2023G-SGF,F:EC\G23,EC,20230213
ECH2023,EC 2023H-SGF,F:EC\H23,EC,20230313
ECJ2023,EC 2023J-SGF,F:EC\J23,EC,20230417
ECK2023,EC 2023K-SGF,F:EC\K23,EC,20230515
ECM2023,EC 2023M-SGF,F:EC\M23,EC,20230619
ECN2023,EC 2023N-SGF,F:EC\N23,EC,20230717
ECQ2023,EC 2023Q-SGF,F:EC\Q23,EC,20230814
ECU2023,EC 2023U-SGF,F:EC\U23,EC,20230918
ECV2023,EC 2023V-SGF,F:EC\V23,EC,20231016
ECX2023,EC 2023X-SGF,F:EC\X23,EC,20231113
ECZ2023,EC 2023Z-SGF,F:EC\Z23,EC,20231218
ECH2024,EC 2024H-SGF,F:EC\H24,EC,20240318
ECM2024,EC 2024M-SGF,F:EC\M24,EC,20240617
ECU2024,EC 2024U-SGF,F:EC\U24,EC,20240916
ECZ2024,EC 2024Z-SGF,F:EC\Z24,EC,20241216
ECH2025,EC 2025H-SGF,F:EC\H25,EC,20250317
ECM2025,EC 2025M-SGF,F:EC\M25,EC,20250616
ECU2025,EC 2025U-SGF,F:EC\U25,EC,20250915
ECZ2025,EC 2025Z-SGF,F:EC\Z25,EC,20251215
IDRU2017,IDR 2017U-SGF,F:IDR\U17,IDR,20170918
IDRV2017,IDR 2017V-SGF,F:IDR\V17,IDR,20171016
IDRX2017,IDR 2017X-SGF,F:IDR\X17,IDR,20171113
IDRZ2017,IDR 2017Z-SGF,F:IDR\Z17,IDR,20171218
IDRF2018,IDR 2018F-SGF,F:IDR\F18,IDR,20180115
IDRG2018,IDR 2018G-SGF,F:IDR\G18,IDR,20180219
IDRH2018,IDR 2018H-SGF,F:IDR\H18,IDR,20180319
IDRJ2018,IDR 2018J-SGF,F:IDR\J18,IDR,20180416
IDRK2018,IDR 2018K-SGF,F:IDR\K18,IDR,20180514
IDRM2018,IDR 2018M-SGF,F:IDR\M18,IDR,20180618
IDRN2018,IDR 2018N-SGF,F:IDR\N18,IDR,20180716
IDRQ2018,IDR 2018Q-SGF,F:IDR\Q18,IDR,20180813
IDRU2018,IDR 2018U-SGF,F:IDR\U18,IDR,20180917
IDRV2018,IDR 2018V-SGF,F:IDR\V18,IDR,20181015
IDRX2018,IDR 2018X-SGF,F:IDR\X18,IDR,20181119
IDRZ2018,IDR 2018Z-SGF,F:IDR\Z18,IDR,20181217
IDRF2019,IDR 2019F-SGF,F:IDR\F19,IDR,20190114
IDRG2019,IDR 2019G-SGF,F:IDR\G19,IDR,20190218
IDRH2019,IDR 2019H-SGF,F:IDR\H19,IDR,20190318
IDRJ2019,IDR 2019J-SGF,F:IDR\J19,IDR,20190415
IDRK2019,IDR 2019K-SGF,F:IDR\K19,IDR,20190513
IDRM2019,IDR 2019M-SGF,F:IDR\M19,IDR,20190617
IDRN2019,IDR 2019N-SGF,F:IDR\N19,IDR,20190715
IDRQ2019,IDR 2019Q-SGF,F:IDR\Q19,IDR,20190819
IDRU2019,IDR 2019U-SGF,F:IDR\U19,IDR,20190916
IDRV2019,IDR 2019V-SGF,F:IDR\V19,IDR,20191014
IDRX2019,IDR 2019X-SGF,F:IDR\X19,IDR,20191118
IDRZ2019,IDR 2019Z-SGF,F:IDR\Z19,IDR,20191216
IDRF2020,IDR 2020F-SGF,F:IDR\F20,IDR,20200113
IDRG2020,IDR 2020G-SGF,F:IDR\G20,IDR,20200217
IDRH2020,IDR 2020H-SGF,F:IDR\H20,IDR,20200316
IDRJ2020,IDR 2020J-SGF,F:IDR\J20,IDR,20200413
IDRK2020,IDR 2020K-SGF,F:IDR\K20,IDR,20200518
IDRM2020,IDR 2020M-SGF,F:IDR\M20,IDR,20200615
IDRN2020,IDR 2020N-SGF,F:IDR\N20,IDR,20200713
IDRQ2020,IDR 2020Q-SGF,F:IDR\Q20,IDR,20200814
IDRU2020,IDR 2020U-SGF,F:IDR\U20,IDR,20200914
IDRV2020,IDR 2020V-SGF,F:IDR\V20,IDR,20201019
IDRX2020,IDR 2020X-SGF,F:IDR\X20,IDR,20201116
IDRZ2020,IDR 2020Z-SGF,F:IDR\Z20,IDR,20201214
IDRF2021,IDR 2021F-SGF,F:IDR\F21,IDR,20210118
IDRG2021,IDR 2021G-SGF,F:IDR\G21,IDR,20210215
IDRH2021,IDR 2021H-SGF,F:IDR\H21,IDR,20210315
IDRJ2021,IDR 2021J-SGF,F:IDR\J21,IDR,20210419
IDRK2021,IDR 2021K-SGF,F:IDR\K21,IDR,20210517
IDRM2021,IDR 2021M-SGF,F:IDR\M21,IDR,20210614
IDRN2021,IDR 2021N-SGF,F:IDR\N21,IDR,20210716
IDRQ2021,IDR 2021Q-SGF,F:IDR\Q21,IDR,20210813
IDRU2021,IDR 2021U-SGF,F:IDR\U21,IDR,20210913
IDRV2021,IDR 2021V-SGF,F:IDR\V21,IDR,20211018
IDRX2021,IDR 2021X-SGF,F:IDR\X21,IDR,20211115
IDRZ2021,IDR 2021Z-SGF,F:IDR\Z21,IDR,20211213
IDRF2022,IDR 2022F-SGF,F:IDR\F22,IDR,20220117
IDRG2022,IDR 2022G-SGF,F:IDR\G22,IDR,20220214
IDRH2022,IDR 2022H-SGF,F:IDR\H22,IDR,20220314
IDRJ2022,IDR 2022J-SGF,F:IDR\J22,IDR,20220418
IDRK2022,IDR 2022K-SGF,F:IDR\K22,IDR,20220513
IDRM2022,IDR 2022M-SGF,F:IDR\M22,IDR,20220613
IDRN2022,IDR 2022N-SGF,F:IDR\N22,IDR,20220718
IDRQ2022,IDR 2022Q-SGF,F:IDR\Q22,IDR,20220815
IDRU2022,IDR 2022U-SGF,F:IDR\U22,IDR,20220919
IDRV2022,IDR 2022V-SGF,F:IDR\V22,IDR,20221017
IDRX2022,IDR 2022X-SGF,F:IDR\X22,IDR,20221114
IDRZ2022,IDR 2022Z-SGF,F:IDR\Z22,IDR,20221219
IDRF2023,IDR 2023F-SGF,F:IDR\F23,IDR,20230116
IDRG2023,IDR 2023G-SGF,F:IDR\G23,IDR,20230213
IDRH2023,IDR 2023H-SGF,F:IDR\H23,IDR,20230313
IDRJ2023,IDR 2023J-SGF,F:IDR\J23,IDR,20230417
IDRK2023,IDR 2023K-SGF,F:IDR\K23,IDR,20230515
IDRM2023,IDR 2023M-SGF,F:IDR\M23,IDR,20230619
IDRN2023,IDR 2023N-SGF,F:IDR\N23,IDR,20230717
IDRQ2023,IDR 2023Q-SGF,F:IDR\Q23,IDR,20230814
IDRU2023,IDR 2023U-SGF,F:IDR\U23,IDR,20230918
IDRV2023,IDR 2023V-SGF,F:IDR\V23,IDR,20231016
IDRX2023,IDR 2023X-SGF,F:IDR\X23,IDR,20231113
INRZ2020,INR 2020Z-SGF,F:INR\Z20,INR,20201214
INRF2021,INR 2021F-SGF,F:INR\F21,INR,20210118
INRG2021,INR 2021G-SGF,F:INR\G21,INR,20210215
INRH2021,INR 2021H-SGF,F:INR\H21,INR,20210315
INRJ2021,INR 2021J-SGF,F:INR\J21,INR,20210419
INRK2021,INR 2021K-SGF,F:INR\K21,INR,20210517
INRM2021,INR 2021M-SGF,F:INR\M21,INR,20210614
INRN2021,INR 2021N-SGF,F:INR\N21,INR,20210719
INRQ2021,INR 2021Q-SGF,F:INR\Q21,INR,20210813
INRU2021,INR 2021U-SGF,F:INR\U21,INR,20210913
INRV2021,INR 2021V-SGF,F:INR\V21,INR,20211014
INRX2021,INR 2021X-SGF,F:INR\X21,INR,20211115
INRZ2021,INR 2021Z-SGF,F:INR\Z21,INR,20211213
INRF2022,INR 2022F-SGF,F:INR\F22,INR,20220117
INRG2022,INR 2022G-SGF,F:INR\G22,INR,20220214
INRH2022,INR 2022H-SGF,F:INR\H22,INR,20220314
INRJ2022,INR 2022J-SGF,F:INR\J22,INR,20220418
INRK2022,INR 2022K-SGF,F:INR\K22,INR,20220513
INRM2022,INR 2022M-SGF,F:INR\M22,INR,20220613
INRN2022,INR 2022N-SGF,F:INR\N22,INR,20220718
INRQ2022,INR 2022Q-SGF,F:INR\Q22,INR,20220811
INRU2022,INR 2022U-SGF,F:INR\U22,INR,20220919
INRV2022,INR 2022V-SGF,F:INR\V22,INR,20221017
INRX2022,INR 2022X-SGF,F:INR\X22,INR,20221114
INRZ2022,INR 2022Z-SGF,F:INR\Z22,INR,20221219
INRF2023,INR 2023F-SGF,F:INR\F23,INR,20230116
INRG2023,INR 2023G-SGF,F:INR\G23,INR,20230213
INRH2023,INR 2023H-SGF,F:INR\H23,INR,20230313
INRJ2023,INR 2023J-SGF,F:INR\J23,INR,20230417
INRK2023,INR 2023K-SGF,F:INR\K23,INR,20230515
INRM2023,INR 2023M-SGF,F:INR\M23,INR,20230619
INRN2023,INR 2023N-SGF,F:INR\N23,INR,20230717
INRQ2023,INR 2023Q-SGF,F:INR\Q23,INR,20230811
INRU2023,INR 2023U-SGF,F:INR\U23,INR,20230915
INRV2023,INR 2023V-SGF,F:INR\V23,INR,20231016
INRX2023,INR 2023X-SGF,F:INR\X23,INR,20231110
IUU2014,IU 2014U-SGF,F:IU\U14,IU,20140915
IUV2014,IU 2014V-SGF,F:IU\V14,IU,20141013
IUX2014,IU 2014X-SGF,F:IU\X14,IU,20141117
IUZ2014,IU 2014Z-SGF,F:IU\Z14,IU,20141215
IUF2015,IU 2015F-SGF,F:IU\F15,IU,20150119
IUG2015,IU 2015G-SGF,F:IU\G15,IU,20150216
IUH2015,IU 2015H-SGF,F:IU\H15,IU,20150316
IUJ2015,IU 2015J-SGF,F:IU\J15,IU,20150413
IUK2015,IU 2015K-SGF,F:IU\K15,IU,20150518
IUM2015,IU 2015M-SGF,F:IU\M15,IU,20150615
IUN2015,IU 2015N-SGF,F:IU\N15,IU,20150713
IUQ2015,IU 2015Q-SGF,F:IU\Q15,IU,20150817
IUU2015,IU 2015U-SGF,F:IU\U15,IU,20150914
IUV2015,IU 2015V-SGF,F:IU\V15,IU,20151019
IUX2015,IU 2015X-SGF,F:IU\X15,IU,20151116
IUZ2015,IU 2015Z-SGF,F:IU\Z15,IU,20151214
IUF2016,IU 2016F-SGF,F:IU\F16,IU,20160115
IUG2016,IU 2016G-SGF,F:IU\G16,IU,20160212
IUH2016,IU 2016H-SGF,F:IU\H16,IU,20160314
IUJ2016,IU 2016J-SGF,F:IU\J16,IU,20160418
IUK2016,IU 2016K-SGF,F:IU\K16,IU,20160516
IUM2016,IU 2016M-SGF,F:IU\M16,IU,20160628
IUN2016,IU 2016N-SGF,F:IU\N16,IU,20160727
IUQ2016,IU 2016Q-SGF,F:IU\Q16,IU,20160829
IUU2016,IU 2016U-SGF,F:IU\U16,IU,20160928
IUV2016,IU 2016V-SGF,F:IU\V16,IU,20161026
IUX2016,IU 2016X-SGF,F:IU\X16,IU,20161128
IUZ2016,IU 2016Z-SGF,F:IU\Z16,IU,20161228
IUF2017,IU 2017F-SGF,F:IU\F17,IU,20170127
IUG2017,IU 2017G-SGF,F:IU\G17,IU,20170224
IUH2017,IU 2017H-SGF,F:IU\H17,IU,20170329
IUJ2017,IU 2017J-SGF,F:IU\J17,IU,20170426
IUK2017,IU 2017K-SGF,F:IU\K17,IU,20170529
IUM2017,IU 2017M-SGF,F:IU\M17,IU,20170628
IUN2017,IU 2017N-SGF,F:IU\N17,IU,20170727
IUQ2017,IU 2017Q-SGF,F:IU\Q17,IU,20170829
IUU2017,IU 2017U-SGF,F:IU\U17,IU,20170927
IUV2017,IU 2017V-SGF,F:IU\V17,IU,20171027
IUX2017,IU 2017X-SGF,F:IU\X17,IU,20171128
IUZ2017,IU 2017Z-SGF,F:IU\Z17,IU,20171227
IUF2018,IU 2018F-SGF,F:IU\F18,IU,20180129
IUG2018,IU 2018G-SGF,F:IU\G18,IU,20180226
IUH2018,IU 2018H-SGF,F:IU\H18,IU,20180326
IUJ2018,IU 2018J-SGF,F:IU\J18,IU,20180426
IUK2018,IU 2018K-SGF,F:IU\K18,IU,20180529
IUM2018,IU 2018M-SGF,F:IU\M18,IU,20180627
IUN2018,IU 2018N-SGF,F:IU\N18,IU,20180727
IUQ2018,IU 2018Q-SGF,F:IU\Q18,IU,20180829
IUU2018,IU 2018U-SGF,F:IU\U18,IU,20180926
IUV2018,IU 2018V-SGF,F:IU\V18,IU,20181029
IUX2018,IU 2018X-SGF,F:IU\X18,IU,20181128
IUZ2018,IU 2018Z-SGF,F:IU\Z18,IU,20181227
IUF2019,IU 2019F-SGF,F:IU\F19,IU,20190129
IUG2019,IU 2019G-SGF,F:IU\G19,IU,20190226
IUH2019,IU 2019H-SGF,F:IU\H19,IU,20190327
IUJ2019,IU 2019J-SGF,F:IU\J19,IU,20190425
IUK2019,IU 2019K-SGF,F:IU\K19,IU,20190529
IUM2019,IU 2019M-SGF,F:IU\M19,IU,20190626
IUN2019,IU 2019N-SGF,F:IU\N19,IU,20190729
IUQ2019,IU 2019Q-SGF,F:IU\Q19,IU,20190828
IUU2019,IU 2019U-SGF,F:IU\U19,IU,20190926
IUV2019,IU 2019V-SGF,F:IU\V19,IU,20191029
IUX2019,IU 2019X-SGF,F:IU\X19,IU,20191128
IUZ2019,IU 2019Z-SGF,F:IU\Z19,IU,20191230
IUF2020,IU 2020F-SGF,F:IU\F20,IU,20200130
IUG2020,IU 2020G-SGF,F:IU\G20,IU,20200227
IUH2020,IU 2020H-SGF,F:IU\H20,IU,20200330
IUJ2020,IU 2020J-SGF,F:IU\J20,IU,20200429
IUK2020,IU 2020K-SGF,F:IU\K20,IU,20200528
IUM2020,IU 2020M-SGF,F:IU\M20,IU,20200629
IUN2020,IU 2020N-SGF,F:IU\N20,IU,20200729
IUQ2020,IU 2020Q-SGF,F:IU\Q20,IU,20200828
IUU2020,IU 2020U-SGF,F:IU\U20,IU,20200929
IUV2020,IU 2020V-SGF,F:IU\V20,IU,20201027
IUX2020,IU 2020X-SGF,F:IU\X20,IU,20201125
IUZ2020,IU 2020Z-SGF,F:IU\Z20,IU,20201229
IUF2021,IU 2021F-SGF,F:IU\F21,IU,20210127
IUG2021,IU 2021G-SGF,F:IU\G21,IU,20210224
IUH2021,IU 2021H-SGF,F:IU\H21,IU,20210326
IUJ2021,IU 2021J-SGF,F:IU\J21,IU,20210428
IUK2021,IU 2021K-SGF,F:IU\K21,IU,20210527
IUM2021,IU 2021M-SGF,F:IU\M21,IU,20210628
IUN2021,IU 2021N-SGF,F:IU\N21,IU,20210728
IUQ2021,IU 2021Q-SGF,F:IU\Q21,IU,20210827
IUU2021,IU 2021U-SGF,F:IU\U21,IU,20210928
IUV2021,IU 2021V-SGF,F:IU\V21,IU,20211027
IUX2021,IU 2021X-SGF,F:IU\X21,IU,20211126
IUZ2021,IU 2021Z-SGF,F:IU\Z21,IU,20211229
IUF2022,IU 2022F-SGF,F:IU\F22,IU,20220127
IUG2022,IU 2022G-SGF,F:IU\G22,IU,20220224
IUH2022,IU 2022H-SGF,F:IU\H22,IU,20220329
IUJ2022,IU 2022J-SGF,F:IU\J22,IU,20220427
IUK2022,IU 2022K-SGF,F:IU\K22,IU,20220527
IUM2022,IU 2022M-SGF,F:IU\M22,IU,20220628
IUN2022,IU 2022N-SGF,F:IU\N22,IU,20220727
IUQ2022,IU 2022Q-SGF,F:IU\Q22,IU,20220826
IUU2022,IU 2022U-SGF,F:IU\U22,IU,20220928
IUV2022,IU 2022V-SGF,F:IU\V22,IU,20221027
IUX2022,IU 2022X-SGF,F:IU\X22,IU,20221128
IUZ2022,IU 2022Z-SGF,F:IU\Z22,IU,20221228
IUF2023,IU 2023F-SGF,F:IU\F23,IU,20230127
IUG2023,IU 2023G-SGF,F:IU\G23,IU,20230224
IUH2023,IU 2023H-SGF,F:IU\H23,IU,20230328
IUJ2023,IU 2023J-SGF,F:IU\J23,IU,20230426
IUK2023,IU 2023K-SGF,F:IU\K23,IU,20230529
IUM2023,IU 2023M-SGF,F:IU\M23,IU,20230627
IUN2023,IU 2023N-SGF,F:IU\N23,IU,20230726
IUQ2023,IU 2023Q-SGF,F:IU\Q23,IU,20230829
IUU2023,IU 2023U-SGF,F:IU\U23,IU,20230926
IUV2023,IU 2023V-SGF,F:IU\V23,IU,20231027
KJU2014,KJ 2014U-SGF,F:KJ\U14,KJ,20140915
KJV2014,KJ 2014V-SGF,F:KJ\V14,KJ,20141013
KJX2014,KJ 2014X-SGF,F:KJ\X14,KJ,20141117
KJZ2014,KJ 2014Z-SGF,F:KJ\Z14,KJ,20141215
KJF2015,KJ 2015F-SGF,F:KJ\F15,KJ,20150119
KJG2015,KJ 2015G-SGF,F:KJ\G15,KJ,20150216
KJH2015,KJ 2015H-SGF,F:KJ\H15,KJ,20150316
KJJ2015,KJ 2015J-SGF,F:KJ\J15,KJ,20150413
KJK2015,KJ 2015K-SGF,F:KJ\K15,KJ,20150518
KJM2015,KJ 2015M-SGF,F:KJ\M15,KJ,20150615
KJN2015,KJ 2015N-SGF,F:KJ\N15,KJ,20150713
KJQ2015,KJ 2015Q-SGF,F:KJ\Q15,KJ,20150817
KJU2015,KJ 2015U-SGF,F:KJ\U15,KJ,20150914
KJV2015,KJ 2015V-SGF,F:KJ\V15,KJ,20151019
KJX2015,KJ 2015X-SGF,F:KJ\X15,KJ,20151116
KJZ2015,KJ 2015Z-SGF,F:KJ\Z15,KJ,20151214
KJF2016,KJ 2016F-SGF,F:KJ\F16,KJ,20160115
KJG2016,KJ 2016G-SGF,F:KJ\G16,KJ,20160212
KJH2016,KJ 2016H-SGF,F:KJ\H16,KJ,20160314
KJJ2016,KJ 2016J-SGF,F:KJ\J16,KJ,20160418
KJK2016,KJ 2016K-SGF,F:KJ\K16,KJ,20160516
KJM2016,KJ 2016M-SGF,F:KJ\M16,KJ,20160613
KJN2016,KJ 2016N-SGF,F:KJ\N16,KJ,20160718
KJQ2016,KJ 2016Q-SGF,F:KJ\Q16,KJ,20160815
KJU2016,KJ 2016U-SGF,F:KJ\U16,KJ,20160919
KJV2016,KJ 2016V-SGF,F:KJ\V16,KJ,20161017
KJX2016,KJ 2016X-SGF,F:KJ\X16,KJ,20161114
KJZ2016,KJ 2016Z-SGF,F:KJ\Z16,KJ,20161219
KJF2017,KJ 2017F-SGF,F:KJ\F17,KJ,20170116
KJG2017,KJ 2017G-SGF,F:KJ\G17,KJ,20170213
KJH2017,KJ 2017H-SGF,F:KJ\H17,KJ,20170313
KJJ2017,KJ 2017J-SGF,F:KJ\J17,KJ,20170417
KJK2017,KJ 2017K-SGF,F:KJ\K17,KJ,20170515
KJM2017,KJ 2017M-SGF,F:KJ\M17,KJ,20170619
KJN2017,KJ 2017N-SGF,F:KJ\N17,KJ,20170717
KJQ2017,KJ 2017Q-SGF,F:KJ\Q17,KJ,20170814
KJU2017,KJ 2017U-SGF,F:KJ\U17,KJ,20170918
KJV2017,KJ 2017V-SGF,F:KJ\V17,KJ,20171016
KJX2017,KJ 2017X-SGF,F:KJ\X17,KJ,20171113
KJZ2017,KJ 2017Z-SGF,F:KJ\Z17,KJ,20171218
KJF2018,KJ 2018F-SGF,F:KJ\F18,KJ,20180115
KJG2018,KJ 2018G-SGF,F:KJ\G18,KJ,20180219
KJH2018,KJ 2018H-SGF,F:KJ\H18,KJ,20180319
KJJ2018,KJ 2018J-SGF,F:KJ\J18,KJ,20180416
KJK2018,KJ 2018K-SGF,F:KJ\K18,KJ,20180514
KJM2018,KJ 2018M-SGF,F:KJ\M18,KJ,20180618
KJN2018,KJ 2018N-SGF,F:KJ\N18,KJ,20180716
KJQ2018,KJ 2018Q-SGF,F:KJ\Q18,KJ,20180813
KJU2018,KJ 2018U-SGF,F:KJ\U18,KJ,20180917
KJV2018,KJ 2018V-SGF,F:KJ\V18,KJ,20181015
KJX2018,KJ 2018X-SGF,F:KJ\X18,KJ,20181119
KJZ2018,KJ 2018Z-SGF,F:KJ\Z18,KJ,20181217
KJF2019,KJ 2019F-SGF,F:KJ\F19,KJ,20190114
KJG2019,KJ 2019G-SGF,F:KJ\G19,KJ,20190218
KJH2019,KJ 2019H-SGF,F:KJ\H19,KJ,20190318
KJJ2019,KJ 2019J-SGF,F:KJ\J19,KJ,20190415
KJK2019,KJ 2019K-SGF,F:KJ\K19,KJ,20190513
KJM2019,KJ 2019M-SGF,F:KJ\M19,KJ,20190617
KJN2019,KJ 2019N-SGF,F:KJ\N19,KJ,20190715
KJQ2019,KJ 2019Q-SGF,F:KJ\Q19,KJ,20190819
KJU2019,KJ 2019U-SGF,F:KJ\U19,KJ,20190916
KJV2019,KJ 2019V-SGF,F:KJ\V19,KJ,20191021
KJX2019,KJ 2019X-SGF,F:KJ\X19,KJ,20191118
KJZ2019,KJ 2019Z-SGF,F:KJ\Z19,KJ,20191216
KJF2020,KJ 2020F-SGF,F:KJ\F20,KJ,20200120
KJG2020,KJ 2020G-SGF,F:KJ\G20,KJ,20200217
KJH2020,KJ 2020H-SGF,F:KJ\H20,KJ,20200316
KJJ2020,KJ 2020J-SGF,F:KJ\J20,KJ,20200420
KJK2020,KJ 2020K-SGF,F:KJ\K20,KJ,20200518
KJM2020,KJ 2020M-SGF,F:KJ\M20,KJ,20200615
KJN2020,KJ 2020N-SGF,F:KJ\N20,KJ,20200720
KJQ2020,KJ 2020Q-SGF,F:KJ\Q20,KJ,20200814
KJU2020,KJ 2020U-SGF,F:KJ\U20,KJ,20200921
KJV2020,KJ 2020V-SGF,F:KJ\V20,KJ,20201019
KJX2020,KJ 2020X-SGF,F:KJ\X20,KJ,20201116
KJZ2020,KJ 2020Z-SGF,F:KJ\Z20,KJ,20201221
KJF2021,KJ 2021F-SGF,F:KJ\F21,KJ,20210118
KJG2021,KJ 2021G-SGF,F:KJ\G21,KJ,20210215
KJH2021,KJ 2021H-SGF,F:KJ\H21,KJ,20210315
KJJ2021,KJ 2021J-SGF,F:KJ\J21,KJ,20210419
KJK2021,KJ 2021K-SGF,F:KJ\K21,KJ,20210517
KJM2021,KJ 2021M-SGF,F:KJ\M21,KJ,20210621
KJN2021,KJ 2021N-SGF,F:KJ\N21,KJ,20210719
KJQ2021,KJ 2021Q-SGF,F:KJ\Q21,KJ,20210813
KJU2021,KJ 2021U-SGF,F:KJ\U21,KJ,20210917
KJV2021,KJ 2021V-SGF,F:KJ\V21,KJ,20211018
KJX2021,KJ 2021X-SGF,F:KJ\X21,KJ,20211115
KJZ2021,KJ 2021Z-SGF,F:KJ\Z21,KJ,20211220
KJF2022,KJ 2022F-SGF,F:KJ\F22,KJ,20220117
KJG2022,KJ 2022G-SGF,F:KJ\G22,KJ,20220221
KJH2022,KJ 2022H-SGF,F:KJ\H22,KJ,20220321
KJJ2022,KJ 2022J-SGF,F:KJ\J22,KJ,20220418
KJK2022,KJ 2022K-SGF,F:KJ\K22,KJ,20220516
KJM2022,KJ 2022M-SGF,F:KJ\M22,KJ,20220620
KJN2022,KJ 2022N-SGF,F:KJ\N22,KJ,20220718
KJQ2022,KJ 2022Q-SGF,F:KJ\Q22,KJ,20220812
KJU2022,KJ 2022U-SGF,F:KJ\U22,KJ,20220919
KJV2022,KJ 2022V-SGF,F:KJ\V22,KJ,20221017
KJX2022,KJ 2022X-SGF,F:KJ\X22,KJ,20221121
KJZ2022,KJ 2022Z-SGF,F:KJ\Z22,KJ,20221219
KJF2023,KJ 2023F-SGF,F:KJ\F23,KJ,20230116
KJG2023,KJ 2023G-SGF,F:KJ\G23,KJ,20230220
KJH2023,KJ 2023H-SGF,F:KJ\H23,KJ,20230320
KJJ2023,KJ 2023J-SGF,F:KJ\J23,KJ,20230417
KJK2023,KJ 2023K-SGF,F:KJ\K23,KJ,20230515
KJM2023,KJ 2023M-SGF,F:KJ\M23,KJ,20230619
KJN2023,KJ 2023N-SGF,F:KJ\N23,KJ,20230717
KJQ2023,KJ 2023Q-SGF,F:KJ\Q23,KJ,20230821
KJU2023,KJ 2023U-SGF,F:KJ\U23,KJ,20230918
KJV2023,KJ 2023V-SGF,F:KJ\V23,KJ,20231016
KJX2023,KJ 2023X-SGF,F:KJ\X23,KJ,20231120
KRWQ2020,KRW 2020Q14-SGF,F:KRW\Q20,KRW,20200814
KRWU2020,KRW 2020U21-SGF,F:KRW\U20,KRW,20200921
KRWV2020,KRW 2020V19-SGF,F:KRW\V20,KRW,20201019
KRWX2020,KRW 2020X16-SGF,F:KRW\X20,KRW,20201116
KRWZ2020,KRW 2020Z21-SGF,F:KRW\Z20,KRW,20201221
KRWF2021,KRW 2021F-SGF,F:KRW\F21,KRW,20210131
KRWG2021,KRW 2021G-SGF,F:KRW\G21,KRW,20210228
KRWH2021,KRW 2021H-SGF,F:KRW\H21,KRW,20210331
KRWJ2021,KRW 2021J-SGF,F:KRW\J21,KRW,20210430
KRWK2021,KRW 2021K-SGF,F:KRW\K21,KRW,20210531
KRWM2021,KRW 2021M21-SGF,F:KRW\M21,KRW,20210621
KRWN2021,KRW 2021N-SGF,F:KRW\N21,KRW,20210731
KRWQ2021,KRW 2021Q13-SGF,F:KRW\Q21,KRW,20210813
KRWU2021,KRW 2021U-SGF,F:KRW\U21,KRW,20210917
KRWV2021,KRW 2021V18-SGF,F:KRW\V21,KRW,20211018
KRWX2021,KRW 2021X-SGF,F:KRW\X21,KRW,20211130
KRWZ2021,KRW 2021Z-SGF,F:KRW\Z21,KRW,20211220
KRWF2022,KRW 2022F-SGF,F:KRW\F22,KRW,20220117
KRWG2022,KRW 2022G-SGF,F:KRW\G22,KRW,20220221
KRWH2022,KRW 2022H-SGF,F:KRW\H22,KRW,20220321
KRWJ2022,KRW 2022J-SGF,F:KRW\J22,KRW,20220418
KRWK2022,KRW 2022K-SGF,F:KRW\K22,KRW,20220516
KRWM2022,KRW 2022M-SGF,F:KRW\M22,KRW,20220620
KRWN2022,KRW 2022N-SGF,F:KRW\N22,KRW,20220718
KRWQ2022,KRW 2022Q-SGF,F:KRW\Q22,KRW,20220812
KRWU2022,KRW 2022U-SGF,F:KRW\U22,KRW,20220919
KRWV2022,KRW 2022V-SGF,F:KRW\V22,KRW,20221017
KRWX2022,KRW 2022X-SGF,F:KRW\X22,KRW,20221121
KRWZ2022,KRW 2022Z-SGF,F:KRW\Z22,KRW,20221219
KRWF2023,KRW 2023F-SGF,F:KRW\F23,KRW,20230116
KRWG2023,KRW 2023G-SGF,F:KRW\G23,KRW,20230220
KRWH2023,KRW 2023H-SGF,F:KRW\H23,KRW,20230320
KRWJ2023,KRW 2023J-SGF,F:KRW\J23,KRW,20230417
KRWK2023,KRW 2023K-SGF,F:KRW\K23,KRW,20230515
KRWM2023,KRW 2023M-SGF,F:KRW\M23,KRW,20230619
KRWN2023,KRW 2023N-SGF,F:KRW\N23,KRW,20230717
KRWQ2023,KRW 2023Q-SGF,F:KRW\Q23,KRW,20230821
KRWU2023,KRW 2023U-SGF,F:KRW\U23,KRW,20230918
KRWV2023,KRW 2023V-SGF,F:KRW\V23,KRW,20231016
KRWX2023,KRW 2023X-SGF,F:KRW\X23,KRW,20231120
KUU2014,KU 2014U-SGF,F:KU\U14,KU,20140915
KUV2014,KU 2014V-SGF,F:KU\V14,KU,20141013
KUX2014,KU 2014X-SGF,F:KU\X14,KU,20141117
KUZ2014,KU 2014Z-SGF,F:KU\Z14,KU,20141215
KUF2015,KU 2015F-SGF,F:KU\F15,KU,20150119
KUG2015,KU 2015G-SGF,F:KU\G15,KU,20150216
KUH2015,KU 2015H-SGF,F:KU\H15,KU,20150316
KUJ2015,KU 2015J-SGF,F:KU\J15,KU,20150413
KUK2015,KU 2015K-SGF,F:KU\K15,KU,20150518
KUM2015,KU 2015M-SGF,F:KU\M15,KU,20150615
KUN2015,KU 2015N-SGF,F:KU\N15,KU,20150713
KUQ2015,KU 2015Q-SGF,F:KU\Q15,KU,20150817
KUU2015,KU 2015U-SGF,F:KU\U15,KU,20150914
KUV2015,KU 2015V-SGF,F:KU\V15,KU,20151019
KUX2015,KU 2015X-SGF,F:KU\X15,KU,20151116
KUZ2015,KU 2015Z-SGF,F:KU\Z15,KU,20151214
KUF2016,KU 2016F-SGF,F:KU\F16,KU,20160115
KUG2016,KU 2016G-SGF,F:KU\G16,KU,20160212
KUH2016,KU 2016H-SGF,F:KU\H16,KU,20160314
KUJ2016,KU 2016J-SGF,F:KU\J16,KU,20160418
KUK2016,KU 2016K-SGF,F:KU\K16,KU,20160516
KUM2016,KU 2016M-SGF,F:KU\M16,KU,20160613
KUN2016,KU 2016N-SGF,F:KU\N16,KU,20160718
KUQ2016,KU 2016Q-SGF,F:KU\Q16,KU,20160815
KUU2016,KU 2016U-SGF,F:KU\U16,KU,20160919
KUV2016,KU 2016V-SGF,F:KU\V16,KU,20161017
KUX2016,KU 2016X-SGF,F:KU\X16,KU,20161114
KUZ2016,KU 2016Z-SGF,F:KU\Z16,KU,20161219
KUF2017,KU 2017F-SGF,F:KU\F17,KU,20170116
KUG2017,KU 2017G-SGF,F:KU\G17,KU,20170213
KUH2017,KU 2017H-SGF,F:KU\H17,KU,20170313
KUJ2017,KU 2017J-SGF,F:KU\J17,KU,20170417
KUK2017,KU 2017K-SGF,F:KU\K17,KU,20170515
KUM2017,KU 2017M-SGF,F:KU\M17,KU,20170619
KUN2017,KU 2017N-SGF,F:KU\N17,KU,20170717
KUQ2017,KU 2017Q-SGF,F:KU\Q17,KU,20170814
KUU2017,KU 2017U-SGF,F:KU\U17,KU,20170918
KUV2017,KU 2017V-SGF,F:KU\V17,KU,20171016
KUX2017,KU 2017X-SGF,F:KU\X17,KU,20171113
KUZ2017,KU 2017Z-SGF,F:KU\Z17,KU,20171218
KUF2018,KU 2018F-SGF,F:KU\F18,KU,20180115
KUG2018,KU 2018G-SGF,F:KU\G18,KU,20180219
KUH2018,KU 2018H-SGF,F:KU\H18,KU,20180319
KUJ2018,KU 2018J-SGF,F:KU\J18,KU,20180416
KUK2018,KU 2018K-SGF,F:KU\K18,KU,20180514
KUM2018,KU 2018M-SGF,F:KU\M18,KU,20180618
KUN2018,KU 2018N-SGF,F:KU\N18,KU,20180716
KUQ2018,KU 2018Q-SGF,F:KU\Q18,KU,20180813
KUU2018,KU 2018U-SGF,F:KU\U18,KU,20180917
KUV2018,KU 2018V-SGF,F:KU\V18,KU,20181015
KUX2018,KU 2018X-SGF,F:KU\X18,KU,20181119
KUZ2018,KU 2018Z-SGF,F:KU\Z18,KU,20181217
KUF2019,KU 2019F-SGF,F:KU\F19,KU,20190114
KUG2019,KU 2019G-SGF,F:KU\G19,KU,20190218
KUH2019,KU 2019H-SGF,F:KU\H19,KU,20190318
KUJ2019,KU 2019J-SGF,F:KU\J19,KU,20190415
KUK2019,KU 2019K-SGF,F:KU\K19,KU,20190513
KUM2019,KU 2019M-SGF,F:KU\M19,KU,20190617
KUN2019,KU 2019N-SGF,F:KU\N19,KU,20190715
KUQ2019,KU 2019Q-SGF,F:KU\Q19,KU,20190819
KUU2019,KU 2019U-SGF,F:KU\U19,KU,20190916
KUV2019,KU 2019V-SGF,F:KU\V19,KU,20191021
KUX2019,KU 2019X-SGF,F:KU\X19,KU,20191118
KUZ2019,KU 2019Z-SGF,F:KU\Z19,KU,20191216
KUF2020,KU 2020F-SGF,F:KU\F20,KU,20200120
KUG2020,KU 2020G-SGF,F:KU\G20,KU,20200217
KUH2020,KU 2020H-SGF,F:KU\H20,KU,20200316
KUJ2020,KU 2020J-SGF,F:KU\J20,KU,20200420
KUK2020,KU 2020K-SGF,F:KU\K20,KU,20200518
KUM2020,KU 2020M-SGF,F:KU\M20,KU,20200615
KUN2020,KU 2020N-SGF,F:KU\N20,KU,20200720
KUQ2020,KU 2020Q-SGF,F:KU\Q20,KU,20200814
KUU2020,KU 2020U-SGF,F:KU\U20,KU,20200921
KUV2020,KU 2020V-SGF,F:KU\V20,KU,20201019
KUX2020,KU 2020X-SGF,F:KU\X20,KU,20201116
KUZ2020,KU 2020Z-SGF,F:KU\Z20,KU,20201221
KUF2021,KU 2021F-SGF,F:KU\F21,KU,20210118
KUG2021,KU 2021G-SGF,F:KU\G21,KU,20210215
KUH2021,KU 2021H-SGF,F:KU\H21,KU,20210315
KUJ2021,KU 2021J-SGF,F:KU\J21,KU,20210419
KUK2021,KU 2021K-SGF,F:KU\K21,KU,20210517
KUM2021,KU 2021M-SGF,F:KU\M21,KU,20210621
KUN2021,KU 2021N-SGF,F:KU\N21,KU,20210719
KUQ2021,KU 2021Q-SGF,F:KU\Q21,KU,20210813
KUU2021,KU 2021U-SGF,F:KU\U21,KU,20210917
KUV2021,KU 2021V-SGF,F:KU\V21,KU,20211018
KUX2021,KU 2021X-SGF,F:KU\X21,KU,20211115
KUZ2021,KU 2021Z-SGF,F:KU\Z21,KU,20211220
KUF2022,KU 2022F-SGF,F:KU\F22,KU,20220117
KUG2022,KU 2022G-SGF,F:KU\G22,KU,20220221
KUH2022,KU 2022H-SGF,F:KU\H22,KU,20220321
KUJ2022,KU 2022J-SGF,F:KU\J22,KU,20220418
KUK2022,KU 2022K-SGF,F:KU\K22,KU,20220516
KUM2022,KU 2022M-SGF,F:KU\M22,KU,20220620
KUN2022,KU 2022N-SGF,F:KU\N22,KU,20220718
KUQ2022,KU 2022Q-SGF,F:KU\Q22,KU,20220812
KUU2022,KU 2022U-SGF,F:KU\U22,KU,20220919
KUV2022,KU 2022V-SGF,F:KU\V22,KU,20221017
KUX2022,KU 2022X-SGF,F:KU\X22,KU,20221121
KUZ2022,KU 2022Z-SGF,F:KU\Z22,KU,20221219
KUF2023,KU 2023F-SGF,F:KU\F23,KU,20230116
KUG2023,KU 2023G-SGF,F:KU\G23,KU,20230220
KUH2023,KU 2023H-SGF,F:KU\H23,KU,20230320
KUJ2023,KU 2023J-SGF,F:KU\J23,KU,20230417
KUK2023,KU 2023K-SGF,F:KU\K23,KU,20230515
KUM2023,KU 2023M-SGF,F:KU\M23,KU,20230619
KUN2023,KU 2023N-SGF,F:KU\N23,KU,20230717
KUQ2023,KU 2023Q-SGF,F:KU\Q23,KU,20230821
KUU2023,KU 2023U-SGF,F:KU\U23,KU,20230918
KUV2023,KU 2023V-SGF,F:KU\V23,KU,20231016
KUX2023,KU 2023X-SGF,F:KU\X23,KU,20231120
MUCM2021,MUC 2021M-SGF,F:MUC\M21,MUC,20210611
MUCN2021,MUC 2021N-SGF,F:MUC\N21,MUC,20210719
MUCQ2021,MUC 2021Q-SGF,F:MUC\Q21,MUC,20210816
MUCU2021,MUC 2021U-SGF,F:MUC\U21,MUC,20210913
MUCV2021,MUC 2021V-SGF,F:MUC\V21,MUC,20211018
MUCX2021,MUC 2021X-SGF,F:MUC\X21,MUC,20211115
MUCZ2021,MUC 2021Z-SGF,F:MUC\Z21,MUC,20211213
MUCF2022,MUC 2022F-SGF,F:MUC\F22,MUC,20220117
MUCG2022,MUC 2022G-SGF,F:MUC\G22,MUC,20220214
MUCH2022,MUC 2022H-SGF,F:MUC\H22,MUC,20220314
MUCJ2022,MUC 2022J-SGF,F:MUC\J22,MUC,20220414
MUCK2022,MUC 2022K-SGF,F:MUC\K22,MUC,20220516
MUCM2022,MUC 2022M-SGF,F:MUC\M22,MUC,20220613
MUCN2022,MUC 2022N-SGF,F:MUC\N22,MUC,20220718
MUCQ2022,MUC 2022Q-SGF,F:MUC\Q22,MUC,20220815
MUCU2022,MUC 2022U-SGF,F:MUC\U22,MUC,20220919
MUCV2022,MUC 2022V-SGF,F:MUC\V22,MUC,20221017
MUCX2022,MUC 2022X-SGF,F:MUC\X22,MUC,20221114
MUCZ2022,MUC 2022Z-SGF,F:MUC\Z22,MUC,20221219
MUCF2023,MUC 2023F-SGF,F:MUC\F23,MUC,20230116
MUCG2023,MUC 2023G-SGF,F:MUC\G23,MUC,20230213
MUCH2023,MUC 2023H-SGF,F:MUC\H23,MUC,20230313
MUCJ2023,MUC 2023J-SGF,F:MUC\J23,MUC,20230417
MUCK2023,MUC 2023K-SGF,F:MUC\K23,MUC,20230515
MUCM2023,MUC 2023M-SGF,F:MUC\M23,MUC,20230619
MUCN2023,MUC 2023N-SGF,F:MUC\N23,MUC,20230717
MUCQ2023,MUC 2023Q-SGF,F:MUC\Q23,MUC,20230814
MUCU2023,MUC 2023U-SGF,F:MUC\U23,MUC,20230918
MUCV2023,MUC 2023V-SGF,F:MUC\V23,MUC,20231016
MUCX2023,MUC 2023X-SGF,F:MUC\X23,MUC,20231113
MUCZ2023,MUC 2023Z-SGF,F:MUC\Z23,MUC,20231218
MUCH2024,MUC 2024H-SGF,F:MUC\H24,MUC,20240318
MUCM2024,MUC 2024M-SGF,F:MUC\M24,MUC,20240617
MUCU2024,MUC 2024U-SGF,F:MUC\U24,MUC,20240916
MUCZ2024,MUC 2024Z-SGF,F:MUC\Z24,MUC,20241216
MUCH2025,MUC 2025H-SGF,F:MUC\H25,MUC,20250317
MUCM2025,MUC 2025M-SGF,F:MUC\M25,MUC,20250616
MUCU2025,MUC 2025U-SGF,F:MUC\U25,MUC,20250915
MUCZ2025,MUC 2025Z-SGF,F:MUC\Z25,MUC,20251215
MYRQ2017,MYR 2017Q-SGF,F:MYR\Q17,MYR,20170815
MYRU2017,MYR 2017U-SGF,F:MYR\U17,MYR,20170915
MYRV2017,MYR 2017V-SGF,F:MYR\V17,MYR,20171016
MYRX2017,MYR 2017X-SGF,F:MYR\X17,MYR,20171115
MYRZ2017,MYR 2017Z-SGF,F:MYR\Z17,MYR,20171215
MYRF2018,MYR 2018F-SGF,F:MYR\F18,MYR,20180115
MYRG2018,MYR 2018G-SGF,F:MYR\G18,MYR,20180215
MYRH2018,MYR 2018H-SGF,F:MYR\H18,MYR,20180315
MYRJ2018,MYR 2018J-SGF,F:MYR\J18,MYR,20180416
MYRK2018,MYR 2018K-SGF,F:MYR\K18,MYR,20180515
MYRM2018,MYR 2018M-SGF,F:MYR\M18,MYR,20180615
MYRN2018,MYR 2018N-SGF,F:MYR\N18,MYR,20180716
MYRQ2018,MYR 2018Q-SGF,F:MYR\Q18,MYR,20180815
MYRU2018,MYR 2018U-SGF,F:MYR\U18,MYR,20180917
MYRV2018,MYR 2018V-SGF,F:MYR\V18,MYR,20181015
MYRX2018,MYR 2018X-SGF,F:MYR\X18,MYR,20181115
MYRZ2018,MYR 2018Z-SGF,F:MYR\Z18,MYR,20181217
MYRF2019,MYR 2019F-SGF,F:MYR\F19,MYR,20190115
MYRG2019,MYR 2019G-SGF,F:MYR\G19,MYR,20190215
MYRH2019,MYR 2019H-SGF,F:MYR\H19,MYR,20190315
MYRJ2019,MYR 2019J-SGF,F:MYR\J19,MYR,20190415
MYRK2019,MYR 2019K-SGF,F:MYR\K19,MYR,20190515
MYRM2019,MYR 2019M-SGF,F:MYR\M19,MYR,20190617
MYRN2019,MYR 2019N-SGF,F:MYR\N19,MYR,20190715
MYRQ2019,MYR 2019Q-SGF,F:MYR\Q19,MYR,20190815
MYRU2019,MYR 2019U-SGF,F:MYR\U19,MYR,20190913
MYRV2019,MYR 2019V-SGF,F:MYR\V19,MYR,20191015
MYRX2019,MYR 2019X-SGF,F:MYR\X19,MYR,20191115
MYRZ2019,MYR 2019Z-SGF,F:MYR\Z19,MYR,20191213
MYRF2020,MYR 2020F-SGF,F:MYR\F20,MYR,20200115
MYRG2020,MYR 2020G-SGF,F:MYR\G20,MYR,20200214
MYRH2020,MYR 2020H-SGF,F:MYR\H20,MYR,20200313
MYRJ2020,MYR 2020J-SGF,F:MYR\J20,MYR,20200415
MYRK2020,MYR 2020K-SGF,F:MYR\K20,MYR,20200515
MYRM2020,MYR 2020M-SGF,F:MYR\M20,MYR,20200615
MYRN2020,MYR 2020N-SGF,F:MYR\N20,MYR,20200715
MYRQ2020,MYR 2020Q-SGF,F:MYR\Q20,MYR,20200814
MYRU2020,MYR 2020U-SGF,F:MYR\U20,MYR,20200915
MYRV2020,MYR 2020V-SGF,F:MYR\V20,MYR,20201015
MYRX2020,MYR 2020X-SGF,F:MYR\X20,MYR,20201113
MYRZ2020,MYR 2020Z-SGF,F:MYR\Z20,MYR,20201215
MYRF2021,MYR 2021F-SGF,F:MYR\F21,MYR,20210115
MYRG2021,MYR 2021G-SGF,F:MYR\G21,MYR,20210215
MYRH2021,MYR 2021H-SGF,F:MYR\H21,MYR,20210315
MYRJ2021,MYR 2021J-SGF,F:MYR\J21,MYR,20210415
MYRK2021,MYR 2021K-SGF,F:MYR\K21,MYR,20210512
MYRM2021,MYR 2021M-SGF,F:MYR\M21,MYR,20210615
MYRN2021,MYR 2021N-SGF,F:MYR\N21,MYR,20210715
MYRQ2021,MYR 2021Q-SGF,F:MYR\Q21,MYR,20210813
MYRU2021,MYR 2021U-SGF,F:MYR\U21,MYR,20210915
MYRV2021,MYR 2021V-SGF,F:MYR\V21,MYR,20211015
MYRX2021,MYR 2021X-SGF,F:MYR\X21,MYR,20211115
MYRZ2021,MYR 2021Z-SGF,F:MYR\Z21,MYR,20211215
MYRF2022,MYR 2022F-SGF,F:MYR\F22,MYR,20220114
MYRG2022,MYR 2022G-SGF,F:MYR\G22,MYR,20220215
MYRH2022,MYR 2022H-SGF,F:MYR\H22,MYR,20220315
MYRJ2022,MYR 2022J-SGF,F:MYR\J22,MYR,20220415
MYRK2022,MYR 2022K-SGF,F:MYR\K22,MYR,20220513
MYRM2022,MYR 2022M-SGF,F:MYR\M22,MYR,20220615
MYRN2022,MYR 2022N-SGF,F:MYR\N22,MYR,20220715
MYRQ2022,MYR 2022Q-SGF,F:MYR\Q22,MYR,20220815
MYRU2022,MYR 2022U-SGF,F:MYR\U22,MYR,20220915
MYRV2022,MYR 2022V-SGF,F:MYR\V22,MYR,20221014
MYRX2022,MYR 2022X-SGF,F:MYR\X22,MYR,20221115
MYRZ2022,MYR 2022Z-SGF,F:MYR\Z22,MYR,20221215
MYRF2023,MYR 2023F-SGF,F:MYR\F23,MYR,20230113
MYRG2023,MYR 2023G-SGF,F:MYR\G23,MYR,20230215
MYRH2023,MYR 2023H-SGF,F:MYR\H23,MYR,20230315
MYRJ2023,MYR 2023J-SGF,F:MYR\J23,MYR,20230414
MYRK2023,MYR 2023K-SGF,F:MYR\K23,MYR,20230515
MYRM2023,MYR 2023M-SGF,F:MYR\M23,MYR,20230615
MYRN2023,MYR 2023N-SGF,F:MYR\N23,MYR,20230714
MYRQ2023,MYR 2023Q-SGF,F:MYR\Q23,MYR,20230815
MYRU2023,MYR 2023U-SGF,F:MYR\U23,MYR,20230915
MYRV2023,MYR 2023V-SGF,F:MYR\V23,MYR,20231013
MYRX2023,MYR 2023X-SGF,F:MYR\X23,MYR,20231115
MYSQ2017,MYS 2017Q-SGF,F:MYS\Q17,MYS,20170815
MYSU2017,MYS 2017U-SGF,F:MYS\U17,MYS,20170915
MYSV2017,MYS 2017V-SGF,F:MYS\V17,MYS,20171016
MYSX2017,MYS 2017X-SGF,F:MYS\X17,MYS,20171115
MYSZ2017,MYS 2017Z-SGF,F:MYS\Z17,MYS,20171215
MYSF2018,MYS 2018F-SGF,F:MYS\F18,MYS,20180115
MYSG2018,MYS 2018G-SGF,F:MYS\G18,MYS,20180215
MYSH2018,MYS 2018H-SGF,F:MYS\H18,MYS,20180315
MYSJ2018,MYS 2018J-SGF,F:MYS\J18,MYS,20180416
MYSK2018,MYS 2018K-SGF,F:MYS\K18,MYS,20180515
MYSM2018,MYS 2018M-SGF,F:MYS\M18,MYS,20180615
MYSN2018,MYS 2018N-SGF,F:MYS\N18,MYS,20180716
MYSQ2018,MYS 2018Q-SGF,F:MYS\Q18,MYS,20180815
MYSU2018,MYS 2018U-SGF,F:MYS\U18,MYS,20180917
MYSV2018,MYS 2018V-SGF,F:MYS\V18,MYS,20181015
MYSX2018,MYS 2018X-SGF,F:MYS\X18,MYS,20181115
MYSZ2018,MYS 2018Z-SGF,F:MYS\Z18,MYS,20181217
MYSF2019,MYS 2019F-SGF,F:MYS\F19,MYS,20190115
MYSG2019,MYS 2019G-SGF,F:MYS\G19,MYS,20190215
MYSH2019,MYS 2019H-SGF,F:MYS\H19,MYS,20190315
MYSJ2019,MYS 2019J-SGF,F:MYS\J19,MYS,20190415
MYSK2019,MYS 2019K-SGF,F:MYS\K19,MYS,20190515
MYSM2019,MYS 2019M-SGF,F:MYS\M19,MYS,20190617
MYSN2019,MYS 2019N-SGF,F:MYS\N19,MYS,20190715
MYSQ2019,MYS 2019Q-SGF,F:MYS\Q19,MYS,20190815
MYSU2019,MYS 2019U-SGF,F:MYS\U19,MYS,20190913
MYSV2019,MYS 2019V-SGF,F:MYS\V19,MYS,20191015
MYSX2019,MYS 2019X-SGF,F:MYS\X19,MYS,20191115
MYSZ2019,MYS 2019Z-SGF,F:MYS\Z19,MYS,20191213
MYSF2020,MYS 2020F-SGF,F:MYS\F20,MYS,20200115
MYSG2020,MYS 2020G-SGF,F:MYS\G20,MYS,20200214
MYSH2020,MYS 2020H-SGF,F:MYS\H20,MYS,20200313
MYSJ2020,MYS 2020J-SGF,F:MYS\J20,MYS,20200415
MYSK2020,MYS 2020K-SGF,F:MYS\K20,MYS,20200515
MYSM2020,MYS 2020M-SGF,F:MYS\M20,MYS,20200615
MYSN2020,MYS 2020N-SGF,F:MYS\N20,MYS,20200715
MYSQ2020,MYS 2020Q-SGF,F:MYS\Q20,MYS,20200814
MYSU2020,MYS 2020U-SGF,F:MYS\U20,MYS,20200915
MYSV2020,MYS 2020V-SGF,F:MYS\V20,MYS,20201015
MYSX2020,MYS 2020X-SGF,F:MYS\X20,MYS,20201113
MYSZ2020,MYS 2020Z-SGF,F:MYS\Z20,MYS,20201215
MYSF2021,MYS 2021F-SGF,F:MYS\F21,MYS,20210115
MYSG2021,MYS 2021G-SGF,F:MYS\G21,MYS,20210215
MYSH2021,MYS 2021H-SGF,F:MYS\H21,MYS,20210315
MYSJ2021,MYS 2021J-SGF,F:MYS\J21,MYS,20210415
MYSK2021,MYS 2021K-SGF,F:MYS\K21,MYS,20210512
MYSM2021,MYS 2021M-SGF,F:MYS\M21,MYS,20210615
MYSN2021,MYS 2021N-SGF,F:MYS\N21,MYS,20210715
MYSQ2021,MYS 2021Q-SGF,F:MYS\Q21,MYS,20210813
MYSU2021,MYS 2021U-SGF,F:MYS\U21,MYS,20210915
MYSV2021,MYS 2021V-SGF,F:MYS\V21,MYS,20211015
MYSX2021,MYS 2021X-SGF,F:MYS\X21,MYS,20211115
MYSZ2021,MYS 2021Z-SGF,F:MYS\Z21,MYS,20211215
MYSF2022,MYS 2022F-SGF,F:MYS\F22,MYS,20220114
MYSG2022,MYS 2022G-SGF,F:MYS\G22,MYS,20220215
MYSH2022,MYS 2022H-SGF,F:MYS\H22,MYS,20220315
MYSJ2022,MYS 2022J-SGF,F:MYS\J22,MYS,20220414
MYSK2022,MYS 2022K-SGF,F:MYS\K22,MYS,20220513
MYSM2022,MYS 2022M-SGF,F:MYS\M22,MYS,20220615
MYSN2022,MYS 2022N-SGF,F:MYS\N22,MYS,20220715
MYSQ2022,MYS 2022Q-SGF,F:MYS\Q22,MYS,20220815
MYSU2022,MYS 2022U-SGF,F:MYS\U22,MYS,20220915
MYSV2022,MYS 2022V-SGF,F:MYS\V22,MYS,20221014
MYSX2022,MYS 2022X-SGF,F:MYS\X22,MYS,20221115
MYSZ2022,MYS 2022Z-SGF,F:MYS\Z22,MYS,20221215
MYSF2023,MYS 2023F-SGF,F:MYS\F23,MYS,20230113
MYSG2023,MYS 2023G-SGF,F:MYS\G23,MYS,20230215
MYSH2023,MYS 2023H-SGF,F:MYS\H23,MYS,20230315
MYSJ2023,MYS 2023J-SGF,F:MYS\J23,MYS,20230414
MYSK2023,MYS 2023K-SGF,F:MYS\K23,MYS,20230515
MYSM2023,MYS 2023M-SGF,F:MYS\M23,MYS,20230615
MYSN2023,MYS 2023N-SGF,F:MYS\N23,MYS,20230714
MYSQ2023,MYS 2023Q-SGF,F:MYS\Q23,MYS,20230815
MYSU2023,MYS 2023U-SGF,F:MYS\U23,MYS,20230915
MYSV2023,MYS 2023V-SGF,F:MYS\V23,MYS,20231013
MYSX2023,MYS 2023X-SGF,F:MYS\X23,MYS,20231115
PHPQ2017,PHP 2017Q-SGF,F:PHP\Q17,PHP,20170815
PHPU2017,PHP 2017U-SGF,F:PHP\U17,PHP,20170919
PHPV2017,PHP 2017V-SGF,F:PHP\V17,PHP,20171017
PHPX2017,PHP 2017X-SGF,F:PHP\X17,PHP,20171114
PHPZ2017,PHP 2017Z-SGF,F:PHP\Z17,PHP,20171219
PHPF2018,PHP 2018F-SGF,F:PHP\F18,PHP,20180116
PHPG2018,PHP 2018G-SGF,F:PHP\G18,PHP,20180220
PHPH2018,PHP 2018H-SGF,F:PHP\H18,PHP,20180320
PHPJ2018,PHP 2018J-SGF,F:PHP\J18,PHP,20180417
PHPK2018,PHP 2018K-SGF,F:PHP\K18,PHP,20180515
PHPM2018,PHP 2018M-SGF,F:PHP\M18,PHP,20180619
PHPN2018,PHP 2018N-SGF,F:PHP\N18,PHP,20180717
PHPQ2018,PHP 2018Q-SGF,F:PHP\Q18,PHP,20180817
PHPU2018,PHP 2018U-SGF,F:PHP\U18,PHP,20180918
PHPV2018,PHP 2018V-SGF,F:PHP\V18,PHP,20181016
PHPX2018,PHP 2018X-SGF,F:PHP\X18,PHP,20181120
PHPZ2018,PHP 2018Z-SGF,F:PHP\Z18,PHP,20181218
PHPF2019,PHP 2019F-SGF,F:PHP\F19,PHP,20190131
PHPG2019,PHP 2019G-SGF,F:PHP\G19,PHP,20190228
PHPH2019,PHP 2019H-SGF,F:PHP\H19,PHP,20190329
PHPJ2019,PHP 2019J-SGF,F:PHP\J19,PHP,20190430
PHPK2019,PHP 2019K-SGF,F:PHP\K19,PHP,20190531
PHPM2019,PHP 2019M-SGF,F:PHP\M19,PHP,20190628
PHPN2019,PHP 2019N-SGF,F:PHP\N19,PHP,20190731
PHPQ2019,PHP 2019Q-SGF,F:PHP\Q19,PHP,20190820
PHPU2019,PHP 2019U-SGF,F:PHP\U19,PHP,20190917
PHPV2019,PHP 2019V-SGF,F:PHP\V19,PHP,20191015
PHPX2019,PHP 2019X-SGF,F:PHP\X19,PHP,20191119
PHPZ2019,PHP 2019Z-SGF,F:PHP\Z19,PHP,20191217
PHPF2020,PHP 2020F-SGF,F:PHP\F20,PHP,20200114
PHPG2020,PHP 2020G-SGF,F:PHP\G20,PHP,20200218
PHPH2020,PHP 2020H-SGF,F:PHP\H20,PHP,20200317
PHPJ2020,PHP 2020J-SGF,F:PHP\J20,PHP,20200414
PHPK2020,PHP 2020K-SGF,F:PHP\K20,PHP,20200519
PHPM2020,PHP 2020M-SGF,F:PHP\M20,PHP,20200616
PHPN2020,PHP 2020N-SGF,F:PHP\N20,PHP,20200714
PHPQ2020,PHP 2020Q-SGF,F:PHP\Q20,PHP,20200818
PHPU2020,PHP 2020U-SGF,F:PHP\U20,PHP,20200915
PHPV2020,PHP 2020V-SGF,F:PHP\V20,PHP,20201020
PHPX2020,PHP 2020X-SGF,F:PHP\X20,PHP,20201117
PHPZ2020,PHP 2020Z-SGF,F:PHP\Z20,PHP,20201215
PHPF2021,PHP 2021F-SGF,F:PHP\F21,PHP,20210119
PHPG2021,PHP 2021G-SGF,F:PHP\G21,PHP,20210216
PHPH2021,PHP 2021H-SGF,F:PHP\H21,PHP,20210316
PHPJ2021,PHP 2021J-SGF,F:PHP\J21,PHP,20210420
PHPK2021,PHP 2021K-SGF,F:PHP\K21,PHP,20210518
PHPM2021,PHP 2021M-SGF,F:PHP\M21,PHP,20210615
PHPN2021,PHP 2021N-SGF,F:PHP\N21,PHP,20210719
PHPQ2021,PHP 2021Q-SGF,F:PHP\Q21,PHP,20210817
PHPU2021,PHP 2021U-SGF,F:PHP\U21,PHP,20210914
PHPV2021,PHP 2021V-SGF,F:PHP\V21,PHP,20211019
PHPX2021,PHP 2021X-SGF,F:PHP\X21,PHP,20211116
PHPZ2021,PHP 2021Z-SGF,F:PHP\Z21,PHP,20211214
PHPF2022,PHP 2022F-SGF,F:PHP\F22,PHP,20220118
PHPG2022,PHP 2022G-SGF,F:PHP\G22,PHP,20220215
PHPH2022,PHP 2022H-SGF,F:PHP\H22,PHP,20220315
PHPJ2022,PHP 2022J-SGF,F:PHP\J22,PHP,20220419
PHPK2022,PHP 2022K-SGF,F:PHP\K22,PHP,20220517
PHPM2022,PHP 2022M-SGF,F:PHP\M22,PHP,20220614
PHPN2022,PHP 2022N-SGF,F:PHP\N22,PHP,20220719
PHPQ2022,PHP 2022Q-SGF,F:PHP\Q22,PHP,20220816
PHPU2022,PHP 2022U-SGF,F:PHP\U22,PHP,20220920
PHPV2022,PHP 2022V-SGF,F:PHP\V22,PHP,20221018
PHPX2022,PHP 2022X-SGF,F:PHP\X22,PHP,20221115
PHPZ2022,PHP 2022Z-SGF,F:PHP\Z22,PHP,20221220
PHPF2023,PHP 2023F-SGF,F:PHP\F23,PHP,20230117
PHPG2023,PHP 2023G-SGF,F:PHP\G23,PHP,20230214
PHPH2023,PHP 2023H-SGF,F:PHP\H23,PHP,20230314
PHPJ2023,PHP 2023J-SGF,F:PHP\J23,PHP,20230418
PHPK2023,PHP 2023K-SGF,F:PHP\K23,PHP,20230516
PHPM2023,PHP 2023M-SGF,F:PHP\M23,PHP,20230620
PHPN2023,PHP 2023N-SGF,F:PHP\N23,PHP,20230718
PHPQ2023,PHP 2023Q-SGF,F:PHP\Q23,PHP,20230815
PHPU2023,PHP 2023U-SGF,F:PHP\U23,PHP,20230919
PHPV2023,PHP 2023V-SGF,F:PHP\V23,PHP,20231017
PHPX2023,PHP 2023X-SGF,F:PHP\X23,PHP,20231114
SNDH2021,SND 2021H-SGF,F:SND\H21,SND,20210315
SNDJ2021,SND 2021J-SGF,F:SND\J21,SND,20210419
SNDK2021,SND 2021K-SGF,F:SND\K21,SND,20210517
SNDM2021,SND 2021M-SGF,F:SND\M21,SND,20210614
SNDN2021,SND 2021N-SGF,F:SND\N21,SND,20210716
SNDQ2021,SND 2021Q-SGF,F:SND\Q21,SND,20210816
SNDU2021,SND 2021U-SGF,F:SND\U21,SND,20210913
SNDV2021,SND 2021V-SGF,F:SND\V21,SND,20211018
SNDX2021,SND 2021X-SGF,F:SND\X21,SND,20211115
SNDZ2021,SND 2021Z-SGF,F:SND\Z21,SND,20211213
SNDF2022,SND 2022F-SGF,F:SND\F22,SND,20220117
SNDG2022,SND 2022G-SGF,F:SND\G22,SND,20220214
SNDH2022,SND 2022H-SGF,F:SND\H22,SND,20220314
SNDJ2022,SND 2022J-SGF,F:SND\J22,SND,20220418
SNDK2022,SND 2022K-SGF,F:SND\K22,SND,20220513
SNDM2022,SND 2022M-SGF,F:SND\M22,SND,20220613
SNDN2022,SND 2022N-SGF,F:SND\N22,SND,20220718
SNDQ2022,SND 2022Q-SGF,F:SND\Q22,SND,20220815
SNDU2022,SND 2022U-SGF,F:SND\U22,SND,20220919
SNDV2022,SND 2022V-SGF,F:SND\V22,SND,20221017
SNDX2022,SND 2022X-SGF,F:SND\X22,SND,20221114
SNDZ2022,SND 2022Z-SGF,F:SND\Z22,SND,20221219
SNDF2023,SND 2023F-SGF,F:SND\F23,SND,20230116
SNDG2023,SND 2023G-SGF,F:SND\G23,SND,20230213
SNDH2023,SND 2023H-SGF,F:SND\H23,SND,20230313
SNDJ2023,SND 2023J-SGF,F:SND\J23,SND,20230417
SNDK2023,SND 2023K-SGF,F:SND\K23,SND,20230515
SNDM2023,SND 2023M-SGF,F:SND\M23,SND,20230619
SNDN2023,SND 2023N-SGF,F:SND\N23,SND,20230717
SNDQ2023,SND 2023Q-SGF,F:SND\Q23,SND,20230814
SNDU2023,SND 2023U-SGF,F:SND\U23,SND,20230918
SNDV2023,SND 2023V-SGF,F:SND\V23,SND,20231016
SNDX2023,SND 2023X-SGF,F:SND\X23,SND,20231110
SYF2017,SY 2017F-SGF,F:SY\F17,SY,20170116
SYG2017,SY 2017G-SGF,F:SY\G17,SY,20170213
SYH2017,SY 2017H-SGF,F:SY\H17,SY,20170313
SYJ2017,SY 2017J-SGF,F:SY\J17,SY,20170417
SYK2017,SY 2017K-SGF,F:SY\K17,SY,20170515
SYM2017,SY 2017M-SGF,F:SY\M17,SY,20170619
SYN2017,SY 2017N-SGF,F:SY\N17,SY,20170717
SYQ2017,SY 2017Q-SGF,F:SY\Q17,SY,20170814
SYU2017,SY 2017U-SGF,F:SY\U17,SY,20170918
SYV2017,SY 2017V-SGF,F:SY\V17,SY,20171016
SYX2017,SY 2017X-SGF,F:SY\X17,SY,20171113
SYZ2017,SY 2017Z-SGF,F:SY\Z17,SY,20171218
SYF2018,SY 2018F-SGF,F:SY\F18,SY,20180115
SYG2018,SY 2018G-SGF,F:SY\G18,SY,20180219
SYH2018,SY 2018H-SGF,F:SY\H18,SY,20180319
SYJ2018,SY 2018J-SGF,F:SY\J18,SY,20180416
SYK2018,SY 2018K-SGF,F:SY\K18,SY,20180514
SYM2018,SY 2018M-SGF,F:SY\M18,SY,20180618
SYN2018,SY 2018N-SGF,F:SY\N18,SY,20180716
SYQ2018,SY 2018Q-SGF,F:SY\Q18,SY,20180813
SYU2018,SY 2018U-SGF,F:SY\U18,SY,20180917
SYV2018,SY 2018V-SGF,F:SY\V18,SY,20181015
SYX2018,SY 2018X-SGF,F:SY\X18,SY,20181119
SYZ2018,SY 2018Z-SGF,F:SY\Z18,SY,20181217
SYF2019,SY 2019F-SGF,F:SY\F19,SY,20190114
SYG2019,SY 2019G-SGF,F:SY\G19,SY,20190218
SYH2019,SY 2019H-SGF,F:SY\H19,SY,20190318
SYJ2019,SY 2019J-SGF,F:SY\J19,SY,20190415
SYK2019,SY 2019K-SGF,F:SY\K19,SY,20190513
SYM2019,SY 2019M-SGF,F:SY\M19,SY,20190617
SYN2019,SY 2019N-SGF,F:SY\N19,SY,20190715
SYQ2019,SY 2019Q-SGF,F:SY\Q19,SY,20190819
SYU2019,SY 2019U-SGF,F:SY\U19,SY,20190916
SYV2019,SY 2019V-SGF,F:SY\V19,SY,20191014
SYX2019,SY 2019X-SGF,F:SY\X19,SY,20191118
SYZ2019,SY 2019Z-SGF,F:SY\Z19,SY,20191216
SYF2020,SY 2020F-SGF,F:SY\F20,SY,20200113
SYG2020,SY 2020G-SGF,F:SY\G20,SY,20200217
SYH2020,SY 2020H-SGF,F:SY\H20,SY,20200316
SYJ2020,SY 2020J-SGF,F:SY\J20,SY,20200409
SYK2020,SY 2020K-SGF,F:SY\K20,SY,20200518
SYM2020,SY 2020M-SGF,F:SY\M20,SY,20200615
SYN2020,SY 2020N-SGF,F:SY\N20,SY,20200713
SYQ2020,SY 2020Q-SGF,F:SY\Q20,SY,20200817
SYU2020,SY 2020U-SGF,F:SY\U20,SY,20200914
SYV2020,SY 2020V-SGF,F:SY\V20,SY,20201019
SYX2020,SY 2020X-SGF,F:SY\X20,SY,20201116
SYZ2020,SY 2020Z-SGF,F:SY\Z20,SY,20201214
SYF2021,SY 2021F-SGF,F:SY\F21,SY,20210118
SYG2021,SY 2021G-SGF,F:SY\G21,SY,20210211
SYH2021,SY 2021H-SGF,F:SY\H21,SY,20210315
SYJ2021,SY 2021J-SGF,F:SY\J21,SY,20210419
SYK2021,SY 2021K-SGF,F:SY\K21,SY,20210517
SYM2021,SY 2021M-SGF,F:SY\M21,SY,20210611
SYN2021,SY 2021N-SGF,F:SY\N21,SY,20210719
SYQ2021,SY 2021Q-SGF,F:SY\Q21,SY,20210816
SYU2021,SY 2021U-SGF,F:SY\U21,SY,20210913
SYV2021,SY 2021V-SGF,F:SY\V21,SY,20211018
SYX2021,SY 2021X-SGF,F:SY\X21,SY,20211115
SYZ2021,SY 2021Z-SGF,F:SY\Z21,SY,20211213
SYF2022,SY 2022F-SGF,F:SY\F22,SY,20220117
SYG2022,SY 2022G-SGF,F:SY\G22,SY,20220214
SYH2022,SY 2022H-SGF,F:SY\H22,SY,20220314
SYJ2022,SY 2022J-SGF,F:SY\J22,SY,20220414
SYK2022,SY 2022K-SGF,F:SY\K22,SY,20220516
SYM2022,SY 2022M-SGF,F:SY\M22,SY,20220613
SYN2022,SY 2022N-SGF,F:SY\N22,SY,20220718
SYQ2022,SY 2022Q-SGF,F:SY\Q22,SY,20220815
SYU2022,SY 2022U-SGF,F:SY\U22,SY,20220919
SYV2022,SY 2022V-SGF,F:SY\V22,SY,20221017
SYX2022,SY 2022X-SGF,F:SY\X22,SY,20221114
SYZ2022,SY 2022Z-SGF,F:SY\Z22,SY,20221219
SYF2023,SY 2023F-SGF,F:SY\F23,SY,20230116
SYG2023,SY 2023G-SGF,F:SY\G23,SY,20230213
SYH2023,SY 2023H-SGF,F:SY\H23,SY,20230313
SYJ2023,SY 2023J-SGF,F:SY\J23,SY,20230417
SYK2023,SY 2023K-SGF,F:SY\K23,SY,20230515
SYM2023,SY 2023M-SGF,F:SY\M23,SY,20230619
SYN2023,SY 2023N-SGF,F:SY\N23,SY,20230717
SYQ2023,SY 2023Q-SGF,F:SY\Q23,SY,20230814
SYU2023,SY 2023U-SGF,F:SY\U23,SY,20230918
SYV2023,SY 2023V-SGF,F:SY\V23,SY,20231016
SYX2023,SY 2023X-SGF,F:SY\X23,SY,20231113
SYZ2023,SY 2023Z-SGF,F:SY\Z23,SY,20231218
SYH2024,SY 2024H-SGF,F:SY\H24,SY,20240318
SYM2024,SY 2024M-SGF,F:SY\M24,SY,20240617
SYU2024,SY 2024U-SGF,F:SY\U24,SY,20240916
SYZ2024,SY 2024Z-SGF,F:SY\Z24,SY,20241216
SYH2025,SY 2025H-SGF,F:SY\H25,SY,20250317
SYM2025,SY 2025M-SGF,F:SY\M25,SY,20250616
SYU2025,SY 2025U-SGF,F:SY\U25,SY,20250915
SYZ2025,SY 2025Z-SGF,F:SY\Z25,SY,20251215
TDF2017,TD 2017F-SGF,F:TD\F17,TD,20170116
TDG2017,TD 2017G-SGF,F:TD\G17,TD,20170213
TDH2017,TD 2017H-SGF,F:TD\H17,TD,20170313
TDJ2017,TD 2017J-SGF,F:TD\J17,TD,20170417
TDK2017,TD 2017K-SGF,F:TD\K17,TD,20170515
TDM2017,TD 2017M-SGF,F:TD\M17,TD,20170619
TDN2017,TD 2017N-SGF,F:TD\N17,TD,20170717
TDQ2017,TD 2017Q-SGF,F:TD\Q17,TD,20170814
TDU2017,TD 2017U-SGF,F:TD\U17,TD,20170918
TDV2017,TD 2017V-SGF,F:TD\V17,TD,20171016
TDX2017,TD 2017X-SGF,F:TD\X17,TD,20171113
TDZ2017,TD 2017Z-SGF,F:TD\Z17,TD,20171218
TDF2018,TD 2018F-SGF,F:TD\F18,TD,20180115
TDG2018,TD 2018G-SGF,F:TD\G18,TD,20180219
TDH2018,TD 2018H-SGF,F:TD\H18,TD,20180319
TDJ2018,TD 2018J-SGF,F:TD\J18,TD,20180416
TDK2018,TD 2018K-SGF,F:TD\K18,TD,20180514
TDM2018,TD 2018M-SGF,F:TD\M18,TD,20180618
TDN2018,TD 2018N-SGF,F:TD\N18,TD,20180716
TDQ2018,TD 2018Q-SGF,F:TD\Q18,TD,20180813
TDU2018,TD 2018U-SGF,F:TD\U18,TD,20180917
TDV2018,TD 2018V-SGF,F:TD\V18,TD,20181015
TDX2018,TD 2018X-SGF,F:TD\X18,TD,20181119
TDZ2018,TD 2018Z-SGF,F:TD\Z18,TD,20181217
TDF2019,TD 2019F-SGF,F:TD\F19,TD,20190114
TDG2019,TD 2019G-SGF,F:TD\G19,TD,20190218
TDH2019,TD 2019H-SGF,F:TD\H19,TD,20190318
TDJ2019,TD 2019J-SGF,F:TD\J19,TD,20190415
TDK2019,TD 2019K-SGF,F:TD\K19,TD,20190513
TDM2019,TD 2019M-SGF,F:TD\M19,TD,20190617
TDN2019,TD 2019N-SGF,F:TD\N19,TD,20190715
TDQ2019,TD 2019Q-SGF,F:TD\Q19,TD,20190819
TDU2019,TD 2019U-SGF,F:TD\U19,TD,20190916
TDV2019,TD 2019V-SGF,F:TD\V19,TD,20191014
TDX2019,TD 2019X-SGF,F:TD\X19,TD,20191118
TDZ2019,TD 2019Z-SGF,F:TD\Z19,TD,20191216
TDF2020,TD 2020F-SGF,F:TD\F20,TD,20200113
TDG2020,TD 2020G-SGF,F:TD\G20,TD,20200217
TDH2020,TD 2020H-SGF,F:TD\H20,TD,20200316
TDJ2020,TD 2020J-SGF,F:TD\J20,TD,20200413
TDK2020,TD 2020K-SGF,F:TD\K20,TD,20200518
TDM2020,TD 2020M-SGF,F:TD\M20,TD,20200615
TDN2020,TD 2020N-SGF,F:TD\N20,TD,20200713
TDQ2020,TD 2020Q-SGF,F:TD\Q20,TD,20200817
TDU2020,TD 2020U-SGF,F:TD\U20,TD,20200914
TDV2020,TD 2020V-SGF,F:TD\V20,TD,20201019
TDX2020,TD 2020X-SGF,F:TD\X20,TD,20201116
TDZ2020,TD 2020Z-SGF,F:TD\Z20,TD,20201214
TDF2021,TD 2021F-SGF,F:TD\F21,TD,20210118
TDG2021,TD 2021G-SGF,F:TD\G21,TD,20210208
TDH2021,TD 2021H-SGF,F:TD\H21,TD,20210315
TDJ2021,TD 2021J-SGF,F:TD\J21,TD,20210419
TDK2021,TD 2021K-SGF,F:TD\K21,TD,20210517
TDM2021,TD 2021M-SGF,F:TD\M21,TD,20210611
TDN2021,TD 2021N-SGF,F:TD\N21,TD,20210719
TDQ2021,TD 2021Q-SGF,F:TD\Q21,TD,20210816
TDU2021,TD 2021U-SGF,F:TD\U21,TD,20210913
TDV2021,TD 2021V-SGF,F:TD\V21,TD,20211018
TDX2021,TD 2021X-SGF,F:TD\X21,TD,20211115
TDZ2021,TD 2021Z-SGF,F:TD\Z21,TD,20211213
TDF2022,TD 2022F-SGF,F:TD\F22,TD,20220117
TDG2022,TD 2022G-SGF,F:TD\G22,TD,20220214
TDH2022,TD 2022H-SGF,F:TD\H22,TD,20220314
TDJ2022,TD 2022J-SGF,F:TD\J22,TD,20220418
TDK2022,TD 2022K-SGF,F:TD\K22,TD,20220516
TDM2022,TD 2022M-SGF,F:TD\M22,TD,20220613
TDN2022,TD 2022N-SGF,F:TD\N22,TD,20220718
TDQ2022,TD 2022Q-SGF,F:TD\Q22,TD,20220815
TDU2022,TD 2022U-SGF,F:TD\U22,TD,20220919
TDV2022,TD 2022V-SGF,F:TD\V22,TD,20221017
TDX2022,TD 2022X-SGF,F:TD\X22,TD,20221114
TDZ2022,TD 2022Z-SGF,F:TD\Z22,TD,20221219
TDF2023,TD 2023F-SGF,F:TD\F23,TD,20230116
TDG2023,TD 2023G-SGF,F:TD\G23,TD,20230213
TDH2023,TD 2023H-SGF,F:TD\H23,TD,20230313
TDJ2023,TD 2023J-SGF,F:TD\J23,TD,20230417
TDK2023,TD 2023K-SGF,F:TD\K23,TD,20230515
TDM2023,TD 2023M-SGF,F:TD\M23,TD,20230619
TDN2023,TD 2023N-SGF,F:TD\N23,TD,20230717
TDQ2023,TD 2023Q-SGF,F:TD\Q23,TD,20230814
TDU2023,TD 2023U-SGF,F:TD\U23,TD,20230918
TDV2023,TD 2023V-SGF,F:TD\V23,TD,20231016
TDX2023,TD 2023X-SGF,F:TD\X23,TD,20231113
TUZ2014,TU 2014Z-SGF,F:TU\Z14,TU,20141215
TUF2015,TU 2015F-SGF,F:TU\F15,TU,20150119
TUG2015,TU 2015G-SGF,F:TU\G15,TU,20150216
TUH2015,TU 2015H-SGF,F:TU\H15,TU,20150316
TUJ2015,TU 2015J-SGF,F:TU\J15,TU,20150413
TUK2015,TU 2015K-SGF,F:TU\K15,TU,20150518
TUM2015,TU 2015M-SGF,F:TU\M15,TU,20150615
TUN2015,TU 2015N-SGF,F:TU\N15,TU,20150713
TUQ2015,TU 2015Q-SGF,F:TU\Q15,TU,20150817
TUU2015,TU 2015U-SGF,F:TU\U15,TU,20150914
TUV2015,TU 2015V-SGF,F:TU\V15,TU,20151019
TUX2015,TU 2015X-SGF,F:TU\X15,TU,20151116
TUZ2015,TU 2015Z-SGF,F:TU\Z15,TU,20151214
TUF2016,TU 2016F-SGF,F:TU\F16,TU,20160115
TUG2016,TU 2016G-SGF,F:TU\G16,TU,20160212
TUH2016,TU 2016H-SGF,F:TU\H16,TU,20160314
TUJ2016,TU 2016J-SGF,F:TU\J16,TU,20160418
TUK2016,TU 2016K-SGF,F:TU\K16,TU,20160516
TUM2016,TU 2016M-SGF,F:TU\M16,TU,20160613
TUN2016,TU 2016N-SGF,F:TU\N16,TU,20160718
TUQ2016,TU 2016Q-SGF,F:TU\Q16,TU,20160815
TUU2016,TU 2016U-SGF,F:TU\U16,TU,20160919
TUV2016,TU 2016V-SGF,F:TU\V16,TU,20161017
TUX2016,TU 2016X-SGF,F:TU\X16,TU,20161114
TUZ2016,TU 2016Z-SGF,F:TU\Z16,TU,20161219
TUF2017,TU 2017F-SGF,F:TU\F17,TU,20170116
TUH2017,TU 2017H-SGF,F:TU\H17,TU,20170313
TUU2017,TU 2017U-SGF,F:TU\U17,TU,20170918
TUV2017,TU 2017V-SGF,F:TU\V17,TU,20171016
TUX2017,TU 2017X-SGF,F:TU\X17,TU,20171113
TUZ2017,TU 2017Z-SGF,F:TU\Z17,TU,20171218
TUF2018,TU 2018F-SGF,F:TU\F18,TU,20180115
TUG2018,TU 2018G-SGF,F:TU\G18,TU,20180219
TUH2018,TU 2018H-SGF,F:TU\H18,TU,20180319
TUJ2018,TU 2018J-SGF,F:TU\J18,TU,20180416
TUK2018,TU 2018K-SGF,F:TU\K18,TU,20180514
TUM2018,TU 2018M-SGF,F:TU\M18,TU,20180618
TUN2018,TU 2018N-SGF,F:TU\N18,TU,20180716
TUQ2018,TU 2018Q-SGF,F:TU\Q18,TU,20180813
TUU2018,TU 2018U-SGF,F:TU\U18,TU,20180917
TUV2018,TU 2018V-SGF,F:TU\V18,TU,20181015
TUX2018,TU 2018X-SGF,F:TU\X18,TU,20181119
TUZ2018,TU 2018Z-SGF,F:TU\Z18,TU,20181217
TUF2019,TU 2019F-SGF,F:TU\F19,TU,20190114
TUG2019,TU 2019G-SGF,F:TU\G19,TU,20190218
TUH2019,TU 2019H-SGF,F:TU\H19,TU,20190318
TUJ2019,TU 2019J-SGF,F:TU\J19,TU,20190415
TUK2019,TU 2019K-SGF,F:TU\K19,TU,20190513
TUM2019,TU 2019M-SGF,F:TU\M19,TU,20190617
TUN2019,TU 2019N-SGF,F:TU\N19,TU,20190715
TUQ2019,TU 2019Q-SGF,F:TU\Q19,TU,20190829
TUU2019,TU 2019U-SGF,F:TU\U19,TU,20190927
TUV2019,TU 2019V-SGF,F:TU\V19,TU,20191030
TUX2019,TU 2019X-SGF,F:TU\X19,TU,20191128
TUZ2019,TU 2019Z-SGF,F:TU\Z19,TU,20191227
TUF2020,TU 2020F-SGF,F:TU\F20,TU,20200130
TUG2020,TU 2020G-SGF,F:TU\G20,TU,20200227
TUH2020,TU 2020H-SGF,F:TU\H20,TU,20200330
TUJ2020,TU 2020J-SGF,F:TU\J20,TU,20200429
TUK2020,TU 2020K-SGF,F:TU\K20,TU,20200528
TUM2020,TU 2020M-SGF,F:TU\M20,TU,20200629
TUN2020,TU 2020N-SGF,F:TU\N20,TU,20200730
TUQ2020,TU 2020Q-SGF,F:TU\Q20,TU,20200828
TUU2020,TU 2020U-SGF,F:TU\U20,TU,20200929
TUV2020,TU 2020V-SGF,F:TU\V20,TU,20201029
TUX2020,TU 2020X-SGF,F:TU\X20,TU,20201127
TUZ2020,TU 2020Z-SGF,F:TU\Z20,TU,20201229
TUF2021,TU 2021F-SGF,F:TU\F21,TU,20210128
TUG2021,TU 2021G-SGF,F:TU\G21,TU,20210224
TUH2021,TU 2021H-SGF,F:TU\H21,TU,20210330
TUJ2021,TU 2021J-SGF,F:TU\J21,TU,20210429
TUK2021,TU 2021K-SGF,F:TU\K21,TU,20210528
TUM2021,TU 2021M-SGF,F:TU\M21,TU,20210629
TUN2021,TU 2021N-SGF,F:TU\N21,TU,20210729
TUQ2021,TU 2021Q-SGF,F:TU\Q21,TU,20210830
TUU2021,TU 2021U-SGF,F:TU\U21,TU,20210929
TUV2021,TU 2021V-SGF,F:TU\V21,TU,20211028
TUX2021,TU 2021X-SGF,F:TU\X21,TU,20211129
TUZ2021,TU 2021Z-SGF,F:TU\Z21,TU,20211229
TUF2022,TU 2022F-SGF,F:TU\F22,TU,20220128
TUG2022,TU 2022G-SGF,F:TU\G22,TU,20220225
TUH2022,TU 2022H-SGF,F:TU\H22,TU,20220330
TUJ2022,TU 2022J-SGF,F:TU\J22,TU,20220428
TUK2022,TU 2022K-SGF,F:TU\K22,TU,20220530
TUM2022,TU 2022M-SGF,F:TU\M22,TU,20220629
TUN2022,TU 2022N-SGF,F:TU\N22,TU,20220726
TUQ2022,TU 2022Q-SGF,F:TU\Q22,TU,20220830
TUU2022,TU 2022U-SGF,F:TU\U22,TU,20220929
TUV2022,TU 2022V-SGF,F:TU\V22,TU,20221028
TUX2022,TU 2022X-SGF,F:TU\X22,TU,20221129
TUZ2022,TU 2022Z-SGF,F:TU\Z22,TU,20221229
TUF2023,TU 2023F-SGF,F:TU\F23,TU,20230130
TUH2023,TU 2023H-SGF,F:TU\H23,TU,20230330
TWDJ2020,TWD 2020J-SGF,F:TWD\J20,TWD,20200430
TWDK2020,TWD 2020K-SGF,F:TWD\K20,TWD,20200518
TWDM2020,TWD 2020M-SGF,F:TWD\M20,TWD,20200615
TWDN2020,TWD 2020N-SGF,F:TWD\N20,TWD,20200713
TWDQ2020,TWD 2020Q-SGF,F:TWD\Q20,TWD,20200817
TWDU2020,TWD 2020U-SGF,F:TWD\U20,TWD,20200914
TWDV2020,TWD 2020V-SGF,F:TWD\V20,TWD,20201019
TWDX2020,TWD 2020X-SGF,F:TWD\X20,TWD,20201116
TWDZ2020,TWD 2020Z-SGF,F:TWD\Z20,TWD,20201214
TWDF2021,TWD 2021F-SGF,F:TWD\F21,TWD,20210118
TWDG2021,TWD 2021G-SGF,F:TWD\G21,TWD,20210208
TWDH2021,TWD 2021H-SGF,F:TWD\H21,TWD,20210315
TWDJ2021,TWD 2021J-SGF,F:TWD\J21,TWD,20210419
TWDK2021,TWD 2021K-SGF,F:TWD\K21,TWD,20210517
TWDM2021,TWD 2021M-SGF,F:TWD\M21,TWD,20210611
TWDN2021,TWD 2021N-SGF,F:TWD\N21,TWD,20210719
TWDQ2021,TWD 2021Q-SGF,F:TWD\Q21,TWD,20210816
TWDU2021,TWD 2021U-SGF,F:TWD\U21,TWD,20210913
TWDV2021,TWD 2021V-SGF,F:TWD\V21,TWD,20211018
TWDX2021,TWD 2021X-SGF,F:TWD\X21,TWD,20211115
TWDZ2021,TWD 2021Z-SGF,F:TWD\Z21,TWD,20211213
TWDF2022,TWD 2022F-SGF,F:TWD\F22,TWD,20220117
TWDG2022,TWD 2022G-SGF,F:TWD\G22,TWD,20220214
TWDH2022,TWD 2022H-SGF,F:TWD\H22,TWD,20220314
TWDJ2022,TWD 2022J-SGF,F:TWD\J22,TWD,20220418
TWDK2022,TWD 2022K-SGF,F:TWD\K22,TWD,20220516
TWDM2022,TWD 2022M-SGF,F:TWD\M22,TWD,20220613
TWDN2022,TWD 2022N-SGF,F:TWD\N22,TWD,20220718
TWDQ2022,TWD 2022Q-SGF,F:TWD\Q22,TWD,20220815
TWDU2022,TWD 2022U-SGF,F:TWD\U22,TWD,20220919
TWDV2022,TWD 2022V-SGF,F:TWD\V22,TWD,20221017
TWDX2022,TWD 2022X-SGF,F:TWD\X22,TWD,20221114
TWDZ2022,TWD 2022Z-SGF,F:TWD\Z22,TWD,20221219
TWDF2023,TWD 2023F-SGF,F:TWD\F23,TWD,20230116
TWDG2023,TWD 2023G-SGF,F:TWD\G23,TWD,20230213
TWDH2023,TWD 2023H-SGF,F:TWD\H23,TWD,20230313
TWDJ2023,TWD 2023J-SGF,F:TWD\J23,TWD,20230417
TWDK2023,TWD 2023K-SGF,F:TWD\K23,TWD,20230515
TWDM2023,TWD 2023M-SGF,F:TWD\M23,TWD,20230619
TWDN2023,TWD 2023N-SGF,F:TWD\N23,TWD,20230717
TWDQ2023,TWD 2023Q-SGF,F:TWD\Q23,TWD,20230814
TWDU2023,TWD 2023U-SGF,F:TWD\U23,TWD,20230918
TWDV2023,TWD 2023V-SGF,F:TWD\V23,TWD,20231016
TWDX2023,TWD 2023X-SGF,F:TWD\X23,TWD,20231113
UCZ2014,UC 2014Z-SGF,F:UC\Z14,UC,20141215
UCF2015,UC 2015F-SGF,F:UC\F15,UC,20150119
UCG2015,UC 2015G-SGF,F:UC\G15,UC,20150216
UCH2015,UC 2015H-SGF,F:UC\H15,UC,20150316
UCJ2015,UC 2015J-SGF,F:UC\J15,UC,20150413
UCK2015,UC 2015K-SGF,F:UC\K15,UC,20150518
UCM2015,UC 2015M-SGF,F:UC\M15,UC,20150615
UCN2015,UC 2015N-SGF,F:UC\N15,UC,20150713
UCQ2015,UC 2015Q-SGF,F:UC\Q15,UC,20150817
UCU2015,UC 2015U-SGF,F:UC\U15,UC,20150914
UCV2015,UC 2015V-SGF,F:UC\V15,UC,20151019
UCX2015,UC 2015X-SGF,F:UC\X15,UC,20151116
UCZ2015,UC 2015Z-SGF,F:UC\Z15,UC,20151214
UCF2016,UC 2016F-SGF,F:UC\F16,UC,20160115
UCG2016,UC 2016G-SGF,F:UC\G16,UC,20160212
UCH2016,UC 2016H-SGF,F:UC\H16,UC,20160314
UCJ2016,UC 2016J-SGF,F:UC\J16,UC,20160418
UCK2016,UC 2016K-SGF,F:UC\K16,UC,20160516
UCM2016,UC 2016M-SGF,F:UC\M16,UC,20160613
UCN2016,UC 2016N-SGF,F:UC\N16,UC,20160718
UCQ2016,UC 2016Q-SGF,F:UC\Q16,UC,20160815
UCU2016,UC 2016U-SGF,F:UC\U16,UC,20160919
UCV2016,UC 2016V-SGF,F:UC\V16,UC,20161017
UCX2016,UC 2016X-SGF,F:UC\X16,UC,20161114
UCZ2016,UC 2016Z-SGF,F:UC\Z16,UC,20161219
UCF2017,UC 2017F-SGF,F:UC\F17,UC,20170116
UCG2017,UC 2017G-SGF,F:UC\G17,UC,20170213
UCH2017,UC 2017H-SGF,F:UC\H17,UC,20170313
UCJ2017,UC 2017J-SGF,F:UC\J17,UC,20170417
UCK2017,UC 2017K-SGF,F:UC\K17,UC,20170515
UCM2017,UC 2017M-SGF,F:UC\M17,UC,20170619
UCN2017,UC 2017N-SGF,F:UC\N17,UC,20170717
UCQ2017,UC 2017Q-SGF,F:UC\Q17,UC,20170814
UCU2017,UC 2017U-SGF,F:UC\U17,UC,20170918
UCV2017,UC 2017V-SGF,F:UC\V17,UC,20171016
UCX2017,UC 2017X-SGF,F:UC\X17,UC,20171113
UCZ2017,UC 2017Z-SGF,F:UC\Z17,UC,20171218
UCF2018,UC 2018F-SGF,F:UC\F18,UC,20180115
UCG2018,UC 2018G-SGF,F:UC\G18,UC,20180219
UCH2018,UC 2018H-SGF,F:UC\H18,UC,20180319
UCJ2018,UC 2018J-SGF,F:UC\J18,UC,20180416
UCK2018,UC 2018K-SGF,F:UC\K18,UC,20180514
UCM2018,UC 2018M-SGF,F:UC\M18,UC,20180618
UCN2018,UC 2018N-SGF,F:UC\N18,UC,20180716
UCQ2018,UC 2018Q-SGF,F:UC\Q18,UC,20180813
UCU2018,UC 2018U-SGF,F:UC\U18,UC,20180917
UCV2018,UC 2018V-SGF,F:UC\V18,UC,20181015
UCX2018,UC 2018X-SGF,F:UC\X18,UC,20181119
UCZ2018,UC 2018Z-SGF,F:UC\Z18,UC,20181217
UCF2019,UC 2019F-SGF,F:UC\F19,UC,20190114
UCG2019,UC 2019G-SGF,F:UC\G19,UC,20190218
UCH2019,UC 2019H-SGF,F:UC\H19,UC,20190318
UCJ2019,UC 2019J-SGF,F:UC\J19,UC,20190415
UCK2019,UC 2019K-SGF,F:UC\K19,UC,20190513
UCM2019,UC 2019M-SGF,F:UC\M19,UC,20190617
UCN2019,UC 2019N-SGF,F:UC\N19,UC,20190715
UCQ2019,UC 2019Q-SGF,F:UC\Q19,UC,20190819
UCU2019,UC 2019U-SGF,F:UC\U19,UC,20190916
UCV2019,UC 2019V-SGF,F:UC\V19,UC,20191014
UCX2019,UC 2019X-SGF,F:UC\X19,UC,20191118
UCZ2019,UC 2019Z-SGF,F:UC\Z19,UC,20191216
UCF2020,UC 2020F-SGF,F:UC\F20,UC,20200113
UCG2020,UC 2020G-SGF,F:UC\G20,UC,20200217
UCH2020,UC 2020H-SGF,F:UC\H20,UC,20200316
UCJ2020,UC 2020J-SGF,F:UC\J20,UC,20200413
UCK2020,UC 2020K-SGF,F:UC\K20,UC,20200518
UCM2020,UC 2020M-SGF,F:UC\M20,UC,20200615
UCN2020,UC 2020N-SGF,F:UC\N20,UC,20200713
UCQ2020,UC 2020Q-SGF,F:UC\Q20,UC,20200817
UCU2020,UC 2020U-SGF,F:UC\U20,UC,20200914
UCV2020,UC 2020V-SGF,F:UC\V20,UC,20201019
UCX2020,UC 2020X-SGF,F:UC\X20,UC,20201116
UCZ2020,UC 2020Z-SGF,F:UC\Z20,UC,20201214
UCF2021,UC 2021F-SGF,F:UC\F21,UC,20210118
UCG2021,UC 2021G-SGF,F:UC\G21,UC,20210211
UCH2021,UC 2021H-SGF,F:UC\H21,UC,20210315
UCJ2021,UC 2021J-SGF,F:UC\J21,UC,20210419
UCK2021,UC 2021K-SGF,F:UC\K21,UC,20210517
UCM2021,UC 2021M-SGF,F:UC\M21,UC,20210611
UCN2021,UC 2021N-SGF,F:UC\N21,UC,20210719
UCQ2021,UC 2021Q-SGF,F:UC\Q21,UC,20210816
UCU2021,UC 2021U-SGF,F:UC\U21,UC,20210913
UCV2021,UC 2021V-SGF,F:UC\V21,UC,20211018
UCX2021,UC 2021X-SGF,F:UC\X21,UC,20211115
UCZ2021,UC 2021Z-SGF,F:UC\Z21,UC,20211213
UCF2022,UC 2022F-SGF,F:UC\F22,UC,20220117
UCG2022,UC 2022G-SGF,F:UC\G22,UC,20220214
UCH2022,UC 2022H-SGF,F:UC\H22,UC,20220314
UCJ2022,UC 2022J-SGF,F:UC\J22,UC,20220414
UCK2022,UC 2022K-SGF,F:UC\K22,UC,20220516
UCM2022,UC 2022M-SGF,F:UC\M22,UC,20220613
UCN2022,UC 2022N-SGF,F:UC\N22,UC,20220718
UCQ2022,UC 2022Q-SGF,F:UC\Q22,UC,20220815
UCU2022,UC 2022U-SGF,F:UC\U22,UC,20220919
UCV2022,UC 2022V-SGF,F:UC\V22,UC,20221017
UCX2022,UC 2022X-SGF,F:UC\X22,UC,20221114
UCZ2022,UC 2022Z-SGF,F:UC\Z22,UC,20221219
UCF2023,UC 2023F-SGF,F:UC\F23,UC,20230116
UCG2023,UC 2023G-SGF,F:UC\G23,UC,20230213
UCH2023,UC 2023H-SGF,F:UC\H23,UC,20230313
UCJ2023,UC 2023J-SGF,F:UC\J23,UC,20230417
UCK2023,UC 2023K-SGF,F:UC\K23,UC,20230515
UCM2023,UC 2023M-SGF,F:UC\M23,UC,20230619
UCN2023,UC 2023N-SGF,F:UC\N23,UC,20230717
UCQ2023,UC 2023Q-SGF,F:UC\Q23,UC,20230814
UCU2023,UC 2023U-SGF,F:UC\U23,UC,20230918
UCV2023,UC 2023V-SGF,F:UC\V23,UC,20231016
UCX2023,UC 2023X-SGF,F:UC\X23,UC,20231113
UCZ2023,UC 2023Z-SGF,F:UC\Z23,UC,20231218
UCH2024,UC 2024H-SGF,F:UC\H24,UC,20240318
UCM2024,UC 2024M-SGF,F:UC\M24,UC,20240617
UCU2024,UC 2024U-SGF,F:UC\U24,UC,20240916
UCZ2024,UC 2024Z-SGF,F:UC\Z24,UC,20241216
UCH2025,UC 2025H-SGF,F:UC\H25,UC,20250317
UCM2025,UC 2025M-SGF,F:UC\M25,UC,20250616
UCU2025,UC 2025U-SGF,F:UC\U25,UC,20250915
UCZ2025,UC 2025Z-SGF,F:UC\Z25,UC,20251215
UJZ2014,UJ 2014Z-SGF,F:UJ\Z14,UJ,20141215
UJF2015,UJ 2015F-SGF,F:UJ\F15,UJ,20150119
UJG2015,UJ 2015G-SGF,F:UJ\G15,UJ,20150216
UJH2015,UJ 2015H-SGF,F:UJ\H15,UJ,20150316
UJJ2015,UJ 2015J-SGF,F:UJ\J15,UJ,20150413
UJK2015,UJ 2015K-SGF,F:UJ\K15,UJ,20150518
UJM2015,UJ 2015M-SGF,F:UJ\M15,UJ,20150615
UJN2015,UJ 2015N-SGF,F:UJ\N15,UJ,20150713
UJQ2015,UJ 2015Q-SGF,F:UJ\Q15,UJ,20150817
UJU2015,UJ 2015U-SGF,F:UJ\U15,UJ,20150914
UJV2015,UJ 2015V-SGF,F:UJ\V15,UJ,20151019
UJX2015,UJ 2015X-SGF,F:UJ\X15,UJ,20151116
UJZ2015,UJ 2015Z-SGF,F:UJ\Z15,UJ,20151214
UJF2016,UJ 2016F-SGF,F:UJ\F16,UJ,20160115
UJG2016,UJ 2016G-SGF,F:UJ\G16,UJ,20160212
UJH2016,UJ 2016H-SGF,F:UJ\H16,UJ,20160314
UJJ2016,UJ 2016J-SGF,F:UJ\J16,UJ,20160418
UJK2016,UJ 2016K-SGF,F:UJ\K16,UJ,20160516
UJM2016,UJ 2016M-SGF,F:UJ\M16,UJ,20160613
UJN2016,UJ 2016N-SGF,F:UJ\N16,UJ,20160718
UJQ2016,UJ 2016Q-SGF,F:UJ\Q16,UJ,20160815
UJU2016,UJ 2016U-SGF,F:UJ\U16,UJ,20160919
UJV2016,UJ 2016V-SGF,F:UJ\V16,UJ,20161017
UJX2016,UJ 2016X-SGF,F:UJ\X16,UJ,20161114
UJZ2016,UJ 2016Z-SGF,F:UJ\Z16,UJ,20161219
UJF2017,UJ 2017F-SGF,F:UJ\F17,UJ,20170116
UJG2017,UJ 2017G-SGF,F:UJ\G17,UJ,20170213
UJH2017,UJ 2017H-SGF,F:UJ\H17,UJ,20170313
UJJ2017,UJ 2017J-SGF,F:UJ\J17,UJ,20170417
UJK2017,UJ 2017K-SGF,F:UJ\K17,UJ,20170515
UJM2017,UJ 2017M-SGF,F:UJ\M17,UJ,20170619
UJN2017,UJ 2017N-SGF,F:UJ\N17,UJ,20170717
UJQ2017,UJ 2017Q-SGF,F:UJ\Q17,UJ,20170814
UJU2017,UJ 2017U-SGF,F:UJ\U17,UJ,20170918
UJV2017,UJ 2017V-SGF,F:UJ\V17,UJ,20171016
UJX2017,UJ 2017X-SGF,F:UJ\X17,UJ,20171113
UJZ2017,UJ 2017Z-SGF,F:UJ\Z17,UJ,20171218
UJF2018,UJ 2018F-SGF,F:UJ\F18,UJ,20180115
UJG2018,UJ 2018G-SGF,F:UJ\G18,UJ,20180219
UJH2018,UJ 2018H-SGF,F:UJ\H18,UJ,20180319
UJJ2018,UJ 2018J-SGF,F:UJ\J18,UJ,20180416
UJK2018,UJ 2018K-SGF,F:UJ\K18,UJ,20180514
UJM2018,UJ 2018M-SGF,F:UJ\M18,UJ,20180618
UJN2018,UJ 2018N-SGF,F:UJ\N18,UJ,20180716
UJQ2018,UJ 2018Q-SGF,F:UJ\Q18,UJ,20180813
UJU2018,UJ 2018U-SGF,F:UJ\U18,UJ,20180917
UJV2018,UJ 2018V-SGF,F:UJ\V18,UJ,20181015
UJX2018,UJ 2018X-SGF,F:UJ\X18,UJ,20181119
UJZ2018,UJ 2018Z-SGF,F:UJ\Z18,UJ,20181217
UJF2019,UJ 2019F-SGF,F:UJ\F19,UJ,20190114
UJG2019,UJ 2019G-SGF,F:UJ\G19,UJ,20190218
UJH2019,UJ 2019H-SGF,F:UJ\H19,UJ,20190318
UJJ2019,UJ 2019J-SGF,F:UJ\J19,UJ,20190415
UJK2019,UJ 2019K-SGF,F:UJ\K19,UJ,20190513
UJM2019,UJ 2019M-SGF,F:UJ\M19,UJ,20190617
UJN2019,UJ 2019N-SGF,F:UJ\N19,UJ,20190715
UJQ2019,UJ 2019Q-SGF,F:UJ\Q19,UJ,20190819
UJU2019,UJ 2019U-SGF,F:UJ\U19,UJ,20190916
UJV2019,UJ 2019V-SGF,F:UJ\V19,UJ,20191014
UJX2019,UJ 2019X-SGF,F:UJ\X19,UJ,20191118
UJZ2019,UJ 2019Z-SGF,F:UJ\Z19,UJ,20191216
UJF2020,UJ 2020F-SGF,F:UJ\F20,UJ,20200113
UJG2020,UJ 2020G-SGF,F:UJ\G20,UJ,20200217
UJH2020,UJ 2020H-SGF,F:UJ\H20,UJ,20200316
UJJ2020,UJ 2020J-SGF,F:UJ\J20,UJ,20200413
UJK2020,UJ 2020K-SGF,F:UJ\K20,UJ,20200518
UJM2020,UJ 2020M-SGF,F:UJ\M20,UJ,20200615
UJN2020,UJ 2020N-SGF,F:UJ\N20,UJ,20200713
UJQ2020,UJ 2020Q-SGF,F:UJ\Q20,UJ,20200817
UJU2020,UJ 2020U-SGF,F:UJ\U20,UJ,20200914
UJV2020,UJ 2020V-SGF,F:UJ\V20,UJ,20201019
UJX2020,UJ 2020X-SGF,F:UJ\X20,UJ,20201116
UJZ2020,UJ 2020Z-SGF,F:UJ\Z20,UJ,20201214
UJF2021,UJ 2021F-SGF,F:UJ\F21,UJ,20210118
UJG2021,UJ 2021G-SGF,F:UJ\G21,UJ,20210215
UJH2021,UJ 2021H-SGF,F:UJ\H21,UJ,20210315
UJJ2021,UJ 2021J-SGF,F:UJ\J21,UJ,20210419
UJK2021,UJ 2021K-SGF,F:UJ\K21,UJ,20210517
UJM2021,UJ 2021M-SGF,F:UJ\M21,UJ,20210614
UJN2021,UJ 2021N-SGF,F:UJ\N21,UJ,20210719
UJQ2021,UJ 2021Q-SGF,F:UJ\Q21,UJ,20210816
UJU2021,UJ 2021U-SGF,F:UJ\U21,UJ,20210913
UJV2021,UJ 2021V-SGF,F:UJ\V21,UJ,20211018
UJX2021,UJ 2021X-SGF,F:UJ\X21,UJ,20211115
UJZ2021,UJ 2021Z-SGF,F:UJ\Z21,UJ,20211213
UJF2022,UJ 2022F-SGF,F:UJ\F22,UJ,20220117
UJG2022,UJ 2022G-SGF,F:UJ\G22,UJ,20220214
UJH2022,UJ 2022H-SGF,F:UJ\H22,UJ,20220314
UJJ2022,UJ 2022J-SGF,F:UJ\J22,UJ,20220418
UJK2022,UJ 2022K-SGF,F:UJ\K22,UJ,20220516
UJM2022,UJ 2022M-SGF,F:UJ\M22,UJ,20220613
UJN2022,UJ 2022N-SGF,F:UJ\N22,UJ,20220718
UJQ2022,UJ 2022Q-SGF,F:UJ\Q22,UJ,20220815
UJU2022,UJ 2022U-SGF,F:UJ\U22,UJ,20220919
UJV2022,UJ 2022V-SGF,F:UJ\V22,UJ,20221017
UJX2022,UJ 2022X-SGF,F:UJ\X22,UJ,20221114
UJZ2022,UJ 2022Z-SGF,F:UJ\Z22,UJ,20221219
UJF2023,UJ 2023F-SGF,F:UJ\F23,UJ,20230116
UJG2023,UJ 2023G-SGF,F:UJ\G23,UJ,20230213
UJH2023,UJ 2023H-SGF,F:UJ\H23,UJ,20230313
UJJ2023,UJ 2023J-SGF,F:UJ\J23,UJ,20230417
UJK2023,UJ 2023K-SGF,F:UJ\K23,UJ,20230515
UJM2023,UJ 2023M-SGF,F:UJ\M23,UJ,20230619
UJN2023,UJ 2023N-SGF,F:UJ\N23,UJ,20230717
UJQ2023,UJ 2023Q-SGF,F:UJ\Q23,UJ,20230814
UJU2023,UJ 2023U-SGF,F:UJ\U23,UJ,20230918
UJV2023,UJ 2023V-SGF,F:UJ\V23,UJ,20231016
UJX2023,UJ 2023X-SGF,F:UJ\X23,UJ,20231113
USU2014,US 2014U-SGF,F:US\U14,US,20140915
USV2014,US 2014V-SGF,F:US\V14,US,20141013
USX2014,US 2014X-SGF,F:US\X14,US,20141117
USZ2014,US 2014Z-SGF,F:US\Z14,US,20141215
USF2015,US 2015F-SGF,F:US\F15,US,20150119
USG2015,US 2015G-SGF,F:US\G15,US,20150216
USH2015,US 2015H-SGF,F:US\H15,US,20150316
USJ2015,US 2015J-SGF,F:US\J15,US,20150413
USK2015,US 2015K-SGF,F:US\K15,US,20150518
USM2015,US 2015M-SGF,F:US\M15,US,20150615
USN2015,US 2015N-SGF,F:US\N15,US,20150713
USQ2015,US 2015Q-SGF,F:US\Q15,US,20150817
USU2015,US 2015U-SGF,F:US\U15,US,20150914
USV2015,US 2015V-SGF,F:US\V15,US,20151019
USX2015,US 2015X-SGF,F:US\X15,US,20151116
USZ2015,US 2015Z-SGF,F:US\Z15,US,20151214
USF2016,US 2016F-SGF,F:US\F16,US,20160115
USG2016,US 2016G-SGF,F:US\G16,US,20160212
USH2016,US 2016H-SGF,F:US\H16,US,20160314
USJ2016,US 2016J-SGF,F:US\J16,US,20160418
USK2016,US 2016K-SGF,F:US\K16,US,20160516
USM2016,US 2016M-SGF,F:US\M16,US,20160613
USN2016,US 2016N-SGF,F:US\N16,US,20160718
USQ2016,US 2016Q-SGF,F:US\Q16,US,20160815
USU2016,US 2016U-SGF,F:US\U16,US,20160919
USV2016,US 2016V-SGF,F:US\V16,US,20161017
USX2016,US 2016X-SGF,F:US\X16,US,20161114
USZ2016,US 2016Z-SGF,F:US\Z16,US,20161219
USF2017,US 2017F-SGF,F:US\F17,US,20170116
USG2017,US 2017G-SGF,F:US\G17,US,20170213
USH2017,US 2017H-SGF,F:US\H17,US,20170313
USJ2017,US 2017J-SGF,F:US\J17,US,20170417
USK2017,US 2017K-SGF,F:US\K17,US,20170515
USM2017,US 2017M-SGF,F:US\M17,US,20170619
USN2017,US 2017N-SGF,F:US\N17,US,20170717
USQ2017,US 2017Q-SGF,F:US\Q17,US,20170814
USU2017,US 2017U-SGF,F:US\U17,US,20170918
USV2017,US 2017V-SGF,F:US\V17,US,20171016
USX2017,US 2017X-SGF,F:US\X17,US,20171113
USZ2017,US 2017Z-SGF,F:US\Z17,US,20171218
USF2018,US 2018F-SGF,F:US\F18,US,20180115
USG2018,US 2018G-SGF,F:US\G18,US,20180219
USH2018,US 2018H-SGF,F:US\H18,US,20180319
USJ2018,US 2018J-SGF,F:US\J18,US,20180416
USK2018,US 2018K-SGF,F:US\K18,US,20180514
USM2018,US 2018M-SGF,F:US\M18,US,20180618
USN2018,US 2018N-SGF,F:US\N18,US,20180716
USQ2018,US 2018Q-SGF,F:US\Q18,US,20180813
USU2018,US 2018U-SGF,F:US\U18,US,20180917
USV2018,US 2018V-SGF,F:US\V18,US,20181015
USX2018,US 2018X-SGF,F:US\X18,US,20181119
USZ2018,US 2018Z-SGF,F:US\Z18,US,20181217
USF2019,US 2019F-SGF,F:US\F19,US,20190114
USG2019,US 2019G-SGF,F:US\G19,US,20190218
USH2019,US 2019H-SGF,F:US\H19,US,20190318
USJ2019,US 2019J-SGF,F:US\J19,US,20190415
USK2019,US 2019K-SGF,F:US\K19,US,20190513
USM2019,US 2019M-SGF,F:US\M19,US,20190617
USN2019,US 2019N-SGF,F:US\N19,US,20190715
USQ2019,US 2019Q-SGF,F:US\Q19,US,20190819
USU2019,US 2019U-SGF,F:US\U19,US,20190916
USV2019,US 2019V-SGF,F:US\V19,US,20191014
USX2019,US 2019X-SGF,F:US\X19,US,20191118
USZ2019,US 2019Z-SGF,F:US\Z19,US,20191216
USF2020,US 2020F-SGF,F:US\F20,US,20200113
USG2020,US 2020G-SGF,F:US\G20,US,20200217
USH2020,US 2020H-SGF,F:US\H20,US,20200316
USJ2020,US 2020J-SGF,F:US\J20,US,20200413
USK2020,US 2020K-SGF,F:US\K20,US,20200518
USM2020,US 2020M-SGF,F:US\M20,US,20200615
USN2020,US 2020N-SGF,F:US\N20,US,20200713
USQ2020,US 2020Q-SGF,F:US\Q20,US,20200817
USU2020,US 2020U-SGF,F:US\U20,US,20200914
USV2020,US 2020V-SGF,F:US\V20,US,20201019
USX2020,US 2020X-SGF,F:US\X20,US,20201116
USZ2020,US 2020Z-SGF,F:US\Z20,US,20201214
USF2021,US 2021F-SGF,F:US\F21,US,20210118
USG2021,US 2021G-SGF,F:US\G21,US,20210215
USH2021,US 2021H-SGF,F:US\H21,US,20210315
USJ2021,US 2021J-SGF,F:US\J21,US,20210419
USK2021,US 2021K-SGF,F:US\K21,US,20210517
USM2021,US 2021M-SGF,F:US\M21,US,20210614
USN2021,US 2021N-SGF,F:US\N21,US,20210716
USQ2021,US 2021Q-SGF,F:US\Q21,US,20210816
USU2021,US 2021U-SGF,F:US\U21,US,20210913
USV2021,US 2021V-SGF,F:US\V21,US,20211018
USX2021,US 2021X-SGF,F:US\X21,US,20211115
USZ2021,US 2021Z-SGF,F:US\Z21,US,20211213
USF2022,US 2022F-SGF,F:US\F22,US,20220117
USG2022,US 2022G-SGF,F:US\G22,US,20220214
USH2022,US 2022H-SGF,F:US\H22,US,20220314
USJ2022,US 2022J-SGF,F:US\J22,US,20220418
USK2022,US 2022K-SGF,F:US\K22,US,20220513
USM2022,US 2022M-SGF,F:US\M22,US,20220613
USN2022,US 2022N-SGF,F:US\N22,US,20220718
USQ2022,US 2022Q-SGF,F:US\Q22,US,20220815
USU2022,US 2022U-SGF,F:US\U22,US,20220919
USV2022,US 2022V-SGF,F:US\V22,US,20221017
USX2022,US 2022X-SGF,F:US\X22,US,20221114
USZ2022,US 2022Z-SGF,F:US\Z22,US,20221219
USF2023,US 2023F-SGF,F:US\F23,US,20230116
USG2023,US 2023G-SGF,F:US\G23,US,20230213
USH2023,US 2023H-SGF,F:US\H23,US,20230313
USJ2023,US 2023J-SGF,F:US\J23,US,20230417
USK2023,US 2023K-SGF,F:US\K23,US,20230515
USM2023,US 2023M-SGF,F:US\M23,US,20230619
USN2023,US 2023N-SGF,F:US\N23,US,20230717
USQ2023,US 2023Q-SGF,F:US\Q23,US,20230814
USU2023,US 2023U-SGF,F:US\U23,US,20230918
USV2023,US 2023V-SGF,F:US\V23,US,20231016
USX2023,US 2023X-SGF,F:US\X23,US,20231110
UYZ2014,UY 2014Z-SGF,F:UY\Z14,UY,20141230
UYF2015,UY 2015F-SGF,F:UY\F15,UY,20150129
UYG2015,UY 2015G-SGF,F:UY\G15,UY,20150226
UYH2015,UY 2015H-SGF,F:UY\H15,UY,20150330
UYJ2015,UY 2015J-SGF,F:UY\J15,UY,20150429
UYK2015,UY 2015K-SGF,F:UY\K15,UY,20150528
UYM2015,UY 2015M-SGF,F:UY\M15,UY,20150629
UYN2015,UY 2015N-SGF,F:UY\N15,UY,20150730
UYQ2015,UY 2015Q-SGF,F:UY\Q15,UY,20150828
UYU2015,UY 2015U-SGF,F:UY\U15,UY,20150929
UYV2015,UY 2015V-SGF,F:UY\V15,UY,20151029
UYX2015,UY 2015X-SGF,F:UY\X15,UY,20151127
UYZ2015,UY 2015Z-SGF,F:UY\Z15,UY,20151230
UYF2016,UY 2016F-SGF,F:UY\F16,UY,20160128
UYG2016,UY 2016G-SGF,F:UY\G16,UY,20160226
UYH2016,UY 2016H-SGF,F:UY\H16,UY,20160330
UYJ2016,UY 2016J-SGF,F:UY\J16,UY,20160428
UYK2016,UY 2016K-SGF,F:UY\K16,UY,20160530
UYM2016,UY 2016M-SGF,F:UY\M16,UY,20160629
UYN2016,UY 2016N-SGF,F:UY\N16,UY,20160728
UYQ2016,UY 2016Q-SGF,F:UY\Q16,UY,20160830
UYU2016,UY 2016U-SGF,F:UY\U16,UY,20160929
UYV2016,UY 2016V-SGF,F:UY\V16,UY,20161028
UYX2016,UY 2016X-SGF,F:UY\X16,UY,20161129
UYZ2016,UY 2016Z-SGF,F:UY\Z16,UY,20161229
UYF2017,UY 2017F-SGF,F:UY\F17,UY,20170126
UYG2017,UY 2017G-SGF,F:UY\G17,UY,20170227
UYH2017,UY 2017H-SGF,F:UY\H17,UY,20170330
UYJ2017,UY 2017J-SGF,F:UY\J17,UY,20170427
UYK2017,UY 2017K-SGF,F:UY\K17,UY,20170529
UYM2017,UY 2017M-SGF,F:UY\M17,UY,20170629
UYN2017,UY 2017N-SGF,F:UY\N17,UY,20170728
UYQ2017,UY 2017Q-SGF,F:UY\Q17,UY,20170830
UYU2017,UY 2017U-SGF,F:UY\U17,UY,20170928
UYV2017,UY 2017V-SGF,F:UY\V17,UY,20171030
UYX2017,UY 2017X-SGF,F:UY\X17,UY,20171129
UYZ2017,UY 2017Z-SGF,F:UY\Z17,UY,20171228
UYF2018,UY 2018F-SGF,F:UY\F18,UY,20180130
UYG2018,UY 2018G-SGF,F:UY\G18,UY,20180227
UYH2018,UY 2018H-SGF,F:UY\H18,UY,20180328
UYJ2018,UY 2018J-SGF,F:UY\J18,UY,20180427
UYK2018,UY 2018K-SGF,F:UY\K18,UY,20180530
UYM2018,UY 2018M-SGF,F:UY\M18,UY,20180628
UYN2018,UY 2018N-SGF,F:UY\N18,UY,20180730
UYQ2018,UY 2018Q-SGF,F:UY\Q18,UY,20180830
UYU2018,UY 2018U-SGF,F:UY\U18,UY,20180927
UYV2018,UY 2018V-SGF,F:UY\V18,UY,20181030
UYX2018,UY 2018X-SGF,F:UY\X18,UY,20181129
UYZ2018,UY 2018Z-SGF,F:UY\Z18,UY,20181228
UYF2019,UY 2019F-SGF,F:UY\F19,UY,20190130
UYG2019,UY 2019G-SGF,F:UY\G19,UY,20190227
UYH2019,UY 2019H-SGF,F:UY\H19,UY,20190328
UYJ2019,UY 2019J-SGF,F:UY\J19,UY,20190429
UYK2019,UY 2019K-SGF,F:UY\K19,UY,20190530
UYM2019,UY 2019M-SGF,F:UY\M19,UY,20190627
UYN2019,UY 2019N-SGF,F:UY\N19,UY,20190730
UYQ2019,UY 2019Q-SGF,F:UY\Q19,UY,20190829
UYU2019,UY 2019U-SGF,F:UY\U19,UY,20190916
UYV2019,UY 2019V-SGF,F:UY\V19,UY,20191014
UYX2019,UY 2019X-SGF,F:UY\X19,UY,20191118
UYZ2019,UY 2019Z-SGF,F:UY\Z19,UY,20191216
UYF2020,UY 2020F-SGF,F:UY\F20,UY,20200113
UYG2020,UY 2020G-SGF,F:UY\G20,UY,20200217
UYH2020,UY 2020H-SGF,F:UY\H20,UY,20200316
UYJ2020,UY 2020J-SGF,F:UY\J20,UY,20200413
UYK2020,UY 2020K-SGF,F:UY\K20,UY,20200518
UYM2020,UY 2020M-SGF,F:UY\M20,UY,20200615
UYN2020,UY 2020N-SGF,F:UY\N20,UY,20200713
UYQ2020,UY 2020Q-SGF,F:UY\Q20,UY,20200817
UYU2020,UY 2020U-SGF,F:UY\U20,UY,20200914
UYV2020,UY 2020V-SGF,F:UY\V20,UY,20201019
UYX2020,UY 2020X-SGF,F:UY\X20,UY,20201116
UYZ2020,UY 2020Z-SGF,F:UY\Z20,UY,20201214
UYF2021,UY 2021F-SGF,F:UY\F21,UY,20210118
UYG2021,UY 2021G-SGF,F:UY\G21,UY,20210215
UYH2021,UY 2021H-SGF,F:UY\H21,UY,20210315
UYJ2021,UY 2021J-SGF,F:UY\J21,UY,20210419
UYK2021,UY 2021K-SGF,F:UY\K21,UY,20210517
UYM2021,UY 2021M-SGF,F:UY\M21,UY,20210614
UYN2021,UY 2021N-SGF,F:UY\N21,UY,20210719
UYQ2021,UY 2021Q-SGF,F:UY\Q21,UY,20210816
UYU2021,UY 2021U-SGF,F:UY\U21,UY,20210913
UYV2021,UY 2021V-SGF,F:UY\V21,UY,20211018
UYX2021,UY 2021X-SGF,F:UY\X21,UY,20211115
UYZ2021,UY 2021Z-SGF,F:UY\Z21,UY,20211213
UYF2022,UY 2022F-SGF,F:UY\F22,UY,20220117
UYG2022,UY 2022G-SGF,F:UY\G22,UY,20220214
UYH2022,UY 2022H-SGF,F:UY\H22,UY,20220314
UYJ2022,UY 2022J-SGF,F:UY\J22,UY,20220418
UYK2022,UY 2022K-SGF,F:UY\K22,UY,20220516
UYM2022,UY 2022M-SGF,F:UY\M22,UY,20220613
UYN2022,UY 2022N-SGF,F:UY\N22,UY,20220718
UYQ2022,UY 2022Q-SGF,F:UY\Q22,UY,20220815
UYU2022,UY 2022U-SGF,F:UY\U22,UY,20220919
UYV2022,UY 2022V-SGF,F:UY\V22,UY,20221017
UYX2022,UY 2022X-SGF,F:UY\X22,UY,20221114
UYZ2022,UY 2022Z-SGF,F:UY\Z22,UY,20221219
UYF2023,UY 2023F-SGF,F:UY\F23,UY,20230116
UYG2023,UY 2023G-SGF,F:UY\G23,UY,20230213
UYH2023,UY 2023H-SGF,F:UY\H23,UY,20230313
UYJ2023,UY 2023J-SGF,F:UY\J23,UY,20230417
UYK2023,UY 2023K-SGF,F:UY\K23,UY,20230515
UYM2023,UY 2023M-SGF,F:UY\M23,UY,20230619
UYN2023,UY 2023N-SGF,F:UY\N23,UY,20230717
UYQ2023,UY 2023Q-SGF,F:UY\Q23,UY,20230814
UYU2023,UY 2023U-SGF,F:UY\U23,UY,20230918
UYV2023,UY 2023V-SGF,F:UY\V23,UY,20231016
UYX2023,UY 2023X-SGF,F:UY\X23,UY,20231113
YSF2017,YS 2017F-SGF,F:YS\F17,YS,20170116
YSG2017,YS 2017G-SGF,F:YS\G17,YS,20170213
YSH2017,YS 2017H-SGF,F:YS\H17,YS,20170313
YSJ2017,YS 2017J-SGF,F:YS\J17,YS,20170417
YSK2017,YS 2017K-SGF,F:YS\K17,YS,20170515
YSM2017,YS 2017M-SGF,F:YS\M17,YS,20170619
YSN2017,YS 2017N-SGF,F:YS\N17,YS,20170717
YSQ2017,YS 2017Q-SGF,F:YS\Q17,YS,20170814
YSU2017,YS 2017U-SGF,F:YS\U17,YS,20170918
YSV2017,YS 2017V-SGF,F:YS\V17,YS,20171016
YSX2017,YS 2017X-SGF,F:YS\X17,YS,20171113
YSZ2017,YS 2017Z-SGF,F:YS\Z17,YS,20171218
YSF2018,YS 2018F-SGF,F:YS\F18,YS,20180115
YSG2018,YS 2018G-SGF,F:YS\G18,YS,20180219
YSH2018,YS 2018H-SGF,F:YS\H18,YS,20180319
YSJ2018,YS 2018J-SGF,F:YS\J18,YS,20180416
YSK2018,YS 2018K-SGF,F:YS\K18,YS,20180514
YSM2018,YS 2018M-SGF,F:YS\M18,YS,20180618
YSN2018,YS 2018N-SGF,F:YS\N18,YS,20180716
YSQ2018,YS 2018Q-SGF,F:YS\Q18,YS,20180813
YSU2018,YS 2018U-SGF,F:YS\U18,YS,20180917
YSV2018,YS 2018V-SGF,F:YS\V18,YS,20181015
YSX2018,YS 2018X-SGF,F:YS\X18,YS,20181119
YSZ2018,YS 2018Z-SGF,F:YS\Z18,YS,20181217
YSF2019,YS 2019F-SGF,F:YS\F19,YS,20190114
YSG2019,YS 2019G-SGF,F:YS\G19,YS,20190218
YSH2019,YS 2019H-SGF,F:YS\H19,YS,20190318
YSJ2019,YS 2019J-SGF,F:YS\J19,YS,20190415
YSK2019,YS 2019K-SGF,F:YS\K19,YS,20190513
YSM2019,YS 2019M-SGF,F:YS\M19,YS,20190617
YSN2019,YS 2019N-SGF,F:YS\N19,YS,20190715
YSQ2019,YS 2019Q-SGF,F:YS\Q19,YS,20190819
YSU2019,YS 2019U-SGF,F:YS\U19,YS,20190916
YSV2019,YS 2019V-SGF,F:YS\V19,YS,20191014
YSX2019,YS 2019X-SGF,F:YS\X19,YS,20191118
YSZ2019,YS 2019Z-SGF,F:YS\Z19,YS,20191216
YSF2020,YS 2020F-SGF,F:YS\F20,YS,20200113
YSG2020,YS 2020G-SGF,F:YS\G20,YS,20200217
YSH2020,YS 2020H-SGF,F:YS\H20,YS,20200316
YSJ2020,YS 2020J-SGF,F:YS\J20,YS,20200413
YSK2020,YS 2020K-SGF,F:YS\K20,YS,20200518
YSM2020,YS 2020M-SGF,F:YS\M20,YS,20200615
YSN2020,YS 2020N-SGF,F:YS\N20,YS,20200713
YSQ2020,YS 2020Q-SGF,F:YS\Q20,YS,20200817
YSU2020,YS 2020U-SGF,F:YS\U20,YS,20200914
YSV2020,YS 2020V-SGF,F:YS\V20,YS,20201019
YSX2020,YS 2020X-SGF,F:YS\X20,YS,20201116
YSZ2020,YS 2020Z-SGF,F:YS\Z20,YS,20201214
YSF2021,YS 2021F-SGF,F:YS\F21,YS,20210118
YSG2021,YS 2021G-SGF,F:YS\G21,YS,20210209
YSH2021,YS 2021H-SGF,F:YS\H21,YS,20210315
YSJ2021,YS 2021J-SGF,F:YS\J21,YS,20210419
YSK2021,YS 2021K-SGF,F:YS\K21,YS,20210517
YSM2021,YS 2021M-SGF,F:YS\M21,YS,20210611
YSN2021,YS 2021N-SGF,F:YS\N21,YS,20210719
YSQ2021,YS 2021Q-SGF,F:YS\Q21,YS,20210816
YSU2021,YS 2021U-SGF,F:YS\U21,YS,20210913
YSV2021,YS 2021V-SGF,F:YS\V21,YS,20211018
YSX2021,YS 2021X-SGF,F:YS\X21,YS,20211115
YSZ2021,YS 2021Z-SGF,F:YS\Z21,YS,20211213
YSF2022,YS 2022F-SGF,F:YS\F22,YS,20220117
YSG2022,YS 2022G-SGF,F:YS\G22,YS,20220214
YSH2022,YS 2022H-SGF,F:YS\H22,YS,20220314
YSJ2022,YS 2022J-SGF,F:YS\J22,YS,20220418
YSK2022,YS 2022K-SGF,F:YS\K22,YS,20220516
YSM2022,YS 2022M-SGF,F:YS\M22,YS,20220613
YSN2022,YS 2022N-SGF,F:YS\N22,YS,20220718
YSQ2022,YS 2022Q-SGF,F:YS\Q22,YS,20220815
YSU2022,YS 2022U-SGF,F:YS\U22,YS,20220919
YSV2022,YS 2022V-SGF,F:YS\V22,YS,20221017
YSX2022,YS 2022X-SGF,F:YS\X22,YS,20221114
YSZ2022,YS 2022Z-SGF,F:YS\Z22,YS,20221219
YSF2023,YS 2023F-SGF,F:YS\F23,YS,20230116
YSG2023,YS 2023G-SGF,F:YS\G23,YS,20230213
YSH2023,YS 2023H-SGF,F:YS\H23,YS,20230313
YSJ2023,YS 2023J-SGF,F:YS\J23,YS,20230417
YSK2023,YS 2023K-SGF,F:YS\K23,YS,20230515
YSM2023,YS 2023M-SGF,F:YS\M23,YS,20230619
YSN2023,YS 2023N-SGF,F:YS\N23,YS,20230717
YSQ2023,YS 2023Q-SGF,F:YS\Q23,YS,20230814
YSU2023,YS 2023U-SGF,F:YS\U23,YS,20230918
YSV2023,YS 2023V-SGF,F:YS\V23,YS,20231016
YSX2023,YS 2023X-SGF,F:YS\X23,YS,20231113
YSZ2023,YS 2023Z-SGF,F:YS\Z23,YS,20231218
YSH2024,YS 2024H-SGF,F:YS\H24,YS,20240318
YSM2024,YS 2024M-SGF,F:YS\M24,YS,20240617
YSU2024,YS 2024U-SGF,F:YS\U24,YS,20240913
YSZ2024,YS 2024Z-SGF,F:YS\Z24,YS,20241216
YSH2025,YS 2025H-SGF,F:YS\H25,YS,20250317
YSM2025,YS 2025M-SGF,F:YS\M25,YS,20250616
YSU2025,YS 2025U-SGF,F:YS\U25,YS,20250915
YSZ2025,YS 2025Z-SGF,F:YS\Z25,YS,20251215
