TGABG1998,REDB G1998-TGE,F:OTGAB\G98,TGAB,19980223
TGABH1998,REDB H1998-TGE,F:OTGAB\H98,TGAB,19980326
TGABJ1998,REDB J1998-TGE,F:OTGAB\J98,TGAB,19980424
TGABK1998,REDB K1998-TGE,F:OTGAB\K98,TGAB,19980526
TGABM1998,REDB M1998-TGE,F:OTGAB\M98,TGAB,19980625
TGABN1998,REDB N1998-TGE,F:OTGAB\N98,TGAB,19980728
TGABQ1998,REDB Q1998-TGE,F:OTGAB\Q98,TGAB,19980826
TGABU1998,REDB U1998-TGE,F:OTGAB\U98,TGAB,19980925
TGABV1998,REDB V1998-TGE,F:OTGAB\V98,TGAB,19981027
TGABX1998,REDB X1998-TGE,F:OTGAB\X98,TGAB,19981125
TGABZ1998,REDB Z1998-TGE,F:OTGAB\Z98,TGAB,19981221
TGABF1999,REDB F1999-TGE,F:OTGAB\F99,TGAB,19990126
TGABG1999,REDB G1999-TGE,F:OTGAB\G99,TGAB,19990223
TGABH1999,REDB H1999-TGE,F:OTGAB\H99,TGAB,19990326
TGABJ1999,REDB J1999-TGE,F:OTGAB\J99,TGAB,19990426
TGABK1999,REDB K1999-TGE,F:OTGAB\K99,TGAB,19990526
TGABM1999,REDB M1999-TGE,F:OTGAB\M99,TGAB,19990625
TGABN1999,REDB N1999-TGE,F:OTGAB\N99,TGAB,19990727
TGABQ1999,REDB Q1999-TGE,F:OTGAB\Q99,TGAB,19990826
TGABU1999,REDB U1999-TGE,F:OTGAB\U99,TGAB,19990927
TGABV1999,REDB V1999-TGE,F:OTGAB\V99,TGAB,19991026
TGABX1999,REDB X1999-TGE,F:OTGAB\X99,TGAB,19991125
TGABZ1999,REDB Z1999-TGE,F:OTGAB\Z99,TGAB,19991221
TGABF2000,REDB F2000-TGE,F:OTGAB\F00,TGAB,20000126
TGABG2000,REDB G2000-TGE,F:OTGAB\G00,TGAB,20000224
TGABH2000,REDB H2000-TGE,F:OTGAB\H00,TGAB,20000328
TGABJ2000,REDB J2000-TGE,F:OTGAB\J00,TGAB,20000425
TGABK2000,REDB K2000-TGE,F:OTGAB\K00,TGAB,20000526
TGABM2000,REDB M2000-TGE,F:OTGAB\M00,TGAB,20000627
TGABN2000,REDB N2000-TGE,F:OTGAB\N00,TGAB,20000726
TGABQ2000,REDB Q2000-TGE,F:OTGAB\Q00,TGAB,20000828
TGABU2000,REDB U2000-TGE,F:OTGAB\U00,TGAB,20000926
TGABV2000,REDB V2000-TGE,F:OTGAB\V00,TGAB,20001026
TGABX2000,REDB X2000-TGE,F:OTGAB\X00,TGAB,20001127
TGABZ2000,REDB Z2000-TGE,F:OTGAB\Z00,TGAB,20001220
TGABF2001,REDB F2001-TGE,F:OTGAB\F01,TGAB,20010126
TGABG2001,REDB G2001-TGE,F:OTGAB\G01,TGAB,20010223
TGABH2001,REDB H2001-TGE,F:OTGAB\H01,TGAB,20010327
TGABJ2001,REDB J2001-TGE,F:OTGAB\J01,TGAB,20010424
TGABK2001,REDB K2001-TGE,F:OTGAB\K01,TGAB,20010528
TGABM2001,REDB M2001-TGE,F:OTGAB\M01,TGAB,20010626
TGABN2001,REDB N2001-TGE,F:OTGAB\N01,TGAB,20010726
TGABQ2001,REDB Q2001-TGE,F:OTGAB\Q01,TGAB,20010828
TGABU2001,REDB U2001-TGE,F:OTGAB\U01,TGAB,20010925
TGABV2001,REDB V2001-TGE,F:OTGAB\V01,TGAB,20011026
TGABX2001,REDB X2001-TGE,F:OTGAB\X01,TGAB,20011127
TGABZ2001,REDB Z2001-TGE,F:OTGAB\Z01,TGAB,20011219
TGABF2002,REDB F2002-TGE,F:OTGAB\F02,TGAB,20020128
TGABG2002,REDB G2002-TGE,F:OTGAB\G02,TGAB,20020225
TGABH2002,REDB H2002-TGE,F:OTGAB\H02,TGAB,20020326
TGABJ2002,REDB J2002-TGE,F:OTGAB\J02,TGAB,20020424
TGABK2002,REDB K2002-TGE,F:OTGAB\K02,TGAB,20020528
TGABM2002,REDB M2002-TGE,F:OTGAB\M02,TGAB,20020625
TGABN2002,REDB N2002-TGE,F:OTGAB\N02,TGAB,20020726
TGABQ2002,REDB Q2002-TGE,F:OTGAB\Q02,TGAB,20020827
TGABU2002,REDB U2002-TGE,F:OTGAB\U02,TGAB,20020925
TGABV2002,REDB V2002-TGE,F:OTGAB\V02,TGAB,20021028
TGABX2002,REDB X2002-TGE,F:OTGAB\X02,TGAB,20021126
TGABZ2002,REDB Z2002-TGE,F:OTGAB\Z02,TGAB,20021219
TGABF2003,REDB F2003-TGE,F:OTGAB\F03,TGAB,20030128
TGABG2003,REDB G2003-TGE,F:OTGAB\G03,TGAB,20030225
TGABH2003,REDB H2003-TGE,F:OTGAB\H03,TGAB,20030326
TGABJ2003,REDB J2003-TGE,F:OTGAB\J03,TGAB,20030423
TGABK2003,REDB K2003-TGE,F:OTGAB\K03,TGAB,20030527
TGABM2003,REDB M2003-TGE,F:OTGAB\M03,TGAB,20030623
TGABN2003,REDB N2003-TGE,F:OTGAB\N03,TGAB,20030728
TGABQ2003,REDB Q2003-TGE,F:OTGAB\Q03,TGAB,20030826
TGABU2003,REDB U2003-TGE,F:OTGAB\U03,TGAB,20030925
TGABV2003,REDB V2003-TGE,F:OTGAB\V03,TGAB,20031028
TGABX2003,REDB X2003-TGE,F:OTGAB\X03,TGAB,20031125
TGABZ2003,REDB Z2003-TGE,F:OTGAB\Z03,TGAB,20031219
TGABF2004,REDB F2004-TGE,F:OTGAB\F04,TGAB,20040127
TGABG2004,REDB G2004-TGE,F:OTGAB\G04,TGAB,20040224
TGABH2004,REDB H2004-TGE,F:OTGAB\H04,TGAB,20040326
TGABJ2004,REDB J2004-TGE,F:OTGAB\J04,TGAB,20040426
TGABK2004,REDB K2004-TGE,F:OTGAB\K04,TGAB,20040526
TGABM2004,REDB M2004-TGE,F:OTGAB\M04,TGAB,20040625
TGABN2004,REDB N2004-TGE,F:OTGAB\N04,TGAB,20040727
TGABQ2004,REDB Q2004-TGE,F:OTGAB\Q04,TGAB,20040826
TGABU2004,REDB U2004-TGE,F:OTGAB\U04,TGAB,20040927
TGABV2004,REDB V2004-TGE,F:OTGAB\V04,TGAB,20041026
TGABX2004,REDB X2004-TGE,F:OTGAB\X04,TGAB,20041125
TGABZ2004,REDB Z2004-TGE,F:OTGAB\Z04,TGAB,20041221
TGABF2005,REDB F2005-TGE,F:OTGAB\F05,TGAB,20050126
TGABG2005,REDB G2005-TGE,F:OTGAB\G05,TGAB,20050223
TGABH2005,REDB H2005-TGE,F:OTGAB\H05,TGAB,20050328
TGABJ2005,REDB J2005-TGE,F:OTGAB\J05,TGAB,20050425
TGABK2005,REDB K2005-TGE,F:OTGAB\K05,TGAB,20050526
TGABM2005,REDB M2005-TGE,F:OTGAB\M05,TGAB,20050627
TGABN2005,REDB N2005-TGE,F:OTGAB\N05,TGAB,20050726
TGABQ2005,REDB Q2005-TGE,F:OTGAB\Q05,TGAB,20050826
TGABU2005,REDB U2005-TGE,F:OTGAB\U05,TGAB,20050927
TGABV2005,REDB V2005-TGE,F:OTGAB\V05,TGAB,20051026
TGABX2005,REDB X2005-TGE,F:OTGAB\X05,TGAB,20051125
TGABZ2005,REDB Z2005-TGE,F:OTGAB\Z05,TGAB,20051220
TGABF2006,REDB F2006-TGE,F:OTGAB\F06,TGAB,20060126
TGABG2006,REDB G2006-TGE,F:OTGAB\G06,TGAB,20060223
TGABH2006,REDB H2006-TGE,F:OTGAB\H06,TGAB,20060328
TGABJ2006,REDB J2006-TGE,F:OTGAB\J06,TGAB,20060425
TGABK2006,REDB K2006-TGE,F:OTGAB\K06,TGAB,20060526
TGABM2006,REDB M2006-TGE,F:OTGAB\M06,TGAB,20060627
TGABN2006,REDB N2006-TGE,F:OTGAB\N06,TGAB,20060726
TGABQ2006,REDB Q2006-TGE,F:OTGAB\Q06,TGAB,20060828
TGABU2006,REDB U2006-TGE,F:OTGAB\U06,TGAB,20060926
TGABV2006,REDB V2006-TGE,F:OTGAB\V06,TGAB,20061031
TGABX2006,REDB X2006-TGE,F:OTGAB\X06,TGAB,20061130
TGABZ2006,REDB Z2006-TGE,F:OTGAB\Z06,TGAB,20061229
TGABF2007,REDB F2007-TGE,F:OTGAB\F07,TGAB,20070131
TGABG2007,REDB G2007-TGE,F:OTGAB\G07,TGAB,20070228
TGABH2007,REDB H2007-TGE,F:OTGAB\H07,TGAB,20070330
TGABJ2007,REDB J2007-TGE,F:OTGAB\J07,TGAB,20070430
TGABK2007,REDB K2007-TGE,F:OTGAB\K07,TGAB,20070531
TGABM2007,REDB M2007-TGE,F:OTGAB\M07,TGAB,20070629
TGABN2007,REDB N2007-TGE,F:OTGAB\N07,TGAB,20070731
TGABQ2007,REDB Q2007-TGE,F:OTGAB\Q07,TGAB,20070831
TGABU2007,REDB U2007-TGE,F:OTGAB\U07,TGAB,20070928
TGABV2007,REDB V2007-TGE,F:OTGAB\V07,TGAB,20071031
TGABX2007,REDB X2007-TGE,F:OTGAB\X07,TGAB,20071130
TGABZ2007,REDB Z2007-TGE,F:OTGAB\Z07,TGAB,20071231
TGABF2008,REDB F2008-TGE,F:OTGAB\F08,TGAB,20080128
TGABG2008,REDB G2008-TGE,F:OTGAB\G08,TGAB,20080229
TGABH2008,REDB H2008-TGE,F:OTGAB\H08,TGAB,20080326
TGABJ2008,REDB J2008-TGE,F:OTGAB\J08,TGAB,20080424
TGABK2008,REDB K2008-TGE,F:OTGAB\K08,TGAB,20080527
TGABM2008,REDB M2008-TGE,F:OTGAB\M08,TGAB,20080625
TGABN2008,REDB N2008-TGE,F:OTGAB\N08,TGAB,20080728
TGABQ2008,REDB Q2008-TGE,F:OTGAB\Q08,TGAB,20080826
TGABU2008,REDB U2008-TGE,F:OTGAB\U08,TGAB,20080925
TGABV2008,REDB V2008-TGE,F:OTGAB\V08,TGAB,20081028
TGABX2008,REDB X2008-TGE,F:OTGAB\X08,TGAB,20081125
TGABZ2008,REDB Z2008-TGE,F:OTGAB\Z08,TGAB,20081219
TGABF2009,REDB F2009-TGE,F:OTGAB\F09,TGAB,20090127
TGABG2009,REDB G2009-TGE,F:OTGAB\G09,TGAB,20090224
TGABH2009,REDB H2009-TGE,F:OTGAB\H09,TGAB,20090326
TGABJ2009,REDB J2009-TGE,F:OTGAB\J09,TGAB,20090424
TGABK2009,REDB K2009-TGE,F:OTGAB\K09,TGAB,20090526
TGABM2009,REDB M2009-TGE,F:OTGAB\M09,TGAB,20090625
TGABN2009,REDB N2009-TGE,F:OTGAB\N09,TGAB,20090728
TGABQ2009,REDB Q2009-TGE,F:OTGAB\Q09,TGAB,20090826
TGABU2009,REDB U2009-TGE,F:OTGAB\U09,TGAB,20090925
TGABV2009,REDB V2009-TGE,F:OTGAB\V09,TGAB,20091027
TGABX2009,REDB X2009-TGE,F:OTGAB\X09,TGAB,20091125
TGABZ2009,REDB Z2009-TGE,F:OTGAB\Z09,TGAB,20091221
TGABF2010,REDB F2010-TGE,F:OTGAB\F10,TGAB,20100126
TGABG2010,REDB G2010-TGE,F:OTGAB\G10,TGAB,20100223
TGABH2010,REDB H2010-TGE,F:OTGAB\H10,TGAB,20100326
TGABJ2010,REDB J2010-TGE,F:OTGAB\J10,TGAB,20100426
TGABK2010,REDB K2010-TGE,F:OTGAB\K10,TGAB,20100526
TGABM2010,REDB M2010-TGE,F:OTGAB\M10,TGAB,20100625
TGABN2010,REDB N2010-TGE,F:OTGAB\N10,TGAB,20100727
TGABQ2010,REDB Q2010-TGE,F:OTGAB\Q10,TGAB,20100826
TGABU2010,REDB U2010-TGE,F:OTGAB\U10,TGAB,20100927
TGABV2010,REDB V2010-TGE,F:OTGAB\V10,TGAB,20101026
TGABX2010,REDB X2010-TGE,F:OTGAB\X10,TGAB,20101125
TGABZ2010,REDB Z2010-TGE,F:OTGAB\Z10,TGAB,20101221
TGABF2011,REDB F2011-TGE,F:OTGAB\F11,TGAB,20110131
TGABG2011,REDB G2011-TGE,F:OTGAB\G11,TGAB,20110223
TGABH2011,REDB H2011-TGE,F:OTGAB\H11,TGAB,20110328
TGABJ2011,REDB J2011-TGE,F:OTGAB\J11,TGAB,20110425
TGABK2011,REDB K2011-TGE,F:OTGAB\K11,TGAB,20110526
TGABM2011,REDB M2011-TGE,F:OTGAB\M11,TGAB,20110627
TGABN2011,REDB N2011-TGE,F:OTGAB\N11,TGAB,20110726
TGABQ2011,REDB Q2011-TGE,F:OTGAB\Q11,TGAB,20110826
TGABU2011,REDB U2011-TGE,F:OTGAB\U11,TGAB,20110927
TGABV2011,REDB V2011-TGE,F:OTGAB\V11,TGAB,20111026
TGABX2011,REDB X2011-TGE,F:OTGAB\X11,TGAB,20111125
TGABZ2011,REDB Z2011-TGE,F:OTGAB\Z11,TGAB,20111220
TGABF2012,REDB F2012-TGE,F:OTGAB\F12,TGAB,20120126
TGABG2012,REDB G2012-TGE,F:OTGAB\G12,TGAB,20120224
TGABH2012,REDB H2012-TGE,F:OTGAB\H12,TGAB,20120327
TGABJ2012,REDB J2012-TGE,F:OTGAB\J12,TGAB,20120424
TGABK2012,REDB K2012-TGE,F:OTGAB\K12,TGAB,20120528
TGABM2012,REDB M2012-TGE,F:OTGAB\M12,TGAB,20120626
TGABN2012,REDB N2012-TGE,F:OTGAB\N12,TGAB,20120726
TGABQ2012,REDB Q2012-TGE,F:OTGAB\Q12,TGAB,20120828
TGABU2012,REDB U2012-TGE,F:OTGAB\U12,TGAB,20120925
TGABV2012,REDB V2012-TGE,F:OTGAB\V12,TGAB,20121026
TGABX2012,REDB X2012-TGE,F:OTGAB\X12,TGAB,20121127
TGABZ2012,REDB Z2012-TGE,F:OTGAB\Z12,TGAB,20121219
TGABF2013,REDB F2013-TGE,F:OTGAB\F13,TGAB,20130128
TGABG2013,REDB G2013-TGE,F:OTGAB\G13,TGAB,20130225
TGABH2013,REDB H2013-TGE,F:OTGAB\H13,TGAB,20130326
TGABJ2013,REDB J2013-TGE,F:OTGAB\J13,TGAB,20130425
TGABK2013,REDB K2013-TGE,F:OTGAB\K13,TGAB,20130528
TGABM2013,REDB M2013-TGE,F:OTGAB\M13,TGAB,20130625
TGABN2013,REDB N2013-TGE,F:OTGAB\N13,TGAB,20130726
TGABQ2013,REDB Q2013-TGE,F:OTGAB\Q13,TGAB,20130827
TGABU2013,REDB U2013-TGE,F:OTGAB\U13,TGAB,20130925
TGABV2013,REDB V2013-TGE,F:OTGAB\V13,TGAB,20131028
TGABX2013,REDB X2013-TGE,F:OTGAB\X13,TGAB,20131126
TGABZ2013,REDB Z2013-TGE,F:OTGAB\Z13,TGAB,20131218
TGABF2014,REDB F2014-TGE,F:OTGAB\F14,TGAB,20140128
TGABG2014,REDB G2014-TGE,F:OTGAB\G14,TGAB,20140225
TGABH2014,REDB H2014-TGE,F:OTGAB\H14,TGAB,20140326
TGABJ2014,REDB J2014-TGE,F:OTGAB\J14,TGAB,20140425
TGABK2014,REDB K2014-TGE,F:OTGAB\K14,TGAB,20140527
TGABM2014,REDB M2014-TGE,F:OTGAB\M14,TGAB,20140625
TGABN2014,REDB N2014-TGE,F:OTGAB\N14,TGAB,20140728
TGABQ2014,REDB Q2014-TGE,F:OTGAB\Q14,TGAB,20140826
TGABU2014,REDB U2014-TGE,F:OTGAB\U14,TGAB,20140925
TGABV2014,REDB V2014-TGE,F:OTGAB\V14,TGAB,20141028
TGABX2014,REDB X2014-TGE,F:OTGAB\X14,TGAB,20141125
TGABZ2014,REDB Z2014-TGE,F:OTGAB\Z14,TGAB,20141219
TGABF2015,REDB F2015-TGE,F:OTGAB\F15,TGAB,20150127
TGABG2015,REDB G2015-TGE,F:OTGAB\G15,TGAB,20150224
TGABH2015,REDB H2015-TGE,F:OTGAB\H15,TGAB,20150326
TGABJ2015,REDB J2015-TGE,F:OTGAB\J15,TGAB,20150427
TGABK2015,REDB K2015-TGE,F:OTGAB\K15,TGAB,20150526
TGABM2015,REDB M2015-TGE,F:OTGAB\M15,TGAB,20150625
TGABN2015,REDB N2015-TGE,F:OTGAB\N15,TGAB,20150728
TGABQ2015,REDB Q2015-TGE,F:OTGAB\Q15,TGAB,20150826
TGABU2015,REDB U2015-TGE,F:OTGAB\U15,TGAB,20150925
TGABV2015,REDB V2015-TGE,F:OTGAB\V15,TGAB,20151027
TGABX2015,REDB X2015-TGE,F:OTGAB\X15,TGAB,20151125
TGABZ2015,REDB Z2015-TGE,F:OTGAB\Z15,TGAB,20151221
TGABF2016,REDB F2016-TGE,F:OTGAB\F16,TGAB,20160126
TGABG2016,REDB G2016-TGE,F:OTGAB\G16,TGAB,20160224
TGABH2016,REDB H2016-TGE,F:OTGAB\H16,TGAB,20160328
TGABJ2016,REDB J2016-TGE,F:OTGAB\J16,TGAB,20160425
TGABK2016,REDB K2016-TGE,F:OTGAB\K16,TGAB,20160526
TGABM2016,REDB M2016-TGE,F:OTGAB\M16,TGAB,20160627
TGABN2016,REDB N2016-TGE,F:OTGAB\N16,TGAB,20160726
TGABQ2016,REDB Q2016-TGE,F:OTGAB\Q16,TGAB,20160826
TGABU2016,REDB U2016-TGE,F:OTGAB\U16,TGAB,20160927
TGABV2016,REDB V2016-TGE,F:OTGAB\V16,TGAB,20161026
TGABX2016,REDB X2016-TGE,F:OTGAB\X16,TGAB,20161125
TGABZ2016,REDB Z2016-TGE,F:OTGAB\Z16,TGAB,20161220
TGABF2017,REDB F2017-TGE,F:OTGAB\F17,TGAB,20170126
TGABG2017,REDB G2017-TGE,F:OTGAB\G17,TGAB,20170223
TGABH2017,REDB H2017-TGE,F:OTGAB\H17,TGAB,20170328
TGABJ2017,REDB J2017-TGE,F:OTGAB\J17,TGAB,20170425
TGABK2017,REDB K2017-TGE,F:OTGAB\K17,TGAB,20170526
TGABM2017,REDB M2017-TGE,F:OTGAB\M17,TGAB,20170627
TGABN2017,REDB N2017-TGE,F:OTGAB\N17,TGAB,20170726
TGABQ2017,REDB Q2017-TGE,F:OTGAB\Q17,TGAB,20170828
TGABU2017,REDB U2017-TGE,F:OTGAB\U17,TGAB,20170926
TGABV2017,REDB V2017-TGE,F:OTGAB\V17,TGAB,20171026
TGABX2017,REDB X2017-TGE,F:OTGAB\X17,TGAB,20171127
TGABZ2017,REDB Z2017-TGE,F:OTGAB\Z17,TGAB,20171220
TGABF2018,REDB F2018-TGE,F:OTGAB\F18,TGAB,20180126
TGABG2018,REDB G2018-TGE,F:OTGAB\G18,TGAB,20180223
TGABH2018,REDB H2018-TGE,F:OTGAB\H18,TGAB,20180327
TGABJ2018,REDB J2018-TGE,F:OTGAB\J18,TGAB,20180424
TGABK2018,REDB K2018-TGE,F:OTGAB\K18,TGAB,20180528
TGABM2018,REDB M2018-TGE,F:OTGAB\M18,TGAB,20180626
TGABN2018,REDB N2018-TGE,F:OTGAB\N18,TGAB,20180726
TGABQ2018,REDB Q2018-TGE,F:OTGAB\Q18,TGAB,20180828
TGABU2018,REDB U2018-TGE,F:OTGAB\U18,TGAB,20180925
TGABV2018,REDB V2018-TGE,F:OTGAB\V18,TGAB,20181026
TGABX2018,REDB X2018-TGE,F:OTGAB\X18,TGAB,20181127
TGABZ2018,REDB Z2018-TGE,F:OTGAB\Z18,TGAB,20181219
TGABF2019,REDB F2019-TGE,F:OTGAB\F19,TGAB,20190128
TGABG2019,REDB G2019-TGE,F:OTGAB\G19,TGAB,20190225
TGABH2019,REDB H2019-TGE,F:OTGAB\H19,TGAB,20190326
TGABJ2019,REDB J2019-TGE,F:OTGAB\J19,TGAB,20190424
TGABK2019,REDB K2019-TGE,F:OTGAB\K19,TGAB,20190528
TGABM2019,REDB M2019-TGE,F:OTGAB\M19,TGAB,20190625
TGABN2019,REDB N2019-TGE,F:OTGAB\N19,TGAB,20190726
TGABQ2019,REDB Q2019-TGE,F:OTGAB\Q19,TGAB,20190827
TGABU2019,REDB U2019-TGE,F:OTGAB\U19,TGAB,20190925
TGABV2019,REDB V2019-TGE,F:OTGAB\V19,TGAB,20191028
TGABX2019,REDB X2019-TGE,F:OTGAB\X19,TGAB,20191126
TGABZ2019,REDB Z2019-TGE,F:OTGAB\Z19,TGAB,20191224
TGABF2020,REDB F2020-TGE,F:OTGAB\F20,TGAB,20200130
TGABG2020,REDB G2020-TGE,F:OTGAB\G20,TGAB,20200228
TGABH2020,REDB H2020-TGE,F:OTGAB\H20,TGAB,20200330
TGABJ2020,REDB J2020-TGE,F:OTGAB\J20,TGAB,20200429
TGABK2020,REDB K2020-TGE,F:OTGAB\K20,TGAB,20200528
TGABM2020,REDB M2020-TGE,F:OTGAB\M20,TGAB,20200630
TGABN2020,REDB N2020-TGE,F:OTGAB\N20,TGAB,20200731
TGABQ2020,REDB Q2020-TGE,F:OTGAB\Q20,TGAB,20200831
TGABU2020,REDB U2020-TGE,F:OTGAB\U20,TGAB,20200925
TGABV2020,REDB V2020-TGE,F:OTGAB\V20,TGAB,20201027
TGABX2020,REDB X2020-TGE,F:OTGAB\X20,TGAB,20201125
TGABZ2020,REDB Z2020-TGE,F:OTGAB\Z20,TGAB,20201222
TGABF2021,REDB F2021-TGE,F:OTGAB\F21,TGAB,20210126
TGABG2021,REDB G2021-TGE,F:OTGAB\G21,TGAB,20210222
TGABH2021,REDB H2021-TGE,F:OTGAB\H21,TGAB,20210326
TGABJ2021,REDB J2021-TGE,F:OTGAB\J21,TGAB,20210426
TGABK2021,REDB K2021-TGE,F:OTGAB\K21,TGAB,20210526
TGABM2021,REDB M2021-TGE,F:OTGAB\M21,TGAB,20210625
TGABN2021,REDB N2021-TGE,F:OTGAB\N21,TGAB,20210727
TGABQ2021,REDB Q2021-TGE,F:OTGAB\Q21,TGAB,20210826
TGABU2021,REDB U2021-TGE,F:OTGAB\U21,TGAB,20210927
TGABV2021,REDB V2021-TGE,F:OTGAB\V21,TGAB,20211026
TGABX2021,REDB X2021-TGE,F:OTGAB\X21,TGAB,20211125
TGABZ2021,REDB Z2021-TGE,F:OTGAB\Z21,TGAB,20211222
TGABF2022,REDB F2022-TGE,F:OTGAB\F22,TGAB,20220126
TGABG2022,REDB G2022-TGE,F:OTGAB\G22,TGAB,20220222
TGABH2022,REDB H2022-TGE,F:OTGAB\H22,TGAB,20220328
TGABJ2022,REDB J2022-TGE,F:OTGAB\J22,TGAB,20220425
TGABK2022,REDB K2022-TGE,F:OTGAB\K22,TGAB,20220526
TGABM2022,REDB M2022-TGE,F:OTGAB\M22,TGAB,20220627
TGABN2022,REDB N2022-TGE,F:OTGAB\N22,TGAB,20220726
TGABQ2022,REDB Q2022-TGE,F:REDB\Q22,TGAB,20220826
TGABU2022,REDB U2022-TGE,F:REDB\U22,TGAB,20220927
TGABV2022,REDB V2022-TGE,F:REDB\V22,TGAB,20221026
TGABX2022,REDB X2022-TGE,F:REDB\X22,TGAB,20221125
TGCNN1998,CORN N1998-TGE,F:OTGCN\N98,TGCN,19980615
TGCNU1998,CORN U1998-TGE,F:OTGCN\U98,TGCN,19980814
TGCNX1998,CORN X1998-TGE,F:OTGCN\X98,TGCN,19981015
TGCNF1999,CORN F1999-TGE,F:OTGCN\F99,TGCN,19981215
TGCNH1999,CORN H1999-TGE,F:OTGCN\H99,TGCN,19990210
TGCNK1999,CORN K1999-TGE,F:OTGCN\K99,TGCN,19990415
TGCNN1999,CORN N1999-TGE,F:OTGCN\N99,TGCN,19990615
TGCNU1999,CORN U1999-TGE,F:OTGCN\U99,TGCN,19990813
TGCNX1999,CORN X1999-TGE,F:OTGCN\X99,TGCN,19991015
TGCNF2000,CORN F2000-TGE,F:OTGCN\F00,TGCN,19991215
TGCNH2000,CORN H2000-TGE,F:OTGCN\H00,TGCN,20000215
TGCNK2000,CORN K2000-TGE,F:OTGCN\K00,TGCN,20000414
TGCNN2000,CORN N2000-TGE,F:OTGCN\N00,TGCN,20000615
TGCNU2000,CORN U2000-TGE,F:OTGCN\U00,TGCN,20000815
TGCNX2000,CORN X2000-TGE,F:OTGCN\X00,TGCN,20001013
TGCNF2001,CORN F2001-TGE,F:OTGCN\F01,TGCN,20001215
TGCNH2001,CORN H2001-TGE,F:OTGCN\H01,TGCN,20010215
TGCNK2001,CORN K2001-TGE,F:OTGCN\K01,TGCN,20010413
TGCNN2001,CORN N2001-TGE,F:OTGCN\N01,TGCN,20010615
TGCNU2001,CORN U2001-TGE,F:OTGCN\U01,TGCN,20010815
TGCNX2001,CORN X2001-TGE,F:OTGCN\X01,TGCN,20011015
TGCNF2002,CORN F2002-TGE,F:OTGCN\F02,TGCN,20011214
TGCNH2002,CORN H2002-TGE,F:OTGCN\H02,TGCN,20020214
TGCNK2002,CORN K2002-TGE,F:OTGCN\K02,TGCN,20020415
TGCNN2002,CORN N2002-TGE,F:OTGCN\N02,TGCN,20020614
TGCNU2002,CORN U2002-TGE,F:OTGCN\U02,TGCN,20020815
TGCNX2002,CORN X2002-TGE,F:OTGCN\X02,TGCN,20021015
TGCNF2003,CORN F2003-TGE,F:OTGCN\F03,TGCN,20021213
TGCNH2003,CORN H2003-TGE,F:OTGCN\H03,TGCN,20030214
TGCNK2003,CORN K2003-TGE,F:OTGCN\K03,TGCN,20030415
TGCNN2003,CORN N2003-TGE,F:OTGCN\N03,TGCN,20030613
TGCNU2003,CORN U2003-TGE,F:OTGCN\U03,TGCN,20030815
TGCNX2003,CORN X2003-TGE,F:OTGCN\X03,TGCN,20031015
TGCNF2004,CORN F2004-TGE,F:OTGCN\F04,TGCN,20031215
TGCNH2004,CORN H2004-TGE,F:OTGCN\H04,TGCN,20040213
TGCNK2004,CORN K2004-TGE,F:OTGCN\K04,TGCN,20040415
TGCNN2004,CORN N2004-TGE,F:OTGCN\N04,TGCN,20040615
TGCNU2004,CORN U2004-TGE,F:OTGCN\U04,TGCN,20040813
TGCNX2004,CORN X2004-TGE,F:OTGCN\X04,TGCN,20041015
TGCNF2005,CORN F2005-TGE,F:OTGCN\F05,TGCN,20041215
TGCNH2005,CORN H2005-TGE,F:OTGCN\H05,TGCN,20050215
TGCNK2005,CORN K2005-TGE,F:OTGCN\K05,TGCN,20050415
TGCNN2005,CORN N2005-TGE,F:OTGCN\N05,TGCN,20050615
TGCNU2005,CORN U2005-TGE,F:OTGCN\U05,TGCN,20050815
TGCNX2005,CORN X2005-TGE,F:OTGCN\X05,TGCN,20051014
TGCNF2006,CORN F2006-TGE,F:OTGCN\F06,TGCN,20051215
TGCNH2006,CORN H2006-TGE,F:OTGCN\H06,TGCN,20060215
TGCNK2006,CORN K2006-TGE,F:OTGCN\K06,TGCN,20060414
TGCNN2006,CORN N2006-TGE,F:OTGCN\N06,TGCN,20060615
TGCNU2006,CORN U2006-TGE,F:OTGCN\U06,TGCN,20060815
TGCNX2006,CORN X2006-TGE,F:OTGCN\X06,TGCN,20061013
TGCNF2007,CORN F2007-TGE,F:OTGCN\F07,TGCN,20061215
TGCNH2007,CORN H2007-TGE,F:OTGCN\H07,TGCN,20070215
TGCNK2007,CORN K2007-TGE,F:OTGCN\K07,TGCN,20070413
TGCNN2007,CORN N2007-TGE,F:OTGCN\N07,TGCN,20070615
TGCNU2007,CORN U2007-TGE,F:OTGCN\U07,TGCN,20070815
TGCNX2007,CORN X2007-TGE,F:OTGCN\X07,TGCN,20071015
TGCNF2008,CORN F2008-TGE,F:OTGCN\F08,TGCN,20071214
TGCNH2008,CORN H2008-TGE,F:OTGCN\H08,TGCN,20080215
TGCNK2008,CORN K2008-TGE,F:OTGCN\K08,TGCN,20080415
TGCNN2008,CORN N2008-TGE,F:OTGCN\N08,TGCN,20080613
TGCNU2008,CORN U2008-TGE,F:OTGCN\U08,TGCN,20080815
TGCNX2008,CORN X2008-TGE,F:OTGCN\X08,TGCN,20081015
TGCNF2009,CORN F2009-TGE,F:OTGCN\F09,TGCN,20081215
TGCNH2009,CORN H2009-TGE,F:OTGCN\H09,TGCN,20090213
TGCNK2009,CORN K2009-TGE,F:OTGCN\K09,TGCN,20090415
TGCNN2009,CORN N2009-TGE,F:OTGCN\N09,TGCN,20090615
TGCNU2009,CORN U2009-TGE,F:OTGCN\U09,TGCN,20090814
TGCNX2009,CORN X2009-TGE,F:OTGCN\X09,TGCN,20091015
TGCNF2010,CORN F2010-TGE,F:OTGCN\F10,TGCN,20091215
TGCNH2010,CORN H2010-TGE,F:OTGCN\H10,TGCN,20100215
TGCNK2010,CORN K2010-TGE,F:OTGCN\K10,TGCN,20100415
TGCNN2010,CORN N2010-TGE,F:OTGCN\N10,TGCN,20100615
TGCNU2010,CORN U2010-TGE,F:OTGCN\U10,TGCN,20100813
TGCNX2010,CORN X2010-TGE,F:OTGCN\X10,TGCN,20101015
TGCNF2011,CORN F2011-TGE,F:OTGCN\F11,TGCN,20101215
TGCNH2011,CORN H2011-TGE,F:OTGCN\H11,TGCN,20110215
TGCNK2011,CORN K2011-TGE,F:OTGCN\K11,TGCN,20110415
TGCNN2011,CORN N2011-TGE,F:OTGCN\N11,TGCN,20110615
TGCNU2011,CORN U2011-TGE,F:OTGCN\U11,TGCN,20110815
TGCNX2011,CORN X2011-TGE,F:OTGCN\X11,TGCN,20111014
TGCNF2012,CORN F2012-TGE,F:OTGCN\F12,TGCN,20111215
TGCNH2012,CORN H2012-TGE,F:OTGCN\H12,TGCN,20120215
TGCNK2012,CORN K2012-TGE,F:OTGCN\K12,TGCN,20120413
TGCNN2012,CORN N2012-TGE,F:OTGCN\N12,TGCN,20120615
TGCNU2012,CORN U2012-TGE,F:OTGCN\U12,TGCN,20120815
TGCNX2012,CORN X2012-TGE,F:OTGCN\X12,TGCN,20121015
TGCNF2013,CORN F2013-TGE,F:OTGCN\F13,TGCN,20121214
TGCNH2013,CORN H2013-TGE,F:OTGCN\H13,TGCN,20130215
TGCNK2013,CORN K2013-TGE,F:OTGCN\K13,TGCN,20130415
TGCNN2013,CORN N2013-TGE,F:OTGCN\N13,TGCN,20130614
TGCNU2013,CORN U2013-TGE,F:OTGCN\U13,TGCN,20130815
TGCNX2013,CORN X2013-TGE,F:OTGCN\X13,TGCN,20131015
TGCNF2014,CORN F2014-TGE,F:OTGCN\F14,TGCN,20131213
TGCNH2014,CORN H2014-TGE,F:OTGCN\H14,TGCN,20140214
TGCNK2014,CORN K2014-TGE,F:OTGCN\K14,TGCN,20140415
TGCNN2014,CORN N2014-TGE,F:OTGCN\N14,TGCN,20140613
TGCNU2014,CORN U2014-TGE,F:OTGCN\U14,TGCN,20140815
TGCNX2014,CORN X2014-TGE,F:OTGCN\X14,TGCN,20141015
TGCNF2015,CORN F2015-TGE,F:OTGCN\F15,TGCN,20141215
TGCNH2015,CORN H2015-TGE,F:OTGCN\H15,TGCN,20150213
TGCNK2015,CORN K2015-TGE,F:OTGCN\K15,TGCN,20150415
TGCNN2015,CORN N2015-TGE,F:OTGCN\N15,TGCN,20150615
TGCNU2015,CORN U2015-TGE,F:OTGCN\U15,TGCN,20150814
TGCNX2015,CORN X2015-TGE,F:OTGCN\X15,TGCN,20151015
TGCNF2016,CORN F2016-TGE,F:OTGCN\F16,TGCN,20151215
TGCNH2016,CORN H2016-TGE,F:OTGCN\H16,TGCN,20160215
TGCNK2016,CORN K2016-TGE,F:OTGCN\K16,TGCN,20160415
TGCNN2016,CORN N2016-TGE,F:OTGCN\N16,TGCN,20160615
TGCNU2016,CORN U2016-TGE,F:OTGCN\U16,TGCN,20160815
TGCNX2016,CORN X2016-TGE,F:OTGCN\X16,TGCN,20161014
TGCNF2017,CORN F2017-TGE,F:OTGCN\F17,TGCN,20161215
TGCNH2017,CORN H2017-TGE,F:OTGCN\H17,TGCN,20170215
TGCNK2017,CORN K2017-TGE,F:OTGCN\K17,TGCN,20170414
TGCNN2017,CORN N2017-TGE,F:OTGCN\N17,TGCN,20170615
TGCNU2017,CORN U2017-TGE,F:OTGCN\U17,TGCN,20170815
TGCNX2017,CORN X2017-TGE,F:OTGCN\X17,TGCN,20171013
TGCNF2018,CORN F2018-TGE,F:OTGCN\F18,TGCN,20171215
TGCNH2018,CORN H2018-TGE,F:OTGCN\H18,TGCN,20180215
TGCNK2018,CORN K2018-TGE,F:OTGCN\K18,TGCN,20180413
TGCNN2018,CORN N2018-TGE,F:OTGCN\N18,TGCN,20180615
TGCNU2018,CORN U2018-TGE,F:OTGCN\U18,TGCN,20180815
TGCNX2018,CORN X2018-TGE,F:OTGCN\X18,TGCN,20181015
TGCNF2019,CORN F2019-TGE,F:OTGCN\F19,TGCN,20181214
TGCNH2019,CORN H2019-TGE,F:OTGCN\H19,TGCN,20190329
TGCNK2019,CORN K2019-TGE,F:OTGCN\K19,TGCN,20190415
TGCNN2019,CORN N2019-TGE,F:OTGCN\N19,TGCN,20190614
TGCNU2019,CORN U2019-TGE,F:OTGCN\U19,TGCN,20190815
TGCNX2019,CORN X2019-TGE,F:OTGCN\X19,TGCN,20191015
TGCNF2020,CORN F2020-TGE,F:OTGCN\F20,TGCN,20191213
TGCNH2020,CORN H2020-TGE,F:OTGCN\H20,TGCN,20200214
TGCNK2020,CORN K2020-TGE,F:OTGCN\K20,TGCN,20200415
TGCNN2020,CORN N2020-TGE,F:OTGCN\N20,TGCN,20200615
TGCNU2020,CORN U2020-TGE,F:OTGCN\U20,TGCN,20200814
TGCNX2020,CORN X2020-TGE,F:OTGCN\X20,TGCN,20201015
TGCNF2021,CORN F2021-TGE,F:OTGCN\F21,TGCN,20201215
TGCNH2021,CORN H2021-TGE,F:OTGCN\H21,TGCN,20210215
TGCNK2021,CORN K2021-TGE,F:OTGCN\K21,TGCN,20210415
TGCNN2021,CORN N2021-TGE,F:OTGCN\N21,TGCN,20210615
TGCNU2021,CORN U2021-TGE,F:OTGCN\U21,TGCN,20210813
TGCNX2021,CORN X2021-TGE,F:OTGCN\X21,TGCN,20211015
TGCNF2022,CORN F2022-TGE,F:OTGCN\F22,TGCN,20211215
TGCNH2022,CORN H2022-TGE,F:OTGCN\H22,TGCN,20220215
TGCNK2022,CORN K2022-TGE,F:OTGCN\K22,TGCN,20220415
TGCNN2022,CORN N2022-TGE,F:OTGCN\N22,TGCN,20220615
TGCNU2022,CORN U2022-TGE,F:OTGCN\U22,TGCN,20220815
TGCNX2022,CORN X2022-TGE,F:OTGCN\X22,TGCN,20221014
TGCNF2023,CORN F2023-TGE,F:OTGCN\F23,TGCN,20221215
TGCNH2023,CORN H2023-TGE,F:CORN\H23,TGCN,20230215
TGCNK2023,CORN K2023-TGE,F:CORN\K23,TGCN,20230414
TGCNN2023,CORN N2023-TGE,F:CORN\N23,TGCN,20230615
TGSBM1998,SOYB M1998-TGE,F:OTGSB\M98,TGSB,19980625
TGSBQ1998,SOYB Q1998-TGE,F:OTGSB\Q98,TGSB,19980826
TGSBV1998,SOYB V1998-TGE,F:OTGSB\V98,TGSB,19981027
TGSBZ1998,SOYB Z1998-TGE,F:OTGSB\Z98,TGSB,19981221
TGSBG1999,SOYB G1999-TGE,F:OTGSB\G99,TGSB,19990223
TGSBJ1999,SOYB J1999-TGE,F:OTGSB\J99,TGSB,19990426
TGSBM1999,SOYB M1999-TGE,F:OTGSB\M99,TGSB,19990625
TGSBQ1999,SOYB Q1999-TGE,F:OTGSB\Q99,TGSB,19990826
TGSBV1999,SOYB V1999-TGE,F:OTGSB\V99,TGSB,19991026
TGSBZ1999,SOYB Z1999-TGE,F:OTGSB\Z99,TGSB,19991221
TGSBG2000,SOYB G2000-TGE,F:OTGSB\G00,TGSB,20000224
TGSBJ2000,SOYB J2000-TGE,F:OTGSB\J00,TGSB,20000425
TGSBM2000,SOYB M2000-TGE,F:OTGSB\M00,TGSB,20000627
TGSBQ2000,SOYB Q2000-TGE,F:OTGSB\Q00,TGSB,20000828
TGSBV2000,SOYB V2000-TGE,F:OTGSB\V00,TGSB,20001026
TGSBZ2000,SOYB Z2000-TGE,F:OTGSB\Z00,TGSB,20001220
TGSBG2001,SOYB G2001-TGE,F:OTGSB\G01,TGSB,20010223
TGSBJ2001,SOYB J2001-TGE,F:OTGSB\J01,TGSB,20010424
TGSBM2001,SOYB M2001-TGE,F:OTGSB\M01,TGSB,20010626
TGSBQ2001,SOYB Q2001-TGE,F:OTGSB\Q01,TGSB,20010828
TGSBV2001,SOYB V2001-TGE,F:OTGSB\V01,TGSB,20011026
TGSBZ2001,SOYB Z2001-TGE,F:OTGSB\Z01,TGSB,20011219
TGSBG2002,SOYB G2002-TGE,F:OTGSB\G02,TGSB,20020225
TGSBJ2002,SOYB J2002-TGE,F:OTGSB\J02,TGSB,20020424
TGSBM2002,SOYB M2002-TGE,F:OTGSB\M02,TGSB,20020625
TGSBQ2002,SOYB Q2002-TGE,F:OTGSB\Q02,TGSB,20020827
TGSBV2002,SOYB V2002-TGE,F:OTGSB\V02,TGSB,20021028
TGSBZ2002,SOYB Z2002-TGE,F:OTGSB\Z02,TGSB,20021219
TGSBG2003,SOYB G2003-TGE,F:OTGSB\G03,TGSB,20030225
TGSBJ2003,SOYB J2003-TGE,F:OTGSB\J03,TGSB,20030423
TGSBM2003,SOYB M2003-TGE,F:OTGSB\M03,TGSB,20030623
TGSBQ2003,SOYB Q2003-TGE,F:OTGSB\Q03,TGSB,20030826
TGSBV2003,SOYB V2003-TGE,F:OTGSB\V03,TGSB,20031015
TGSBZ2003,SOYB Z2003-TGE,F:OTGSB\Z03,TGSB,20031215
TGSBG2004,SOYB G2004-TGE,F:OTGSB\G04,TGSB,20040213
TGSBJ2004,SOYB J2004-TGE,F:OTGSB\J04,TGSB,20040415
TGSBM2004,SOYB M2004-TGE,F:OTGSB\M04,TGSB,20040615
TGSBQ2004,SOYB Q2004-TGE,F:OTGSB\Q04,TGSB,20040813
TGSBV2004,SOYB V2004-TGE,F:OTGSB\V04,TGSB,20041015
TGSBZ2004,SOYB Z2004-TGE,F:OTGSB\Z04,TGSB,20041215
TGSBG2005,SOYB G2005-TGE,F:OTGSB\G05,TGSB,20050215
TGSBJ2005,SOYB J2005-TGE,F:OTGSB\J05,TGSB,20050415
TGSBM2005,SOYB M2005-TGE,F:OTGSB\M05,TGSB,20050615
TGSBQ2005,SOYB Q2005-TGE,F:OTGSB\Q05,TGSB,20050815
TGSBV2005,SOYB V2005-TGE,F:OTGSB\V05,TGSB,20051014
TGSBZ2005,SOYB Z2005-TGE,F:OTGSB\Z05,TGSB,20051215
TGSBG2006,SOYB G2006-TGE,F:OTGSB\G06,TGSB,20060215
TGSBJ2006,SOYB J2006-TGE,F:OTGSB\J06,TGSB,20060414
TGSBM2006,SOYB M2006-TGE,F:OTGSB\M06,TGSB,20060615
TGSBQ2006,SOYB Q2006-TGE,F:OTGSB\Q06,TGSB,20060815
TGSBV2006,SOYB V2006-TGE,F:OTGSB\V06,TGSB,20061013
TGSBZ2006,SOYB Z2006-TGE,F:OTGSB\Z06,TGSB,20061215
TGSBG2007,SOYB G2007-TGE,F:OTGSB\G07,TGSB,20070215
TGSBJ2007,SOYB J2007-TGE,F:OTGSB\J07,TGSB,20070413
TGSBM2007,SOYB M2007-TGE,F:OTGSB\M07,TGSB,20070615
TGSBQ2007,SOYB Q2007-TGE,F:OTGSB\Q07,TGSB,20070815
TGSBV2007,SOYB V2007-TGE,F:OTGSB\V07,TGSB,20071015
TGSBZ2007,SOYB Z2007-TGE,F:OTGSB\Z07,TGSB,20071214
TGSBG2008,SOYB G2008-TGE,F:OTGSB\G08,TGSB,20080215
TGSBJ2008,SOYB J2008-TGE,F:OTGSB\J08,TGSB,20080415
TGSBM2008,SOYB M2008-TGE,F:OTGSB\M08,TGSB,20080613
TGSBQ2008,SOYB Q2008-TGE,F:OTGSB\Q08,TGSB,20080815
TGSBV2008,SOYB V2008-TGE,F:OTGSB\V08,TGSB,20081015
TGSBZ2008,SOYB Z2008-TGE,F:OTGSB\Z08,TGSB,20081215
TGSBG2009,SOYB G2009-TGE,F:OTGSB\G09,TGSB,20090213
TGSBJ2009,SOYB J2009-TGE,F:OTGSB\J09,TGSB,20090415
TGSBM2009,SOYB M2009-TGE,F:OTGSB\M09,TGSB,20090615
TGSBQ2009,SOYB Q2009-TGE,F:OTGSB\Q09,TGSB,20090814
TGSBV2009,SOYB V2009-TGE,F:OTGSB\V09,TGSB,20091015
TGSBZ2009,SOYB Z2009-TGE,F:OTGSB\Z09,TGSB,20091215
TGSBG2010,SOYB G2010-TGE,F:OTGSB\G10,TGSB,20100215
TGSBJ2010,SOYB J2010-TGE,F:OTGSB\J10,TGSB,20100415
TGSBM2010,SOYB M2010-TGE,F:OTGSB\M10,TGSB,20100615
TGSBQ2010,SOYB Q2010-TGE,F:OTGSB\Q10,TGSB,20100813
TGSBV2010,SOYB V2010-TGE,F:OTGSB\V10,TGSB,20101015
TGSBZ2010,SOYB Z2010-TGE,F:OTGSB\Z10,TGSB,20101215
TGSBG2011,SOYB G2011-TGE,F:OTGSB\G11,TGSB,20110215
TGSBJ2011,SOYB J2011-TGE,F:OTGSB\J11,TGSB,20110415
TGSBM2011,SOYB M2011-TGE,F:OTGSB\M11,TGSB,20110615
TGSBQ2011,SOYB Q2011-TGE,F:OTGSB\Q11,TGSB,20110815
TGSBV2011,SOYB V2011-TGE,F:OTGSB\V11,TGSB,20111014
TGSBZ2011,SOYB Z2011-TGE,F:OTGSB\Z11,TGSB,20111215
TGSBG2012,SOYB G2012-TGE,F:OTGSB\G12,TGSB,20120215
TGSBJ2012,SOYB J2012-TGE,F:OTGSB\J12,TGSB,20120413
TGSBM2012,SOYB M2012-TGE,F:OTGSB\M12,TGSB,20120615
TGSBQ2012,SOYB Q2012-TGE,F:OTGSB\Q12,TGSB,20120815
TGSBV2012,SOYB V2012-TGE,F:OTGSB\V12,TGSB,20121015
TGSBZ2012,SOYB Z2012-TGE,F:OTGSB\Z12,TGSB,20121214
TGSBG2013,SOYB G2013-TGE,F:OTGSB\G13,TGSB,20130215
TGSBJ2013,SOYB J2013-TGE,F:OTGSB\J13,TGSB,20130415
TGSBM2013,SOYB M2013-TGE,F:OTGSB\M13,TGSB,20130614
TGSBQ2013,SOYB Q2013-TGE,F:OTGSB\Q13,TGSB,20130815
TGSBV2013,SOYB V2013-TGE,F:OTGSB\V13,TGSB,20131015
TGSBZ2013,SOYB Z2013-TGE,F:OTGSB\Z13,TGSB,20131213
TGSBG2014,SOYB G2014-TGE,F:OTGSB\G14,TGSB,20140214
TGSBJ2014,SOYB J2014-TGE,F:OTGSB\J14,TGSB,20140415
TGSBM2014,SOYB M2014-TGE,F:OTGSB\M14,TGSB,20140613
TGSBQ2014,SOYB Q2014-TGE,F:OTGSB\Q14,TGSB,20140815
TGSBV2014,SOYB V2014-TGE,F:OTGSB\V14,TGSB,20141015
TGSBZ2014,SOYB Z2014-TGE,F:OTGSB\Z14,TGSB,20141215
TGSBG2015,SOYB G2015-TGE,F:OTGSB\G15,TGSB,20150213
TGSBJ2015,SOYB J2015-TGE,F:OTGSB\J15,TGSB,20150415
TGSBM2015,SOYB M2015-TGE,F:OTGSB\M15,TGSB,20150615
TGSBQ2015,SOYB Q2015-TGE,F:OTGSB\Q15,TGSB,20150814
TGSBV2015,SOYB V2015-TGE,F:OTGSB\V15,TGSB,20151015
TGSBZ2015,SOYB Z2015-TGE,F:OTGSB\Z15,TGSB,20151215
TGSBG2016,SOYB G2016-TGE,F:OTGSB\G16,TGSB,20160215
TGSBJ2016,SOYB J2016-TGE,F:OTGSB\J16,TGSB,20160415
TGSBM2016,SOYB M2016-TGE,F:OTGSB\M16,TGSB,20160615
TGSBQ2016,SOYB Q2016-TGE,F:OTGSB\Q16,TGSB,20160815
TGSBV2016,SOYB V2016-TGE,F:OTGSB\V16,TGSB,20161014
TGSBZ2016,SOYB Z2016-TGE,F:OTGSB\Z16,TGSB,20161215
TGSBG2017,SOYB G2017-TGE,F:OTGSB\G17,TGSB,20170215
TGSBJ2017,SOYB J2017-TGE,F:OTGSB\J17,TGSB,20170414
TGSBM2017,SOYB M2017-TGE,F:OTGSB\M17,TGSB,20170615
TGSBQ2017,SOYB Q2017-TGE,F:OTGSB\Q17,TGSB,20170815
TGSBV2017,SOYB V2017-TGE,F:OTGSB\V17,TGSB,20171013
TGSBZ2017,SOYB Z2017-TGE,F:OTGSB\Z17,TGSB,20171215
TGSBG2018,SOYB G2018-TGE,F:OTGSB\G18,TGSB,20180215
TGSBJ2018,SOYB J2018-TGE,F:OTGSB\J18,TGSB,20180413
TGSBM2018,SOYB M2018-TGE,F:OTGSB\M18,TGSB,20180615
TGSBQ2018,SOYB Q2018-TGE,F:OTGSB\Q18,TGSB,20180815
TGSBV2018,SOYB V2018-TGE,F:OTGSB\V18,TGSB,20181015
TGSBZ2018,SOYB Z2018-TGE,F:OTGSB\Z18,TGSB,20181214
TGSBG2019,SOYB G2019-TGE,F:OTGSB\G19,TGSB,20190228
TGSBJ2019,SOYB J2019-TGE,F:OTGSB\J19,TGSB,20190415
TGSBM2019,SOYB M2019-TGE,F:OTGSB\M19,TGSB,20190614
TGSBQ2019,SOYB Q2019-TGE,F:OTGSB\Q19,TGSB,20190815
TGSBV2019,SOYB V2019-TGE,F:OTGSB\V19,TGSB,20191015
TGSBZ2019,SOYB Z2019-TGE,F:OTGSB\Z19,TGSB,20191213
TGSBG2020,SOYB G2020-TGE,F:OTGSB\G20,TGSB,20200214
TGSBJ2020,SOYB J2020-TGE,F:OTGSB\J20,TGSB,20200415
TGSBM2020,SOYB M2020-TGE,F:OTGSB\M20,TGSB,20200615
TGSBQ2020,SOYB Q2020-TGE,F:OTGSB\Q20,TGSB,20200814
TGSBV2020,SOYB V2020-TGE,F:OTGSB\V20,TGSB,20201015
TGSBZ2020,SOYB Z2020-TGE,F:OTGSB\Z20,TGSB,20201215
TGSBG2021,SOYB G2021-TGE,F:OTGSB\G21,TGSB,20210215
TGSBJ2021,SOYB J2021-TGE,F:OTGSB\J21,TGSB,20210415
TGSBM2021,SOYB M2021-TGE,F:OTGSB\M21,TGSB,20210615
TGSBQ2021,SOYB Q2021-TGE,F:OTGSB\Q21,TGSB,20210813
TGSBV2021,SOYB V2021-TGE,F:OTGSB\V21,TGSB,20211015
TGSBZ2021,SOYB Z2021-TGE,F:OTGSB\Z21,TGSB,20211215
TGSBG2022,SOYB G2022-TGE,F:OTGSB\G22,TGSB,20220215
TGSBJ2022,SOYB J2022-TGE,F:OTGSB\J22,TGSB,20220415
TGSBM2022,SOYB M2022-TGE,F:OTGSB\M22,TGSB,20220615
TGSBQ2022,SOYB Q2022-TGE,F:OTGSB\Q22,TGSB,20220815
TGSBV2022,SOYB V2022-TGE,F:OTGSB\V22,TGSB,20221014
TGSBZ2022,SOYB Z2022-TGE,F:OTGSB\Z22,TGSB,20221215
TGSBG2023,SOYB G2023-TGE,F:SOYB\G23,TGSB,20230215
TGSBJ2023,SOYB J2023-TGE,F:SOYB\J23,TGSB,20230414
TGSBM2023,SOYB M2023-TGE,F:SOYB\M23,TGSB,20230615
